/*
Navicat MySQL Data Transfer

Source Server         : 127.0.0.1
Source Server Version : 50713
Source Host           : 127.0.0.1:3306
Source Database       : one

Target Server Type    : MYSQL
Target Server Version : 50713
File Encoding         : 65001

Date: 2017-11-02 10:18:59
*/

SET FOREIGN_KEY_CHECKS=0;

-- ----------------------------
-- Table structure for act_evt_log
-- ----------------------------
DROP TABLE IF EXISTS `act_evt_log`;
CREATE TABLE `act_evt_log` (
  `LOG_NR_` bigint(20) NOT NULL AUTO_INCREMENT,
  `TYPE_` varchar(64) COLLATE utf8_bin DEFAULT NULL,
  `PROC_DEF_ID_` varchar(64) COLLATE utf8_bin DEFAULT NULL,
  `PROC_INST_ID_` varchar(64) COLLATE utf8_bin DEFAULT NULL,
  `EXECUTION_ID_` varchar(64) COLLATE utf8_bin DEFAULT NULL,
  `TASK_ID_` varchar(64) COLLATE utf8_bin DEFAULT NULL,
  `TIME_STAMP_` timestamp(3) NOT NULL DEFAULT CURRENT_TIMESTAMP(3) ON UPDATE CURRENT_TIMESTAMP(3),
  `USER_ID_` varchar(255) COLLATE utf8_bin DEFAULT NULL,
  `DATA_` longblob,
  `LOCK_OWNER_` varchar(255) COLLATE utf8_bin DEFAULT NULL,
  `LOCK_TIME_` timestamp(3) NULL DEFAULT NULL,
  `IS_PROCESSED_` tinyint(4) DEFAULT '0',
  PRIMARY KEY (`LOG_NR_`)
) ENGINE=InnoDB DEFAULT CHARSET=utf8 COLLATE=utf8_bin;

-- ----------------------------
-- Records of act_evt_log
-- ----------------------------

-- ----------------------------
-- Table structure for act_ge_bytearray
-- ----------------------------
DROP TABLE IF EXISTS `act_ge_bytearray`;
CREATE TABLE `act_ge_bytearray` (
  `ID_` varchar(64) COLLATE utf8_bin NOT NULL,
  `REV_` int(11) DEFAULT NULL,
  `NAME_` varchar(255) COLLATE utf8_bin DEFAULT NULL,
  `DEPLOYMENT_ID_` varchar(64) COLLATE utf8_bin DEFAULT NULL,
  `BYTES_` longblob,
  `GENERATED_` tinyint(4) DEFAULT NULL,
  PRIMARY KEY (`ID_`),
  KEY `ACT_FK_BYTEARR_DEPL` (`DEPLOYMENT_ID_`),
  CONSTRAINT `ACT_FK_BYTEARR_DEPL` FOREIGN KEY (`DEPLOYMENT_ID_`) REFERENCES `act_re_deployment` (`ID_`)
) ENGINE=InnoDB DEFAULT CHARSET=utf8 COLLATE=utf8_bin;

-- ----------------------------
-- Records of act_ge_bytearray
-- ----------------------------
INSERT INTO `act_ge_bytearray` VALUES ('2', '1', 'E:\\WorkSpace\\OneWorkSpace\\one\\one-workflow\\target\\classes\\processes\\leave.bpmn', '1', 0x3C3F786D6C2076657273696F6E3D22312E302220656E636F64696E673D225554462D38223F3E0A3C646566696E6974696F6E7320786D6C6E733D22687474703A2F2F7777772E6F6D672E6F72672F737065632F42504D4E2F32303130303532342F4D4F44454C2220786D6C6E733A7873693D22687474703A2F2F7777772E77332E6F72672F323030312F584D4C536368656D612D696E7374616E63652220786D6C6E733A61637469766974693D22687474703A2F2F61637469766974692E6F72672F62706D6E2220786D6C6E733A62706D6E64693D22687474703A2F2F7777772E6F6D672E6F72672F737065632F42504D4E2F32303130303532342F44492220786D6C6E733A6F6D6764633D22687474703A2F2F7777772E6F6D672E6F72672F737065632F44442F32303130303532342F44432220786D6C6E733A6F6D6764693D22687474703A2F2F7777772E6F6D672E6F72672F737065632F44442F32303130303532342F44492220747970654C616E67756167653D22687474703A2F2F7777772E77332E6F72672F323030312F584D4C536368656D61222065787072657373696F6E4C616E67756167653D22687474703A2F2F7777772E77332E6F72672F313939392F585061746822207461726765744E616D6573706163653D22636F6D2E7468696E6B67656D2E6A6565736974652E6D6F64756C65732E6F612E6C65617665223E0A20203C70726F636573732069643D226C6561766522206E616D653D22E8AFB7E58187E6B581E7A88B2220697345786563757461626C653D2274727565223E0A202020203C646F63756D656E746174696F6E3EE8AFB7E58187E6B581E7A88BE6BC94E7A4BA3C2F646F63756D656E746174696F6E3E0A202020203C73746172744576656E742069643D2273746172746576656E743122206E616D653D225374617274222061637469766974693A696E69746961746F723D226170706C79557365724964223E3C2F73746172744576656E743E0A202020203C757365725461736B2069643D22646570744C6561646572417564697422206E616D653D22E983A8E997A8E9A286E5AFBCE5AEA1E689B9222061637469766974693A63616E64696461746547726F7570733D226F613A6C656176653A646570744C65616465724175646974223E3C2F757365725461736B3E0A202020203C6578636C7573697665476174657761792069643D226578636C7573697665676174657761793522206E616D653D224578636C75736976652047617465776179223E3C2F6578636C7573697665476174657761793E0A202020203C757365725461736B2069643D226D6F646966794170706C7922206E616D653D22E8B083E695B4E794B3E8AFB7222061637469766974693A61737369676E65653D22247B6170706C795573657249647D223E3C2F757365725461736B3E0A202020203C757365725461736B2069643D226872417564697422206E616D653D22E4BABAE4BA8BE5AEA1E689B9222061637469766974693A63616E64696461746547726F7570733D226F613A6C656176653A68724175646974223E3C2F757365725461736B3E0A202020203C6578636C7573697665476174657761792069643D226578636C7573697665676174657761793622206E616D653D224578636C75736976652047617465776179223E3C2F6578636C7573697665476174657761793E0A202020203C757365725461736B2069643D227265706F72744261636B22206E616D653D22E99480E58187222061637469766974693A61737369676E65653D22247B6170706C795573657249647D223E3C2F757365725461736B3E0A202020203C656E644576656E742069643D22656E646576656E743122206E616D653D22456E64223E3C2F656E644576656E743E0A202020203C6578636C7573697665476174657761792069643D226578636C7573697665676174657761793722206E616D653D224578636C75736976652047617465776179223E3C2F6578636C7573697665476174657761793E0A202020203C73657175656E6365466C6F772069643D22666C6F77322220736F757263655265663D2273746172746576656E743122207461726765745265663D22646570744C65616465724175646974223E3C2F73657175656E6365466C6F773E0A202020203C73657175656E6365466C6F772069643D22666C6F77332220736F757263655265663D22646570744C6561646572417564697422207461726765745265663D226578636C75736976656761746577617935223E3C2F73657175656E6365466C6F773E0A202020203C73657175656E6365466C6F772069643D22666C6F773422206E616D653D22E4B88DE5908CE6848F2220736F757263655265663D226578636C7573697665676174657761793522207461726765745265663D226D6F646966794170706C79223E0A2020202020203C636F6E646974696F6E45787072657373696F6E207873693A747970653D2274466F726D616C45787072657373696F6E223E3C215B43444154415B247B21646570744C6561646572506173737D5D5D3E3C2F636F6E646974696F6E45787072657373696F6E3E0A202020203C2F73657175656E6365466C6F773E0A202020203C73657175656E6365466C6F772069643D22666C6F773522206E616D653D22E5908CE6848F2220736F757263655265663D226578636C7573697665676174657761793522207461726765745265663D2268724175646974223E0A2020202020203C636F6E646974696F6E45787072657373696F6E207873693A747970653D2274466F726D616C45787072657373696F6E223E3C215B43444154415B247B646570744C6561646572506173737D5D5D3E3C2F636F6E646974696F6E45787072657373696F6E3E0A202020203C2F73657175656E6365466C6F773E0A202020203C73657175656E6365466C6F772069643D22666C6F77362220736F757263655265663D226872417564697422207461726765745265663D226578636C75736976656761746577617936223E3C2F73657175656E6365466C6F773E0A202020203C73657175656E6365466C6F772069643D22666C6F773722206E616D653D22E5908CE6848F2220736F757263655265663D226578636C7573697665676174657761793622207461726765745265663D227265706F72744261636B223E0A2020202020203C636F6E646974696F6E45787072657373696F6E207873693A747970653D2274466F726D616C45787072657373696F6E223E3C215B43444154415B247B6872506173737D5D5D3E3C2F636F6E646974696F6E45787072657373696F6E3E0A202020203C2F73657175656E6365466C6F773E0A202020203C73657175656E6365466C6F772069643D22666C6F77382220736F757263655265663D227265706F72744261636B22207461726765745265663D22656E646576656E7431223E3C2F73657175656E6365466C6F773E0A202020203C73657175656E6365466C6F772069643D22666C6F773922206E616D653D22E4B88DE5908CE6848F2220736F757263655265663D226578636C7573697665676174657761793622207461726765745265663D226D6F646966794170706C79223E0A2020202020203C636F6E646974696F6E45787072657373696F6E207873693A747970653D2274466F726D616C45787072657373696F6E223E3C215B43444154415B247B216872506173737D5D5D3E3C2F636F6E646974696F6E45787072657373696F6E3E0A202020203C2F73657175656E6365466C6F773E0A202020203C73657175656E6365466C6F772069643D22666C6F77313022206E616D653D22E9878DE696B0E794B3E8AFB72220736F757263655265663D226578636C7573697665676174657761793722207461726765745265663D22646570744C65616465724175646974223E0A2020202020203C636F6E646974696F6E45787072657373696F6E207873693A747970653D2274466F726D616C45787072657373696F6E223E3C215B43444154415B247B72654170706C797D5D5D3E3C2F636F6E646974696F6E45787072657373696F6E3E0A202020203C2F73657175656E6365466C6F773E0A202020203C73657175656E6365466C6F772069643D22666C6F7731312220736F757263655265663D226D6F646966794170706C7922207461726765745265663D226578636C75736976656761746577617937223E3C2F73657175656E6365466C6F773E0A202020203C73657175656E6365466C6F772069643D22666C6F77313222206E616D653D22E7BB93E69D9FE6B581E7A88B2220736F757263655265663D226578636C7573697665676174657761793722207461726765745265663D22656E646576656E7431223E0A2020202020203C636F6E646974696F6E45787072657373696F6E207873693A747970653D2274466F726D616C45787072657373696F6E223E3C215B43444154415B247B2172654170706C797D5D5D3E3C2F636F6E646974696F6E45787072657373696F6E3E0A202020203C2F73657175656E6365466C6F773E0A20203C2F70726F636573733E0A20203C62706D6E64693A42504D4E4469616772616D2069643D2242504D4E4469616772616D5F6C65617665223E0A202020203C62706D6E64693A42504D4E506C616E652062706D6E456C656D656E743D226C65617665222069643D2242504D4E506C616E655F6C65617665223E0A2020202020203C62706D6E64693A42504D4E53686170652062706D6E456C656D656E743D2273746172746576656E7431222069643D2242504D4E53686170655F73746172746576656E7431223E0A20202020202020203C6F6D6764633A426F756E6473206865696768743D2233352E30222077696474683D2233352E302220783D2231302E302220793D2239302E30223E3C2F6F6D6764633A426F756E64733E0A2020202020203C2F62706D6E64693A42504D4E53686170653E0A2020202020203C62706D6E64693A42504D4E53686170652062706D6E456C656D656E743D22646570744C65616465724175646974222069643D2242504D4E53686170655F646570744C65616465724175646974223E0A20202020202020203C6F6D6764633A426F756E6473206865696768743D2235352E30222077696474683D223130352E302220783D2239302E302220793D2238302E30223E3C2F6F6D6764633A426F756E64733E0A2020202020203C2F62706D6E64693A42504D4E53686170653E0A2020202020203C62706D6E64693A42504D4E53686170652062706D6E456C656D656E743D226578636C75736976656761746577617935222069643D2242504D4E53686170655F6578636C75736976656761746577617935223E0A20202020202020203C6F6D6764633A426F756E6473206865696768743D2234302E30222077696474683D2234302E302220783D223235302E302220793D2238372E30223E3C2F6F6D6764633A426F756E64733E0A2020202020203C2F62706D6E64693A42504D4E53686170653E0A2020202020203C62706D6E64693A42504D4E53686170652062706D6E456C656D656E743D226D6F646966794170706C79222069643D2242504D4E53686170655F6D6F646966794170706C79223E0A20202020202020203C6F6D6764633A426F756E6473206865696768743D2235352E30222077696474683D223130352E302220783D223231382E302220793D223139302E30223E3C2F6F6D6764633A426F756E64733E0A2020202020203C2F62706D6E64693A42504D4E53686170653E0A2020202020203C62706D6E64693A42504D4E53686170652062706D6E456C656D656E743D2268724175646974222069643D2242504D4E53686170655F68724175646974223E0A20202020202020203C6F6D6764633A426F756E6473206865696768743D2235352E30222077696474683D223130352E302220783D223335382E302220793D2238302E30223E3C2F6F6D6764633A426F756E64733E0A2020202020203C2F62706D6E64693A42504D4E53686170653E0A2020202020203C62706D6E64693A42504D4E53686170652062706D6E456C656D656E743D226578636C75736976656761746577617936222069643D2242504D4E53686170655F6578636C75736976656761746577617936223E0A20202020202020203C6F6D6764633A426F756E6473206865696768743D2234302E30222077696474683D2234302E302220783D223439352E302220793D2238372E30223E3C2F6F6D6764633A426F756E64733E0A2020202020203C2F62706D6E64693A42504D4E53686170653E0A2020202020203C62706D6E64693A42504D4E53686170652062706D6E456C656D656E743D227265706F72744261636B222069643D2242504D4E53686170655F7265706F72744261636B223E0A20202020202020203C6F6D6764633A426F756E6473206865696768743D2235352E30222077696474683D223130352E302220783D223539302E302220793D2238302E30223E3C2F6F6D6764633A426F756E64733E0A2020202020203C2F62706D6E64693A42504D4E53686170653E0A2020202020203C62706D6E64693A42504D4E53686170652062706D6E456C656D656E743D22656E646576656E7431222069643D2242504D4E53686170655F656E646576656E7431223E0A20202020202020203C6F6D6764633A426F756E6473206865696768743D2233352E30222077696474683D2233352E302220783D223632352E302220793D223238332E30223E3C2F6F6D6764633A426F756E64733E0A2020202020203C2F62706D6E64693A42504D4E53686170653E0A2020202020203C62706D6E64693A42504D4E53686170652062706D6E456C656D656E743D226578636C75736976656761746577617937222069643D2242504D4E53686170655F6578636C75736976656761746577617937223E0A20202020202020203C6F6D6764633A426F756E6473206865696768743D2234302E30222077696474683D2234302E302220783D223235302E302220793D223238302E30223E3C2F6F6D6764633A426F756E64733E0A2020202020203C2F62706D6E64693A42504D4E53686170653E0A2020202020203C62706D6E64693A42504D4E456467652062706D6E456C656D656E743D22666C6F7732222069643D2242504D4E456467655F666C6F7732223E0A20202020202020203C6F6D6764693A776179706F696E7420783D2234352E302220793D223130372E30223E3C2F6F6D6764693A776179706F696E743E0A20202020202020203C6F6D6764693A776179706F696E7420783D2239302E302220793D223130372E30223E3C2F6F6D6764693A776179706F696E743E0A2020202020203C2F62706D6E64693A42504D4E456467653E0A2020202020203C62706D6E64693A42504D4E456467652062706D6E456C656D656E743D22666C6F7733222069643D2242504D4E456467655F666C6F7733223E0A20202020202020203C6F6D6764693A776179706F696E7420783D223139352E302220793D223130372E30223E3C2F6F6D6764693A776179706F696E743E0A20202020202020203C6F6D6764693A776179706F696E7420783D223235302E302220793D223130372E30223E3C2F6F6D6764693A776179706F696E743E0A2020202020203C2F62706D6E64693A42504D4E456467653E0A2020202020203C62706D6E64693A42504D4E456467652062706D6E456C656D656E743D22666C6F7734222069643D2242504D4E456467655F666C6F7734223E0A20202020202020203C6F6D6764693A776179706F696E7420783D223237302E302220793D223132372E30223E3C2F6F6D6764693A776179706F696E743E0A20202020202020203C6F6D6764693A776179706F696E7420783D223237302E302220793D223139302E30223E3C2F6F6D6764693A776179706F696E743E0A20202020202020203C62706D6E64693A42504D4E4C6162656C3E0A202020202020202020203C6F6D6764633A426F756E6473206865696768743D2231342E30222077696474683D2233362E302220783D2231302E302220793D22302E30223E3C2F6F6D6764633A426F756E64733E0A20202020202020203C2F62706D6E64693A42504D4E4C6162656C3E0A2020202020203C2F62706D6E64693A42504D4E456467653E0A2020202020203C62706D6E64693A42504D4E456467652062706D6E456C656D656E743D22666C6F7735222069643D2242504D4E456467655F666C6F7735223E0A20202020202020203C6F6D6764693A776179706F696E7420783D223239302E302220793D223130372E30223E3C2F6F6D6764693A776179706F696E743E0A20202020202020203C6F6D6764693A776179706F696E7420783D223335382E302220793D223130372E30223E3C2F6F6D6764693A776179706F696E743E0A20202020202020203C62706D6E64693A42504D4E4C6162656C3E0A202020202020202020203C6F6D6764633A426F756E6473206865696768743D2231342E30222077696474683D2232342E302220783D222D32342E302220793D222D31372E30223E3C2F6F6D6764633A426F756E64733E0A20202020202020203C2F62706D6E64693A42504D4E4C6162656C3E0A2020202020203C2F62706D6E64693A42504D4E456467653E0A2020202020203C62706D6E64693A42504D4E456467652062706D6E456C656D656E743D22666C6F7736222069643D2242504D4E456467655F666C6F7736223E0A20202020202020203C6F6D6764693A776179706F696E7420783D223436332E302220793D223130372E30223E3C2F6F6D6764693A776179706F696E743E0A20202020202020203C6F6D6764693A776179706F696E7420783D223439352E302220793D223130372E30223E3C2F6F6D6764693A776179706F696E743E0A2020202020203C2F62706D6E64693A42504D4E456467653E0A2020202020203C62706D6E64693A42504D4E456467652062706D6E456C656D656E743D22666C6F7737222069643D2242504D4E456467655F666C6F7737223E0A20202020202020203C6F6D6764693A776179706F696E7420783D223533352E302220793D223130372E30223E3C2F6F6D6764693A776179706F696E743E0A20202020202020203C6F6D6764693A776179706F696E7420783D223539302E302220793D223130372E30223E3C2F6F6D6764693A776179706F696E743E0A20202020202020203C62706D6E64693A42504D4E4C6162656C3E0A202020202020202020203C6F6D6764633A426F756E6473206865696768743D2231342E30222077696474683D2232342E302220783D222D32322E302220793D222D31372E30223E3C2F6F6D6764633A426F756E64733E0A20202020202020203C2F62706D6E64693A42504D4E4C6162656C3E0A2020202020203C2F62706D6E64693A42504D4E456467653E0A2020202020203C62706D6E64693A42504D4E456467652062706D6E456C656D656E743D22666C6F7738222069643D2242504D4E456467655F666C6F7738223E0A20202020202020203C6F6D6764693A776179706F696E7420783D223634322E302220793D223133352E30223E3C2F6F6D6764693A776179706F696E743E0A20202020202020203C6F6D6764693A776179706F696E7420783D223634322E302220793D223238332E30223E3C2F6F6D6764693A776179706F696E743E0A2020202020203C2F62706D6E64693A42504D4E456467653E0A2020202020203C62706D6E64693A42504D4E456467652062706D6E456C656D656E743D22666C6F7739222069643D2242504D4E456467655F666C6F7739223E0A20202020202020203C6F6D6764693A776179706F696E7420783D223531352E302220793D223132372E30223E3C2F6F6D6764693A776179706F696E743E0A20202020202020203C6F6D6764693A776179706F696E7420783D223531342E302220793D223231372E30223E3C2F6F6D6764693A776179706F696E743E0A20202020202020203C6F6D6764693A776179706F696E7420783D223332332E302220793D223231372E30223E3C2F6F6D6764693A776179706F696E743E0A20202020202020203C62706D6E64693A42504D4E4C6162656C3E0A202020202020202020203C6F6D6764633A426F756E6473206865696768743D2231342E30222077696474683D2233362E302220783D2231302E302220793D22302E30223E3C2F6F6D6764633A426F756E64733E0A20202020202020203C2F62706D6E64693A42504D4E4C6162656C3E0A2020202020203C2F62706D6E64693A42504D4E456467653E0A2020202020203C62706D6E64693A42504D4E456467652062706D6E456C656D656E743D22666C6F773130222069643D2242504D4E456467655F666C6F773130223E0A20202020202020203C6F6D6764693A776179706F696E7420783D223235302E302220793D223330302E30223E3C2F6F6D6764693A776179706F696E743E0A20202020202020203C6F6D6764693A776179706F696E7420783D223134322E302220793D223239392E30223E3C2F6F6D6764693A776179706F696E743E0A20202020202020203C6F6D6764693A776179706F696E7420783D223134322E302220793D223133352E30223E3C2F6F6D6764693A776179706F696E743E0A20202020202020203C62706D6E64693A42504D4E4C6162656C3E0A202020202020202020203C6F6D6764633A426F756E6473206865696768743D2231342E30222077696474683D2234382E302220783D2231302E302220793D22302E30223E3C2F6F6D6764633A426F756E64733E0A20202020202020203C2F62706D6E64693A42504D4E4C6162656C3E0A2020202020203C2F62706D6E64693A42504D4E456467653E0A2020202020203C62706D6E64693A42504D4E456467652062706D6E456C656D656E743D22666C6F773131222069643D2242504D4E456467655F666C6F773131223E0A20202020202020203C6F6D6764693A776179706F696E7420783D223237302E302220793D223234352E30223E3C2F6F6D6764693A776179706F696E743E0A20202020202020203C6F6D6764693A776179706F696E7420783D223237302E302220793D223238302E30223E3C2F6F6D6764693A776179706F696E743E0A2020202020203C2F62706D6E64693A42504D4E456467653E0A2020202020203C62706D6E64693A42504D4E456467652062706D6E456C656D656E743D22666C6F773132222069643D2242504D4E456467655F666C6F773132223E0A20202020202020203C6F6D6764693A776179706F696E7420783D223239302E302220793D223330302E30223E3C2F6F6D6764693A776179706F696E743E0A20202020202020203C6F6D6764693A776179706F696E7420783D223632352E302220793D223330302E30223E3C2F6F6D6764693A776179706F696E743E0A20202020202020203C62706D6E64693A42504D4E4C6162656C3E0A202020202020202020203C6F6D6764633A426F756E6473206865696768743D2231342E30222077696474683D2234382E302220783D2231302E302220793D22302E30223E3C2F6F6D6764633A426F756E64733E0A20202020202020203C2F62706D6E64693A42504D4E4C6162656C3E0A2020202020203C2F62706D6E64693A42504D4E456467653E0A202020203C2F62706D6E64693A42504D4E506C616E653E0A20203C2F62706D6E64693A42504D4E4469616772616D3E0A3C2F646566696E6974696F6E733E, '0');
INSERT INTO `act_ge_bytearray` VALUES ('2502', '1', 'E:\\WorkSpace\\OneWorkSpace\\one\\one-workflow\\target\\classes\\processes\\SupplierPurchaseTypeApply.bpmn', '2501', 0x3C3F786D6C2076657273696F6E3D22312E302220656E636F64696E673D225554462D38223F3E0D0A3C646566696E6974696F6E7320786D6C6E733D22687474703A2F2F7777772E6F6D672E6F72672F737065632F42504D4E2F32303130303532342F4D4F44454C2220786D6C6E733A7873693D22687474703A2F2F7777772E77332E6F72672F323030312F584D4C536368656D612D696E7374616E63652220786D6C6E733A7873643D22687474703A2F2F7777772E77332E6F72672F323030312F584D4C536368656D612220786D6C6E733A61637469766974693D22687474703A2F2F61637469766974692E6F72672F62706D6E2220786D6C6E733A62706D6E64693D22687474703A2F2F7777772E6F6D672E6F72672F737065632F42504D4E2F32303130303532342F44492220786D6C6E733A6F6D6764633D22687474703A2F2F7777772E6F6D672E6F72672F737065632F44442F32303130303532342F44432220786D6C6E733A6F6D6764693D22687474703A2F2F7777772E6F6D672E6F72672F737065632F44442F32303130303532342F44492220786D6C6E733A64633D22687474703A2F2F7777772E6F6D672E6F72672F737065632F44442F32303130303532342F44432220786D6C6E733A64693D22687474703A2F2F7777772E6F6D672E6F72672F737065632F44442F32303130303532342F44492220747970654C616E67756167653D22687474703A2F2F7777772E77332E6F72672F323030312F584D4C536368656D61222065787072657373696F6E4C616E67756167653D22687474703A2F2F7777772E77332E6F72672F313939392F585061746822207461726765744E616D6573706163653D22687474703A2F2F7777772E61637469766974692E6F72672F746573746D31343934343933343538363739222069643D226D3134393434393334353836373922206E616D653D22223E0D0A20203C70726F636573732069643D22537570706C6965725075726368617365547970654170706C7922206E616D653D22E4BE9BE5BA94E59586E68A95E6A087E7B1BBE588ABE5AEA1E6A0B82220697345786563757461626C653D227472756522206973436C6F7365643D2266616C7365222070726F63657373547970653D224E6F6E65223E0D0A202020203C73746172744576656E742069643D225F3222206E616D653D2253746172744576656E74223E3C2F73746172744576656E743E0D0A202020203C757365725461736B2069643D2266696E616C417564697422206E616D653D22E5AEA1E6A0B8223E3C2F757365725461736B3E0D0A202020203C73657175656E6365466C6F772069643D22666C6F77312220736F757263655265663D225F3222207461726765745265663D2266696E616C4175646974223E3C2F73657175656E6365466C6F773E0D0A202020203C656E644576656E742069643D22656E646576656E743122206E616D653D22456E64223E3C2F656E644576656E743E0D0A202020203C73657175656E6365466C6F772069643D22666C6F77322220736F757263655265663D2266696E616C417564697422207461726765745265663D22656E646576656E7431223E3C2F73657175656E6365466C6F773E0D0A20203C2F70726F636573733E0D0A20203C62706D6E64693A42504D4E4469616772616D2069643D2242504D4E4469616772616D5F537570706C6965725075726368617365547970654170706C79223E0D0A202020203C62706D6E64693A42504D4E506C616E652062706D6E456C656D656E743D22537570706C6965725075726368617365547970654170706C79222069643D2242504D4E506C616E655F537570706C6965725075726368617365547970654170706C79223E0D0A2020202020203C62706D6E64693A42504D4E53686170652062706D6E456C656D656E743D225F32222069643D2242504D4E53686170655F5F32223E0D0A20202020202020203C6F6D6764633A426F756E6473206865696768743D2233352E30222077696474683D2233352E302220783D223138302E302220793D223132302E30223E3C2F6F6D6764633A426F756E64733E0D0A2020202020203C2F62706D6E64693A42504D4E53686170653E0D0A2020202020203C62706D6E64693A42504D4E53686170652062706D6E456C656D656E743D2266696E616C4175646974222069643D2242504D4E53686170655F66696E616C4175646974223E0D0A20202020202020203C6F6D6764633A426F756E6473206865696768743D2235352E30222077696474683D223130352E302220783D223236302E302220793D223131302E30223E3C2F6F6D6764633A426F756E64733E0D0A2020202020203C2F62706D6E64693A42504D4E53686170653E0D0A2020202020203C62706D6E64693A42504D4E53686170652062706D6E456C656D656E743D22656E646576656E7431222069643D2242504D4E53686170655F656E646576656E7431223E0D0A20202020202020203C6F6D6764633A426F756E6473206865696768743D2233352E30222077696474683D2233352E302220783D223431302E302220793D223132302E30223E3C2F6F6D6764633A426F756E64733E0D0A2020202020203C2F62706D6E64693A42504D4E53686170653E0D0A2020202020203C62706D6E64693A42504D4E456467652062706D6E456C656D656E743D22666C6F7731222069643D2242504D4E456467655F666C6F7731223E0D0A20202020202020203C6F6D6764693A776179706F696E7420783D223231352E302220793D223133372E30223E3C2F6F6D6764693A776179706F696E743E0D0A20202020202020203C6F6D6764693A776179706F696E7420783D223236302E302220793D223133372E30223E3C2F6F6D6764693A776179706F696E743E0D0A2020202020203C2F62706D6E64693A42504D4E456467653E0D0A2020202020203C62706D6E64693A42504D4E456467652062706D6E456C656D656E743D22666C6F7732222069643D2242504D4E456467655F666C6F7732223E0D0A20202020202020203C6F6D6764693A776179706F696E7420783D223336352E302220793D223133372E30223E3C2F6F6D6764693A776179706F696E743E0D0A20202020202020203C6F6D6764693A776179706F696E7420783D223431302E302220793D223133372E30223E3C2F6F6D6764693A776179706F696E743E0D0A2020202020203C2F62706D6E64693A42504D4E456467653E0D0A202020203C2F62706D6E64693A42504D4E506C616E653E0D0A20203C2F62706D6E64693A42504D4E4469616772616D3E0D0A3C2F646566696E6974696F6E733E, '0');
INSERT INTO `act_ge_bytearray` VALUES ('2503', '1', 'E:\\WorkSpace\\OneWorkSpace\\one\\one-workflow\\target\\classes\\processes\\leave.bpmn', '2501', 0x3C3F786D6C2076657273696F6E3D22312E302220656E636F64696E673D225554462D38223F3E0D0A3C646566696E6974696F6E7320786D6C6E733D22687474703A2F2F7777772E6F6D672E6F72672F737065632F42504D4E2F32303130303532342F4D4F44454C2220786D6C6E733A7873693D22687474703A2F2F7777772E77332E6F72672F323030312F584D4C536368656D612D696E7374616E63652220786D6C6E733A61637469766974693D22687474703A2F2F61637469766974692E6F72672F62706D6E2220786D6C6E733A62706D6E64693D22687474703A2F2F7777772E6F6D672E6F72672F737065632F42504D4E2F32303130303532342F44492220786D6C6E733A6F6D6764633D22687474703A2F2F7777772E6F6D672E6F72672F737065632F44442F32303130303532342F44432220786D6C6E733A6F6D6764693D22687474703A2F2F7777772E6F6D672E6F72672F737065632F44442F32303130303532342F44492220747970654C616E67756167653D22687474703A2F2F7777772E77332E6F72672F323030312F584D4C536368656D61222065787072657373696F6E4C616E67756167653D22687474703A2F2F7777772E77332E6F72672F313939392F585061746822207461726765744E616D6573706163653D22636F6D2E7468696E6B67656D2E6A6565736974652E6D6F64756C65732E6F612E6C65617665223E0D0A20203C70726F636573732069643D226C6561766522206E616D653D22E8AFB7E58187E6B581E7A88B2220697345786563757461626C653D2274727565223E0D0A202020203C646F63756D656E746174696F6E3EE8AFB7E58187E6B581E7A88BE6BC94E7A4BA3C2F646F63756D656E746174696F6E3E0D0A202020203C73746172744576656E742069643D2273746172746576656E743122206E616D653D225374617274222061637469766974693A696E69746961746F723D226170706C79557365724964223E3C2F73746172744576656E743E0D0A202020203C757365725461736B2069643D22646570744C6561646572417564697422206E616D653D22E983A8E997A8E9A286E5AFBCE5AEA1E689B9222061637469766974693A63616E64696461746547726F7570733D226F613A6C656176653A646570744C65616465724175646974223E3C2F757365725461736B3E0D0A202020203C6578636C7573697665476174657761792069643D226578636C7573697665676174657761793522206E616D653D224578636C75736976652047617465776179223E3C2F6578636C7573697665476174657761793E0D0A202020203C757365725461736B2069643D226D6F646966794170706C7922206E616D653D22E8B083E695B4E794B3E8AFB7222061637469766974693A61737369676E65653D22247B6170706C795573657249647D223E3C2F757365725461736B3E0D0A202020203C757365725461736B2069643D226872417564697422206E616D653D22E4BABAE4BA8BE5AEA1E689B9222061637469766974693A63616E64696461746547726F7570733D226F613A6C656176653A68724175646974223E3C2F757365725461736B3E0D0A202020203C6578636C7573697665476174657761792069643D226578636C7573697665676174657761793622206E616D653D224578636C75736976652047617465776179223E3C2F6578636C7573697665476174657761793E0D0A202020203C757365725461736B2069643D227265706F72744261636B22206E616D653D22E99480E58187222061637469766974693A61737369676E65653D22247B6170706C795573657249647D223E3C2F757365725461736B3E0D0A202020203C656E644576656E742069643D22656E646576656E743122206E616D653D22456E64223E3C2F656E644576656E743E0D0A202020203C6578636C7573697665476174657761792069643D226578636C7573697665676174657761793722206E616D653D224578636C75736976652047617465776179223E3C2F6578636C7573697665476174657761793E0D0A202020203C73657175656E6365466C6F772069643D22666C6F77322220736F757263655265663D2273746172746576656E743122207461726765745265663D22646570744C65616465724175646974223E3C2F73657175656E6365466C6F773E0D0A202020203C73657175656E6365466C6F772069643D22666C6F77332220736F757263655265663D22646570744C6561646572417564697422207461726765745265663D226578636C75736976656761746577617935223E3C2F73657175656E6365466C6F773E0D0A202020203C73657175656E6365466C6F772069643D22666C6F773422206E616D653D22E4B88DE5908CE6848F2220736F757263655265663D226578636C7573697665676174657761793522207461726765745265663D226D6F646966794170706C79223E0D0A2020202020203C636F6E646974696F6E45787072657373696F6E207873693A747970653D2274466F726D616C45787072657373696F6E223E3C215B43444154415B247B21646570744C6561646572506173737D5D5D3E3C2F636F6E646974696F6E45787072657373696F6E3E0D0A202020203C2F73657175656E6365466C6F773E0D0A202020203C73657175656E6365466C6F772069643D22666C6F773522206E616D653D22E5908CE6848F2220736F757263655265663D226578636C7573697665676174657761793522207461726765745265663D2268724175646974223E0D0A2020202020203C636F6E646974696F6E45787072657373696F6E207873693A747970653D2274466F726D616C45787072657373696F6E223E3C215B43444154415B247B646570744C6561646572506173737D5D5D3E3C2F636F6E646974696F6E45787072657373696F6E3E0D0A202020203C2F73657175656E6365466C6F773E0D0A202020203C73657175656E6365466C6F772069643D22666C6F77362220736F757263655265663D226872417564697422207461726765745265663D226578636C75736976656761746577617936223E3C2F73657175656E6365466C6F773E0D0A202020203C73657175656E6365466C6F772069643D22666C6F773722206E616D653D22E5908CE6848F2220736F757263655265663D226578636C7573697665676174657761793622207461726765745265663D227265706F72744261636B223E0D0A2020202020203C636F6E646974696F6E45787072657373696F6E207873693A747970653D2274466F726D616C45787072657373696F6E223E3C215B43444154415B247B6872506173737D5D5D3E3C2F636F6E646974696F6E45787072657373696F6E3E0D0A202020203C2F73657175656E6365466C6F773E0D0A202020203C73657175656E6365466C6F772069643D22666C6F77382220736F757263655265663D227265706F72744261636B22207461726765745265663D22656E646576656E7431223E3C2F73657175656E6365466C6F773E0D0A202020203C73657175656E6365466C6F772069643D22666C6F773922206E616D653D22E4B88DE5908CE6848F2220736F757263655265663D226578636C7573697665676174657761793622207461726765745265663D226D6F646966794170706C79223E0D0A2020202020203C636F6E646974696F6E45787072657373696F6E207873693A747970653D2274466F726D616C45787072657373696F6E223E3C215B43444154415B247B216872506173737D5D5D3E3C2F636F6E646974696F6E45787072657373696F6E3E0D0A202020203C2F73657175656E6365466C6F773E0D0A202020203C73657175656E6365466C6F772069643D22666C6F77313022206E616D653D22E9878DE696B0E794B3E8AFB72220736F757263655265663D226578636C7573697665676174657761793722207461726765745265663D22646570744C65616465724175646974223E0D0A2020202020203C636F6E646974696F6E45787072657373696F6E207873693A747970653D2274466F726D616C45787072657373696F6E223E3C215B43444154415B247B72654170706C797D5D5D3E3C2F636F6E646974696F6E45787072657373696F6E3E0D0A202020203C2F73657175656E6365466C6F773E0D0A202020203C73657175656E6365466C6F772069643D22666C6F7731312220736F757263655265663D226D6F646966794170706C7922207461726765745265663D226578636C75736976656761746577617937223E3C2F73657175656E6365466C6F773E0D0A202020203C73657175656E6365466C6F772069643D22666C6F77313222206E616D653D22E7BB93E69D9FE6B581E7A88B2220736F757263655265663D226578636C7573697665676174657761793722207461726765745265663D22656E646576656E7431223E0D0A2020202020203C636F6E646974696F6E45787072657373696F6E207873693A747970653D2274466F726D616C45787072657373696F6E223E3C215B43444154415B247B2172654170706C797D5D5D3E3C2F636F6E646974696F6E45787072657373696F6E3E0D0A202020203C2F73657175656E6365466C6F773E0D0A20203C2F70726F636573733E0D0A20203C62706D6E64693A42504D4E4469616772616D2069643D2242504D4E4469616772616D5F6C65617665223E0D0A202020203C62706D6E64693A42504D4E506C616E652062706D6E456C656D656E743D226C65617665222069643D2242504D4E506C616E655F6C65617665223E0D0A2020202020203C62706D6E64693A42504D4E53686170652062706D6E456C656D656E743D2273746172746576656E7431222069643D2242504D4E53686170655F73746172746576656E7431223E0D0A20202020202020203C6F6D6764633A426F756E6473206865696768743D2233352E30222077696474683D2233352E302220783D2231302E302220793D2239302E30223E3C2F6F6D6764633A426F756E64733E0D0A2020202020203C2F62706D6E64693A42504D4E53686170653E0D0A2020202020203C62706D6E64693A42504D4E53686170652062706D6E456C656D656E743D22646570744C65616465724175646974222069643D2242504D4E53686170655F646570744C65616465724175646974223E0D0A20202020202020203C6F6D6764633A426F756E6473206865696768743D2235352E30222077696474683D223130352E302220783D2239302E302220793D2238302E30223E3C2F6F6D6764633A426F756E64733E0D0A2020202020203C2F62706D6E64693A42504D4E53686170653E0D0A2020202020203C62706D6E64693A42504D4E53686170652062706D6E456C656D656E743D226578636C75736976656761746577617935222069643D2242504D4E53686170655F6578636C75736976656761746577617935223E0D0A20202020202020203C6F6D6764633A426F756E6473206865696768743D2234302E30222077696474683D2234302E302220783D223235302E302220793D2238372E30223E3C2F6F6D6764633A426F756E64733E0D0A2020202020203C2F62706D6E64693A42504D4E53686170653E0D0A2020202020203C62706D6E64693A42504D4E53686170652062706D6E456C656D656E743D226D6F646966794170706C79222069643D2242504D4E53686170655F6D6F646966794170706C79223E0D0A20202020202020203C6F6D6764633A426F756E6473206865696768743D2235352E30222077696474683D223130352E302220783D223231382E302220793D223139302E30223E3C2F6F6D6764633A426F756E64733E0D0A2020202020203C2F62706D6E64693A42504D4E53686170653E0D0A2020202020203C62706D6E64693A42504D4E53686170652062706D6E456C656D656E743D2268724175646974222069643D2242504D4E53686170655F68724175646974223E0D0A20202020202020203C6F6D6764633A426F756E6473206865696768743D2235352E30222077696474683D223130352E302220783D223335382E302220793D2238302E30223E3C2F6F6D6764633A426F756E64733E0D0A2020202020203C2F62706D6E64693A42504D4E53686170653E0D0A2020202020203C62706D6E64693A42504D4E53686170652062706D6E456C656D656E743D226578636C75736976656761746577617936222069643D2242504D4E53686170655F6578636C75736976656761746577617936223E0D0A20202020202020203C6F6D6764633A426F756E6473206865696768743D2234302E30222077696474683D2234302E302220783D223439352E302220793D2238372E30223E3C2F6F6D6764633A426F756E64733E0D0A2020202020203C2F62706D6E64693A42504D4E53686170653E0D0A2020202020203C62706D6E64693A42504D4E53686170652062706D6E456C656D656E743D227265706F72744261636B222069643D2242504D4E53686170655F7265706F72744261636B223E0D0A20202020202020203C6F6D6764633A426F756E6473206865696768743D2235352E30222077696474683D223130352E302220783D223539302E302220793D2238302E30223E3C2F6F6D6764633A426F756E64733E0D0A2020202020203C2F62706D6E64693A42504D4E53686170653E0D0A2020202020203C62706D6E64693A42504D4E53686170652062706D6E456C656D656E743D22656E646576656E7431222069643D2242504D4E53686170655F656E646576656E7431223E0D0A20202020202020203C6F6D6764633A426F756E6473206865696768743D2233352E30222077696474683D2233352E302220783D223632352E302220793D223238332E30223E3C2F6F6D6764633A426F756E64733E0D0A2020202020203C2F62706D6E64693A42504D4E53686170653E0D0A2020202020203C62706D6E64693A42504D4E53686170652062706D6E456C656D656E743D226578636C75736976656761746577617937222069643D2242504D4E53686170655F6578636C75736976656761746577617937223E0D0A20202020202020203C6F6D6764633A426F756E6473206865696768743D2234302E30222077696474683D2234302E302220783D223235302E302220793D223238302E30223E3C2F6F6D6764633A426F756E64733E0D0A2020202020203C2F62706D6E64693A42504D4E53686170653E0D0A2020202020203C62706D6E64693A42504D4E456467652062706D6E456C656D656E743D22666C6F7732222069643D2242504D4E456467655F666C6F7732223E0D0A20202020202020203C6F6D6764693A776179706F696E7420783D2234352E302220793D223130372E30223E3C2F6F6D6764693A776179706F696E743E0D0A20202020202020203C6F6D6764693A776179706F696E7420783D2239302E302220793D223130372E30223E3C2F6F6D6764693A776179706F696E743E0D0A2020202020203C2F62706D6E64693A42504D4E456467653E0D0A2020202020203C62706D6E64693A42504D4E456467652062706D6E456C656D656E743D22666C6F7733222069643D2242504D4E456467655F666C6F7733223E0D0A20202020202020203C6F6D6764693A776179706F696E7420783D223139352E302220793D223130372E30223E3C2F6F6D6764693A776179706F696E743E0D0A20202020202020203C6F6D6764693A776179706F696E7420783D223235302E302220793D223130372E30223E3C2F6F6D6764693A776179706F696E743E0D0A2020202020203C2F62706D6E64693A42504D4E456467653E0D0A2020202020203C62706D6E64693A42504D4E456467652062706D6E456C656D656E743D22666C6F7734222069643D2242504D4E456467655F666C6F7734223E0D0A20202020202020203C6F6D6764693A776179706F696E7420783D223237302E302220793D223132372E30223E3C2F6F6D6764693A776179706F696E743E0D0A20202020202020203C6F6D6764693A776179706F696E7420783D223237302E302220793D223139302E30223E3C2F6F6D6764693A776179706F696E743E0D0A20202020202020203C62706D6E64693A42504D4E4C6162656C3E0D0A202020202020202020203C6F6D6764633A426F756E6473206865696768743D2231342E30222077696474683D2233362E302220783D2231302E302220793D22302E30223E3C2F6F6D6764633A426F756E64733E0D0A20202020202020203C2F62706D6E64693A42504D4E4C6162656C3E0D0A2020202020203C2F62706D6E64693A42504D4E456467653E0D0A2020202020203C62706D6E64693A42504D4E456467652062706D6E456C656D656E743D22666C6F7735222069643D2242504D4E456467655F666C6F7735223E0D0A20202020202020203C6F6D6764693A776179706F696E7420783D223239302E302220793D223130372E30223E3C2F6F6D6764693A776179706F696E743E0D0A20202020202020203C6F6D6764693A776179706F696E7420783D223335382E302220793D223130372E30223E3C2F6F6D6764693A776179706F696E743E0D0A20202020202020203C62706D6E64693A42504D4E4C6162656C3E0D0A202020202020202020203C6F6D6764633A426F756E6473206865696768743D2231342E30222077696474683D2232342E302220783D222D32342E302220793D222D31372E30223E3C2F6F6D6764633A426F756E64733E0D0A20202020202020203C2F62706D6E64693A42504D4E4C6162656C3E0D0A2020202020203C2F62706D6E64693A42504D4E456467653E0D0A2020202020203C62706D6E64693A42504D4E456467652062706D6E456C656D656E743D22666C6F7736222069643D2242504D4E456467655F666C6F7736223E0D0A20202020202020203C6F6D6764693A776179706F696E7420783D223436332E302220793D223130372E30223E3C2F6F6D6764693A776179706F696E743E0D0A20202020202020203C6F6D6764693A776179706F696E7420783D223439352E302220793D223130372E30223E3C2F6F6D6764693A776179706F696E743E0D0A2020202020203C2F62706D6E64693A42504D4E456467653E0D0A2020202020203C62706D6E64693A42504D4E456467652062706D6E456C656D656E743D22666C6F7737222069643D2242504D4E456467655F666C6F7737223E0D0A20202020202020203C6F6D6764693A776179706F696E7420783D223533352E302220793D223130372E30223E3C2F6F6D6764693A776179706F696E743E0D0A20202020202020203C6F6D6764693A776179706F696E7420783D223539302E302220793D223130372E30223E3C2F6F6D6764693A776179706F696E743E0D0A20202020202020203C62706D6E64693A42504D4E4C6162656C3E0D0A202020202020202020203C6F6D6764633A426F756E6473206865696768743D2231342E30222077696474683D2232342E302220783D222D32322E302220793D222D31372E30223E3C2F6F6D6764633A426F756E64733E0D0A20202020202020203C2F62706D6E64693A42504D4E4C6162656C3E0D0A2020202020203C2F62706D6E64693A42504D4E456467653E0D0A2020202020203C62706D6E64693A42504D4E456467652062706D6E456C656D656E743D22666C6F7738222069643D2242504D4E456467655F666C6F7738223E0D0A20202020202020203C6F6D6764693A776179706F696E7420783D223634322E302220793D223133352E30223E3C2F6F6D6764693A776179706F696E743E0D0A20202020202020203C6F6D6764693A776179706F696E7420783D223634322E302220793D223238332E30223E3C2F6F6D6764693A776179706F696E743E0D0A2020202020203C2F62706D6E64693A42504D4E456467653E0D0A2020202020203C62706D6E64693A42504D4E456467652062706D6E456C656D656E743D22666C6F7739222069643D2242504D4E456467655F666C6F7739223E0D0A20202020202020203C6F6D6764693A776179706F696E7420783D223531352E302220793D223132372E30223E3C2F6F6D6764693A776179706F696E743E0D0A20202020202020203C6F6D6764693A776179706F696E7420783D223531342E302220793D223231372E30223E3C2F6F6D6764693A776179706F696E743E0D0A20202020202020203C6F6D6764693A776179706F696E7420783D223332332E302220793D223231372E30223E3C2F6F6D6764693A776179706F696E743E0D0A20202020202020203C62706D6E64693A42504D4E4C6162656C3E0D0A202020202020202020203C6F6D6764633A426F756E6473206865696768743D2231342E30222077696474683D2233362E302220783D2231302E302220793D22302E30223E3C2F6F6D6764633A426F756E64733E0D0A20202020202020203C2F62706D6E64693A42504D4E4C6162656C3E0D0A2020202020203C2F62706D6E64693A42504D4E456467653E0D0A2020202020203C62706D6E64693A42504D4E456467652062706D6E456C656D656E743D22666C6F773130222069643D2242504D4E456467655F666C6F773130223E0D0A20202020202020203C6F6D6764693A776179706F696E7420783D223235302E302220793D223330302E30223E3C2F6F6D6764693A776179706F696E743E0D0A20202020202020203C6F6D6764693A776179706F696E7420783D223134322E302220793D223239392E30223E3C2F6F6D6764693A776179706F696E743E0D0A20202020202020203C6F6D6764693A776179706F696E7420783D223134322E302220793D223133352E30223E3C2F6F6D6764693A776179706F696E743E0D0A20202020202020203C62706D6E64693A42504D4E4C6162656C3E0D0A202020202020202020203C6F6D6764633A426F756E6473206865696768743D2231342E30222077696474683D2234382E302220783D2231302E302220793D22302E30223E3C2F6F6D6764633A426F756E64733E0D0A20202020202020203C2F62706D6E64693A42504D4E4C6162656C3E0D0A2020202020203C2F62706D6E64693A42504D4E456467653E0D0A2020202020203C62706D6E64693A42504D4E456467652062706D6E456C656D656E743D22666C6F773131222069643D2242504D4E456467655F666C6F773131223E0D0A20202020202020203C6F6D6764693A776179706F696E7420783D223237302E302220793D223234352E30223E3C2F6F6D6764693A776179706F696E743E0D0A20202020202020203C6F6D6764693A776179706F696E7420783D223237302E302220793D223238302E30223E3C2F6F6D6764693A776179706F696E743E0D0A2020202020203C2F62706D6E64693A42504D4E456467653E0D0A2020202020203C62706D6E64693A42504D4E456467652062706D6E456C656D656E743D22666C6F773132222069643D2242504D4E456467655F666C6F773132223E0D0A20202020202020203C6F6D6764693A776179706F696E7420783D223239302E302220793D223330302E30223E3C2F6F6D6764693A776179706F696E743E0D0A20202020202020203C6F6D6764693A776179706F696E7420783D223632352E302220793D223330302E30223E3C2F6F6D6764693A776179706F696E743E0D0A20202020202020203C62706D6E64693A42504D4E4C6162656C3E0D0A202020202020202020203C6F6D6764633A426F756E6473206865696768743D2231342E30222077696474683D2234382E302220783D2231302E302220793D22302E30223E3C2F6F6D6764633A426F756E64733E0D0A20202020202020203C2F62706D6E64693A42504D4E4C6162656C3E0D0A2020202020203C2F62706D6E64693A42504D4E456467653E0D0A202020203C2F62706D6E64693A42504D4E506C616E653E0D0A20203C2F62706D6E64693A42504D4E4469616772616D3E0D0A3C2F646566696E6974696F6E733E, '0');
INSERT INTO `act_ge_bytearray` VALUES ('2504', '1', 'E:\\WorkSpace\\OneWorkSpace\\one\\one-workflow\\target\\classes\\processes\\BiddingProjectAwardAudit.bpmn', '2501', 0x3C3F786D6C2076657273696F6E3D22312E302220656E636F64696E673D225554462D38223F3E0A3C646566696E6974696F6E7320786D6C6E733D22687474703A2F2F7777772E6F6D672E6F72672F737065632F42504D4E2F32303130303532342F4D4F44454C2220786D6C6E733A7873693D22687474703A2F2F7777772E77332E6F72672F323030312F584D4C536368656D612D696E7374616E63652220786D6C6E733A7873643D22687474703A2F2F7777772E77332E6F72672F323030312F584D4C536368656D612220786D6C6E733A61637469766974693D22687474703A2F2F61637469766974692E6F72672F62706D6E2220786D6C6E733A62706D6E64693D22687474703A2F2F7777772E6F6D672E6F72672F737065632F42504D4E2F32303130303532342F44492220786D6C6E733A6F6D6764633D22687474703A2F2F7777772E6F6D672E6F72672F737065632F44442F32303130303532342F44432220786D6C6E733A6F6D6764693D22687474703A2F2F7777772E6F6D672E6F72672F737065632F44442F32303130303532342F44492220786D6C6E733A746E733D22687474703A2F2F7777772E61637469766974692E6F72672F746573742220747970654C616E67756167653D22687474703A2F2F7777772E77332E6F72672F323030312F584D4C536368656D61222065787072657373696F6E4C616E67756167653D22687474703A2F2F7777772E77332E6F72672F313939392F585061746822207461726765744E616D6573706163653D22687474703A2F2F7777772E61637469766974692E6F72672F74657374222069643D226D3135303236333633383338393722206E616D653D22223E0A20203C70726F636573732069643D2242696464696E6750726F6A6563744177617264417564697422206E616D653D22E68B9BE6A087E9A1B9E79BAEE68E88E6A087E5AEA1E6A0B82220697345786563757461626C653D227472756522206973436C6F7365643D2266616C7365222070726F63657373547970653D224E6F6E65223E0A202020203C73746172744576656E742069643D2273746172746576656E743122206E616D653D225374617274223E3C2F73746172744576656E743E0A202020203C757365725461736B2069643D22757365727461736B3122206E616D653D22E4B880E7BAA7E5AEA1E6A0B8223E3C2F757365725461736B3E0A202020203C73657175656E6365466C6F772069643D22666C6F77312220736F757263655265663D2273746172746576656E743122207461726765745265663D22757365727461736B31223E3C2F73657175656E6365466C6F773E0A202020203C757365725461736B2069643D2266696E616C417564697422206E616D653D22E4BA8CE7BAA7E5AEA1E6A0B8223E3C2F757365725461736B3E0A202020203C6578636C7573697665476174657761792069643D226578636C7573697665676174657761793122206E616D653D224578636C75736976652047617465776179223E3C2F6578636C7573697665476174657761793E0A202020203C73657175656E6365466C6F772069643D22666C6F77342220736F757263655265663D22757365727461736B3122207461726765745265663D226578636C75736976656761746577617931223E3C2F73657175656E6365466C6F773E0A202020203C73657175656E6365466C6F772069643D22666C6F773522206E616D653D22E9809AE8BF872220736F757263655265663D226578636C7573697665676174657761793122207461726765745265663D2266696E616C4175646974223E0A2020202020203C636F6E646974696F6E45787072657373696F6E207873693A747970653D2274466F726D616C45787072657373696F6E223E3C215B43444154415B247B6175646974526573756C74203D3D202774727565277D5D5D3E3C2F636F6E646974696F6E45787072657373696F6E3E0A202020203C2F73657175656E6365466C6F773E0A202020203C656E644576656E742069643D22656E646576656E743122206E616D653D22456E64223E3C2F656E644576656E743E0A202020203C73657175656E6365466C6F772069643D22666C6F77362220736F757263655265663D2266696E616C417564697422207461726765745265663D22656E646576656E7431223E3C2F73657175656E6365466C6F773E0A202020203C73657175656E6365466C6F772069643D22666C6F773722206E616D653D22E9A9B3E59B9E2220736F757263655265663D226578636C7573697665676174657761793122207461726765745265663D22656E646576656E7431223E0A2020202020203C636F6E646974696F6E45787072657373696F6E207873693A747970653D2274466F726D616C45787072657373696F6E223E3C215B43444154415B247B6175646974526573756C74203D3D202766616C7365277D5D5D3E3C2F636F6E646974696F6E45787072657373696F6E3E0A202020203C2F73657175656E6365466C6F773E0A20203C2F70726F636573733E0A20203C62706D6E64693A42504D4E4469616772616D2069643D2242504D4E4469616772616D5F42696464696E6750726F6A65637441776172644175646974223E0A202020203C62706D6E64693A42504D4E506C616E652062706D6E456C656D656E743D2242696464696E6750726F6A65637441776172644175646974222069643D2242504D4E506C616E655F42696464696E6750726F6A65637441776172644175646974223E0A2020202020203C62706D6E64693A42504D4E53686170652062706D6E456C656D656E743D2273746172746576656E7431222069643D2242504D4E53686170655F73746172746576656E7431223E0A20202020202020203C6F6D6764633A426F756E6473206865696768743D2233352E30222077696474683D2233352E302220783D223132302E302220793D223138302E30223E3C2F6F6D6764633A426F756E64733E0A2020202020203C2F62706D6E64693A42504D4E53686170653E0A2020202020203C62706D6E64693A42504D4E53686170652062706D6E456C656D656E743D22757365727461736B31222069643D2242504D4E53686170655F757365727461736B31223E0A20202020202020203C6F6D6764633A426F756E6473206865696768743D2235352E30222077696474683D223130352E302220783D223233302E302220793D223137302E30223E3C2F6F6D6764633A426F756E64733E0A2020202020203C2F62706D6E64693A42504D4E53686170653E0A2020202020203C62706D6E64693A42504D4E53686170652062706D6E456C656D656E743D2266696E616C4175646974222069643D2242504D4E53686170655F66696E616C4175646974223E0A20202020202020203C6F6D6764633A426F756E6473206865696768743D2235352E30222077696474683D223130352E302220783D223532342E302220793D223137302E30223E3C2F6F6D6764633A426F756E64733E0A2020202020203C2F62706D6E64693A42504D4E53686170653E0A2020202020203C62706D6E64693A42504D4E53686170652062706D6E456C656D656E743D226578636C75736976656761746577617931222069643D2242504D4E53686170655F6578636C75736976656761746577617931223E0A20202020202020203C6F6D6764633A426F756E6473206865696768743D2234302E30222077696474683D2234302E302220783D223430312E302220793D223137382E30223E3C2F6F6D6764633A426F756E64733E0A2020202020203C2F62706D6E64693A42504D4E53686170653E0A2020202020203C62706D6E64693A42504D4E53686170652062706D6E456C656D656E743D22656E646576656E7431222069643D2242504D4E53686170655F656E646576656E7431223E0A20202020202020203C6F6D6764633A426F756E6473206865696768743D2233352E30222077696474683D2233352E302220783D223732302E302220793D223138302E30223E3C2F6F6D6764633A426F756E64733E0A2020202020203C2F62706D6E64693A42504D4E53686170653E0A2020202020203C62706D6E64693A42504D4E456467652062706D6E456C656D656E743D22666C6F7731222069643D2242504D4E456467655F666C6F7731223E0A20202020202020203C6F6D6764693A776179706F696E7420783D223135352E302220793D223139372E30223E3C2F6F6D6764693A776179706F696E743E0A20202020202020203C6F6D6764693A776179706F696E7420783D223233302E302220793D223139372E30223E3C2F6F6D6764693A776179706F696E743E0A2020202020203C2F62706D6E64693A42504D4E456467653E0A2020202020203C62706D6E64693A42504D4E456467652062706D6E456C656D656E743D22666C6F7734222069643D2242504D4E456467655F666C6F7734223E0A20202020202020203C6F6D6764693A776179706F696E7420783D223333352E302220793D223139372E30223E3C2F6F6D6764693A776179706F696E743E0A20202020202020203C6F6D6764693A776179706F696E7420783D223430312E302220793D223139382E30223E3C2F6F6D6764693A776179706F696E743E0A2020202020203C2F62706D6E64693A42504D4E456467653E0A2020202020203C62706D6E64693A42504D4E456467652062706D6E456C656D656E743D22666C6F7735222069643D2242504D4E456467655F666C6F7735223E0A20202020202020203C6F6D6764693A776179706F696E7420783D223434312E302220793D223139382E30223E3C2F6F6D6764693A776179706F696E743E0A20202020202020203C6F6D6764693A776179706F696E7420783D223532342E302220793D223139372E30223E3C2F6F6D6764693A776179706F696E743E0A20202020202020203C62706D6E64693A42504D4E4C6162656C3E0A202020202020202020203C6F6D6764633A426F756E6473206865696768743D2231342E30222077696474683D2232342E302220783D223435392E302220793D223138322E30223E3C2F6F6D6764633A426F756E64733E0A20202020202020203C2F62706D6E64693A42504D4E4C6162656C3E0A2020202020203C2F62706D6E64693A42504D4E456467653E0A2020202020203C62706D6E64693A42504D4E456467652062706D6E456C656D656E743D22666C6F7736222069643D2242504D4E456467655F666C6F7736223E0A20202020202020203C6F6D6764693A776179706F696E7420783D223632392E302220793D223139372E30223E3C2F6F6D6764693A776179706F696E743E0A20202020202020203C6F6D6764693A776179706F696E7420783D223732302E302220793D223139372E30223E3C2F6F6D6764693A776179706F696E743E0A2020202020203C2F62706D6E64693A42504D4E456467653E0A2020202020203C62706D6E64693A42504D4E456467652062706D6E456C656D656E743D22666C6F7737222069643D2242504D4E456467655F666C6F7737223E0A20202020202020203C6F6D6764693A776179706F696E7420783D223432312E302220793D223231382E30223E3C2F6F6D6764693A776179706F696E743E0A20202020202020203C6F6D6764693A776179706F696E7420783D223432302E302220793D223238372E30223E3C2F6F6D6764693A776179706F696E743E0A20202020202020203C6F6D6764693A776179706F696E7420783D223733372E302220793D223238372E30223E3C2F6F6D6764693A776179706F696E743E0A20202020202020203C6F6D6764693A776179706F696E7420783D223733372E302220793D223231352E30223E3C2F6F6D6764693A776179706F696E743E0A20202020202020203C62706D6E64693A42504D4E4C6162656C3E0A202020202020202020203C6F6D6764633A426F756E6473206865696768743D2231342E30222077696474683D223130302E302220783D223436312E302220793D223236392E30223E3C2F6F6D6764633A426F756E64733E0A20202020202020203C2F62706D6E64693A42504D4E4C6162656C3E0A2020202020203C2F62706D6E64693A42504D4E456467653E0A202020203C2F62706D6E64693A42504D4E506C616E653E0A20203C2F62706D6E64693A42504D4E4469616772616D3E0A3C2F646566696E6974696F6E733E, '0');
INSERT INTO `act_ge_bytearray` VALUES ('2505', '1', 'E:\\WorkSpace\\OneWorkSpace\\one\\one-workflow\\target\\classes\\processes\\BiddingProjectSupplierApplyAudit.bpmn', '2501', 0x3C3F786D6C2076657273696F6E3D22312E302220656E636F64696E673D225554462D38223F3E0A3C646566696E6974696F6E7320786D6C6E733D22687474703A2F2F7777772E6F6D672E6F72672F737065632F42504D4E2F32303130303532342F4D4F44454C2220786D6C6E733A7873693D22687474703A2F2F7777772E77332E6F72672F323030312F584D4C536368656D612D696E7374616E63652220786D6C6E733A7873643D22687474703A2F2F7777772E77332E6F72672F323030312F584D4C536368656D612220786D6C6E733A61637469766974693D22687474703A2F2F61637469766974692E6F72672F62706D6E2220786D6C6E733A62706D6E64693D22687474703A2F2F7777772E6F6D672E6F72672F737065632F42504D4E2F32303130303532342F44492220786D6C6E733A6F6D6764633D22687474703A2F2F7777772E6F6D672E6F72672F737065632F44442F32303130303532342F44432220786D6C6E733A6F6D6764693D22687474703A2F2F7777772E6F6D672E6F72672F737065632F44442F32303130303532342F44492220786D6C6E733A746E733D22687474703A2F2F7777772E61637469766974692E6F72672F746573746D313439343439333435383637392220747970654C616E67756167653D22687474703A2F2F7777772E77332E6F72672F323030312F584D4C536368656D61222065787072657373696F6E4C616E67756167653D22687474703A2F2F7777772E77332E6F72672F313939392F585061746822207461726765744E616D6573706163653D22687474703A2F2F7777772E61637469766974692E6F72672F746573746D31343934343933343538363739222069643D226D3134393434393334353836373922206E616D653D22223E0A20203C70726F636573732069643D2242696464696E6750726F6A656374537570706C6965724170706C79417564697422206E616D653D22E68B9BE6A087E9A1B9E79BAEE4BE9BE5BA94E59586E68AA5E5908DE5AEA1E6A0B82220697345786563757461626C653D227472756522206973436C6F7365643D2266616C7365222070726F63657373547970653D224E6F6E65223E0A202020203C73746172744576656E742069643D225F3222206E616D653D2253746172744576656E74223E3C2F73746172744576656E743E0A202020203C757365725461736B2069643D2266696E616C417564697422206E616D653D22E5AEA1E6A0B8223E3C2F757365725461736B3E0A202020203C73657175656E6365466C6F772069643D22666C6F77312220736F757263655265663D225F3222207461726765745265663D2266696E616C4175646974223E3C2F73657175656E6365466C6F773E0A202020203C656E644576656E742069643D22656E646576656E743122206E616D653D22456E64223E3C2F656E644576656E743E0A202020203C73657175656E6365466C6F772069643D22666C6F77322220736F757263655265663D2266696E616C417564697422207461726765745265663D22656E646576656E7431223E3C2F73657175656E6365466C6F773E0A20203C2F70726F636573733E0A20203C62706D6E64693A42504D4E4469616772616D2069643D2242504D4E4469616772616D5F42696464696E6750726F6A656374537570706C6965724170706C794175646974223E0A202020203C62706D6E64693A42504D4E506C616E652062706D6E456C656D656E743D2242696464696E6750726F6A656374537570706C6965724170706C794175646974222069643D2242504D4E506C616E655F42696464696E6750726F6A656374537570706C6965724170706C794175646974223E0A2020202020203C62706D6E64693A42504D4E53686170652062706D6E456C656D656E743D225F32222069643D2242504D4E53686170655F5F32223E0A20202020202020203C6F6D6764633A426F756E6473206865696768743D2233352E30222077696474683D2233352E302220783D223138302E302220793D223132302E30223E3C2F6F6D6764633A426F756E64733E0A2020202020203C2F62706D6E64693A42504D4E53686170653E0A2020202020203C62706D6E64693A42504D4E53686170652062706D6E456C656D656E743D2266696E616C4175646974222069643D2242504D4E53686170655F66696E616C4175646974223E0A20202020202020203C6F6D6764633A426F756E6473206865696768743D2235352E30222077696474683D223130352E302220783D223236302E302220793D223131302E30223E3C2F6F6D6764633A426F756E64733E0A2020202020203C2F62706D6E64693A42504D4E53686170653E0A2020202020203C62706D6E64693A42504D4E53686170652062706D6E456C656D656E743D22656E646576656E7431222069643D2242504D4E53686170655F656E646576656E7431223E0A20202020202020203C6F6D6764633A426F756E6473206865696768743D2233352E30222077696474683D2233352E302220783D223431302E302220793D223132302E30223E3C2F6F6D6764633A426F756E64733E0A2020202020203C2F62706D6E64693A42504D4E53686170653E0A2020202020203C62706D6E64693A42504D4E456467652062706D6E456C656D656E743D22666C6F7731222069643D2242504D4E456467655F666C6F7731223E0A20202020202020203C6F6D6764693A776179706F696E7420783D223231352E302220793D223133372E30223E3C2F6F6D6764693A776179706F696E743E0A20202020202020203C6F6D6764693A776179706F696E7420783D223236302E302220793D223133372E30223E3C2F6F6D6764693A776179706F696E743E0A2020202020203C2F62706D6E64693A42504D4E456467653E0A2020202020203C62706D6E64693A42504D4E456467652062706D6E456C656D656E743D22666C6F7732222069643D2242504D4E456467655F666C6F7732223E0A20202020202020203C6F6D6764693A776179706F696E7420783D223336352E302220793D223133372E30223E3C2F6F6D6764693A776179706F696E743E0A20202020202020203C6F6D6764693A776179706F696E7420783D223431302E302220793D223133372E30223E3C2F6F6D6764693A776179706F696E743E0A2020202020203C2F62706D6E64693A42504D4E456467653E0A202020203C2F62706D6E64693A42504D4E506C616E653E0A20203C2F62706D6E64693A42504D4E4469616772616D3E0A3C2F646566696E6974696F6E733E, '0');
INSERT INTO `act_ge_bytearray` VALUES ('2506', '1', 'E:\\WorkSpace\\OneWorkSpace\\one\\one-workflow\\target\\classes\\processes\\BiddingProjectPublishAudit.bpmn', '2501', 0x3C3F786D6C2076657273696F6E3D22312E302220656E636F64696E673D225554462D38223F3E0D0A3C646566696E6974696F6E7320786D6C6E733D22687474703A2F2F7777772E6F6D672E6F72672F737065632F42504D4E2F32303130303532342F4D4F44454C2220786D6C6E733A7873693D22687474703A2F2F7777772E77332E6F72672F323030312F584D4C536368656D612D696E7374616E63652220786D6C6E733A7873643D22687474703A2F2F7777772E77332E6F72672F323030312F584D4C536368656D612220786D6C6E733A61637469766974693D22687474703A2F2F61637469766974692E6F72672F62706D6E2220786D6C6E733A62706D6E64693D22687474703A2F2F7777772E6F6D672E6F72672F737065632F42504D4E2F32303130303532342F44492220786D6C6E733A6F6D6764633D22687474703A2F2F7777772E6F6D672E6F72672F737065632F44442F32303130303532342F44432220786D6C6E733A6F6D6764693D22687474703A2F2F7777772E6F6D672E6F72672F737065632F44442F32303130303532342F44492220786D6C6E733A746E733D22687474703A2F2F7777772E61637469766974692E6F72672F746573746D313439343439333435383637392220747970654C616E67756167653D22687474703A2F2F7777772E77332E6F72672F323030312F584D4C536368656D61222065787072657373696F6E4C616E67756167653D22687474703A2F2F7777772E77332E6F72672F313939392F585061746822207461726765744E616D6573706163653D22687474703A2F2F7777772E61637469766974692E6F72672F746573746D31343934343933343538363739222069643D226D3134393434393334353836373922206E616D653D22223E0D0A20203C70726F636573732069643D2242696464696E6750726F6A6563745075626C697368417564697422206E616D653D22E68B9BE6A087E9A1B9E79BAEE58F91E5B883E5AEA1E6A0B82220697345786563757461626C653D227472756522206973436C6F7365643D2266616C7365222070726F63657373547970653D224E6F6E65223E0D0A202020203C73746172744576656E742069643D225F3222206E616D653D2253746172744576656E74223E3C2F73746172744576656E743E0D0A202020203C757365725461736B2069643D2266696E616C417564697422206E616D653D22E5AEA1E6A0B8223E3C2F757365725461736B3E0D0A202020203C73657175656E6365466C6F772069643D22666C6F77312220736F757263655265663D225F3222207461726765745265663D2266696E616C4175646974223E3C2F73657175656E6365466C6F773E0D0A202020203C656E644576656E742069643D22656E646576656E743122206E616D653D22456E64223E3C2F656E644576656E743E0D0A202020203C73657175656E6365466C6F772069643D22666C6F77322220736F757263655265663D2266696E616C417564697422207461726765745265663D22656E646576656E7431223E3C2F73657175656E6365466C6F773E0D0A20203C2F70726F636573733E0D0A20203C62706D6E64693A42504D4E4469616772616D2069643D2242504D4E4469616772616D5F42696464696E6750726F6A6563745075626C6973684175646974223E0D0A202020203C62706D6E64693A42504D4E506C616E652062706D6E456C656D656E743D2242696464696E6750726F6A6563745075626C6973684175646974222069643D2242504D4E506C616E655F42696464696E6750726F6A6563745075626C6973684175646974223E0D0A2020202020203C62706D6E64693A42504D4E53686170652062706D6E456C656D656E743D225F32222069643D2242504D4E53686170655F5F32223E0D0A20202020202020203C6F6D6764633A426F756E6473206865696768743D2233352E30222077696474683D2233352E302220783D223138302E302220793D223132302E30223E3C2F6F6D6764633A426F756E64733E0D0A2020202020203C2F62706D6E64693A42504D4E53686170653E0D0A2020202020203C62706D6E64693A42504D4E53686170652062706D6E456C656D656E743D2266696E616C4175646974222069643D2242504D4E53686170655F66696E616C4175646974223E0D0A20202020202020203C6F6D6764633A426F756E6473206865696768743D2235352E30222077696474683D223130352E302220783D223236302E302220793D223131302E30223E3C2F6F6D6764633A426F756E64733E0D0A2020202020203C2F62706D6E64693A42504D4E53686170653E0D0A2020202020203C62706D6E64693A42504D4E53686170652062706D6E456C656D656E743D22656E646576656E7431222069643D2242504D4E53686170655F656E646576656E7431223E0D0A20202020202020203C6F6D6764633A426F756E6473206865696768743D2233352E30222077696474683D2233352E302220783D223431302E302220793D223132302E30223E3C2F6F6D6764633A426F756E64733E0D0A2020202020203C2F62706D6E64693A42504D4E53686170653E0D0A2020202020203C62706D6E64693A42504D4E456467652062706D6E456C656D656E743D22666C6F7731222069643D2242504D4E456467655F666C6F7731223E0D0A20202020202020203C6F6D6764693A776179706F696E7420783D223231352E302220793D223133372E30223E3C2F6F6D6764693A776179706F696E743E0D0A20202020202020203C6F6D6764693A776179706F696E7420783D223236302E302220793D223133372E30223E3C2F6F6D6764693A776179706F696E743E0D0A2020202020203C2F62706D6E64693A42504D4E456467653E0D0A2020202020203C62706D6E64693A42504D4E456467652062706D6E456C656D656E743D22666C6F7732222069643D2242504D4E456467655F666C6F7732223E0D0A20202020202020203C6F6D6764693A776179706F696E7420783D223336352E302220793D223133372E30223E3C2F6F6D6764693A776179706F696E743E0D0A20202020202020203C6F6D6764693A776179706F696E7420783D223431302E302220793D223133372E30223E3C2F6F6D6764693A776179706F696E743E0D0A2020202020203C2F62706D6E64693A42504D4E456467653E0D0A202020203C2F62706D6E64693A42504D4E506C616E653E0D0A20203C2F62706D6E64693A42504D4E4469616772616D3E0D0A3C2F646566696E6974696F6E733E, '0');
INSERT INTO `act_ge_bytearray` VALUES ('2507', '1', 'E:\\WorkSpace\\OneWorkSpace\\one\\one-workflow\\target\\classes\\processes\\BiddingProjectTest.bpmn', '2501', 0x3C3F786D6C2076657273696F6E3D22312E302220656E636F64696E673D225554462D38223F3E0D0A3C646566696E6974696F6E7320786D6C6E733D22687474703A2F2F7777772E6F6D672E6F72672F737065632F42504D4E2F32303130303532342F4D4F44454C2220786D6C6E733A7873693D22687474703A2F2F7777772E77332E6F72672F323030312F584D4C536368656D612D696E7374616E63652220786D6C6E733A7873643D22687474703A2F2F7777772E77332E6F72672F323030312F584D4C536368656D612220786D6C6E733A61637469766974693D22687474703A2F2F61637469766974692E6F72672F62706D6E2220786D6C6E733A62706D6E64693D22687474703A2F2F7777772E6F6D672E6F72672F737065632F42504D4E2F32303130303532342F44492220786D6C6E733A6F6D6764633D22687474703A2F2F7777772E6F6D672E6F72672F737065632F44442F32303130303532342F44432220786D6C6E733A6F6D6764693D22687474703A2F2F7777772E6F6D672E6F72672F737065632F44442F32303130303532342F44492220747970654C616E67756167653D22687474703A2F2F7777772E77332E6F72672F323030312F584D4C536368656D61222065787072657373696F6E4C616E67756167653D22687474703A2F2F7777772E77332E6F72672F313939392F585061746822207461726765744E616D6573706163653D22687474703A2F2F7777772E61637469766974692E6F72672F74657374223E0D0A20203C70726F636573732069643D2242696464696E6750726F6A6563745465737422206E616D653D22E6B58BE8AF95E5A49AE7BAA7E5AEA1E6A0B82220697345786563757461626C653D2274727565223E0D0A202020203C73746172744576656E742069643D2273746172746576656E743122206E616D653D225374617274223E3C2F73746172744576656E743E0D0A202020203C757365725461736B2069643D22757365727461736B3122206E616D653D22E4B880E7BAA7E5AEA1E6A0B8223E3C2F757365725461736B3E0D0A202020203C73657175656E6365466C6F772069643D22666C6F77312220736F757263655265663D2273746172746576656E743122207461726765745265663D22757365727461736B31223E3C2F73657175656E6365466C6F773E0D0A202020203C757365725461736B2069643D22757365727461736B3222206E616D653D22E4BA8CE7BAA7E5AEA1E6A0B8223E3C2F757365725461736B3E0D0A202020203C73657175656E6365466C6F772069643D22666C6F77322220736F757263655265663D22757365727461736B3122207461726765745265663D22757365727461736B32223E3C2F73657175656E6365466C6F773E0D0A202020203C757365725461736B2069643D22757365727461736B3322206E616D653D22E4B889E7BAA7E5AEA1E6A0B8223E3C2F757365725461736B3E0D0A202020203C73657175656E6365466C6F772069643D22666C6F77332220736F757263655265663D22757365727461736B3222207461726765745265663D22757365727461736B33223E3C2F73657175656E6365466C6F773E0D0A202020203C757365725461736B2069643D22757365727461736B3422206E616D653D22E59B9BE7BAA7E5AEA1E6A0B8223E3C2F757365725461736B3E0D0A202020203C73657175656E6365466C6F772069643D22666C6F77342220736F757263655265663D22757365727461736B3322207461726765745265663D22757365727461736B34223E3C2F73657175656E6365466C6F773E0D0A202020203C656E644576656E742069643D22656E646576656E743122206E616D653D22456E64223E3C2F656E644576656E743E0D0A202020203C73657175656E6365466C6F772069643D22666C6F77352220736F757263655265663D22757365727461736B3422207461726765745265663D22656E646576656E7431223E3C2F73657175656E6365466C6F773E0D0A20203C2F70726F636573733E0D0A20203C62706D6E64693A42504D4E4469616772616D2069643D2242504D4E4469616772616D5F42696464696E6750726F6A65637454657374223E0D0A202020203C62706D6E64693A42504D4E506C616E652062706D6E456C656D656E743D2242696464696E6750726F6A65637454657374222069643D2242504D4E506C616E655F42696464696E6750726F6A65637454657374223E0D0A2020202020203C62706D6E64693A42504D4E53686170652062706D6E456C656D656E743D2273746172746576656E7431222069643D2242504D4E53686170655F73746172746576656E7431223E0D0A20202020202020203C6F6D6764633A426F756E6473206865696768743D2233352E30222077696474683D2233352E302220783D223138302E302220793D223136302E30223E3C2F6F6D6764633A426F756E64733E0D0A2020202020203C2F62706D6E64693A42504D4E53686170653E0D0A2020202020203C62706D6E64693A42504D4E53686170652062706D6E456C656D656E743D22757365727461736B31222069643D2242504D4E53686170655F757365727461736B31223E0D0A20202020202020203C6F6D6764633A426F756E6473206865696768743D2235352E30222077696474683D223130352E302220783D223236302E302220793D223135302E30223E3C2F6F6D6764633A426F756E64733E0D0A2020202020203C2F62706D6E64693A42504D4E53686170653E0D0A2020202020203C62706D6E64693A42504D4E53686170652062706D6E456C656D656E743D22757365727461736B32222069643D2242504D4E53686170655F757365727461736B32223E0D0A20202020202020203C6F6D6764633A426F756E6473206865696768743D2235352E30222077696474683D223130352E302220783D223431302E302220793D223135302E30223E3C2F6F6D6764633A426F756E64733E0D0A2020202020203C2F62706D6E64693A42504D4E53686170653E0D0A2020202020203C62706D6E64693A42504D4E53686170652062706D6E456C656D656E743D22757365727461736B33222069643D2242504D4E53686170655F757365727461736B33223E0D0A20202020202020203C6F6D6764633A426F756E6473206865696768743D2235352E30222077696474683D223130352E302220783D223536302E302220793D223135302E30223E3C2F6F6D6764633A426F756E64733E0D0A2020202020203C2F62706D6E64693A42504D4E53686170653E0D0A2020202020203C62706D6E64693A42504D4E53686170652062706D6E456C656D656E743D22757365727461736B34222069643D2242504D4E53686170655F757365727461736B34223E0D0A20202020202020203C6F6D6764633A426F756E6473206865696768743D2235352E30222077696474683D223130352E302220783D223731302E302220793D223135302E30223E3C2F6F6D6764633A426F756E64733E0D0A2020202020203C2F62706D6E64693A42504D4E53686170653E0D0A2020202020203C62706D6E64693A42504D4E53686170652062706D6E456C656D656E743D22656E646576656E7431222069643D2242504D4E53686170655F656E646576656E7431223E0D0A20202020202020203C6F6D6764633A426F756E6473206865696768743D2233352E30222077696474683D2233352E302220783D223836302E302220793D223136302E30223E3C2F6F6D6764633A426F756E64733E0D0A2020202020203C2F62706D6E64693A42504D4E53686170653E0D0A2020202020203C62706D6E64693A42504D4E456467652062706D6E456C656D656E743D22666C6F7731222069643D2242504D4E456467655F666C6F7731223E0D0A20202020202020203C6F6D6764693A776179706F696E7420783D223231352E302220793D223137372E30223E3C2F6F6D6764693A776179706F696E743E0D0A20202020202020203C6F6D6764693A776179706F696E7420783D223236302E302220793D223137372E30223E3C2F6F6D6764693A776179706F696E743E0D0A2020202020203C2F62706D6E64693A42504D4E456467653E0D0A2020202020203C62706D6E64693A42504D4E456467652062706D6E456C656D656E743D22666C6F7732222069643D2242504D4E456467655F666C6F7732223E0D0A20202020202020203C6F6D6764693A776179706F696E7420783D223336352E302220793D223137372E30223E3C2F6F6D6764693A776179706F696E743E0D0A20202020202020203C6F6D6764693A776179706F696E7420783D223431302E302220793D223137372E30223E3C2F6F6D6764693A776179706F696E743E0D0A2020202020203C2F62706D6E64693A42504D4E456467653E0D0A2020202020203C62706D6E64693A42504D4E456467652062706D6E456C656D656E743D22666C6F7733222069643D2242504D4E456467655F666C6F7733223E0D0A20202020202020203C6F6D6764693A776179706F696E7420783D223531352E302220793D223137372E30223E3C2F6F6D6764693A776179706F696E743E0D0A20202020202020203C6F6D6764693A776179706F696E7420783D223536302E302220793D223137372E30223E3C2F6F6D6764693A776179706F696E743E0D0A2020202020203C2F62706D6E64693A42504D4E456467653E0D0A2020202020203C62706D6E64693A42504D4E456467652062706D6E456C656D656E743D22666C6F7734222069643D2242504D4E456467655F666C6F7734223E0D0A20202020202020203C6F6D6764693A776179706F696E7420783D223636352E302220793D223137372E30223E3C2F6F6D6764693A776179706F696E743E0D0A20202020202020203C6F6D6764693A776179706F696E7420783D223731302E302220793D223137372E30223E3C2F6F6D6764693A776179706F696E743E0D0A2020202020203C2F62706D6E64693A42504D4E456467653E0D0A2020202020203C62706D6E64693A42504D4E456467652062706D6E456C656D656E743D22666C6F7735222069643D2242504D4E456467655F666C6F7735223E0D0A20202020202020203C6F6D6764693A776179706F696E7420783D223831352E302220793D223137372E30223E3C2F6F6D6764693A776179706F696E743E0D0A20202020202020203C6F6D6764693A776179706F696E7420783D223836302E302220793D223137372E30223E3C2F6F6D6764693A776179706F696E743E0D0A2020202020203C2F62706D6E64693A42504D4E456467653E0D0A202020203C2F62706D6E64693A42504D4E506C616E653E0D0A20203C2F62706D6E64693A42504D4E4469616772616D3E0D0A3C2F646566696E6974696F6E733E, '0');
INSERT INTO `act_ge_bytearray` VALUES ('2508', '1', 'E:\\WorkSpace\\OneWorkSpace\\one\\one-workflow\\target\\classes\\processes\\SupplierPurchaseTypeApply.SupplierPurchaseTypeApply.png', '2501', 0x89504E470D0A1A0A0000000D49484452000001C7000000AF0806000000882C153100000C4D4944415478DAEDDD5D6CD5E51D07701367B20B13BDF042138D9AEDC28BC5ECC20B8D33E1C26C179AA989A52245ABD2A6628DC4A8C0D440A804A72623D14A8C8946A338E34494204EA8BCA5B309BE3004F10D1159291419223A5EF5BFE777D2D3FC291428F49C9ED3F3F9244F38ED3908D4FFF37CFFCFEBFFB4D3000000000000000000000000000000000000000000000000000000000000000000000000000000000000000000000000000000000000000000000000000000000000000000000000000000000000000000000000000000000000000000000000000000000000000000000000000000000000000000000000000000000000000000000000000000000000000000000000000000000000000000000000000000000000000000000000000000000000000000000000000000000000000000000000000000CA2ACBB25F7DFDF5D7AF757575FDDCD1D1912D59B244A980B274E9D26CE5CA95DFA5D2E02A0528B308C655AB5665BDBDBDD9FEFDFB950A2A3B76ECC856AC58B13B05E58DAE5480328A1EA360ACE880DC9F7A921B5CA900651443A942A8B24B0AC783AE5480328AF92D0154F1E198B952012A301C7FFCBE27FB7AF5F3D9FAA5330B255EC7F784977004A8C970DCB3AB3B5BF7CF87B37F2FBAFFB012DF8BF704987004A8B970DCB2FEAD2382B158FEB37EA100138E00B5178E1B96FD75D0708CF704987004A8B9705CB764C6A0E118EF0930E1782AC68D1B774E7D7DFD4DC9E3A92C4B654B2A59AEF4A4F27EFACCB3E9B313D3EB8BD45C18463366CC38BBBDBDFD91B6B6B60F1E7EF8E11D93264D3A307EFCF8FE4AD8DCDC7CE881071ED83573E6CC354F3FFDF4330F3DF4D06F84A370148EA53176ECD8AB53E0BD91EADEDE016178BC7230C23295C63163C6FC4ACB062769D6AC597F9A3E7DFAC70D0D0DBFA450CC162C5890AD5DBBB6702ACCA14387B2A29D3B77669F7DF659F6CE3BEF644F3CF144169F4F61B925FD9EE6D15A094F241C6375EA60E118EF0930E1381429D42E4B65F5100371B0B2217A935A391882C993275F346DDAB43513274EFCE5B5D75E2B84DF501C387020EBECECCC520FF297D4CBDCD6D4D4F4E75A0CC72F3B9F1A341CE33D01261C8730843ABBAFE7D71F70317A337BF6EC2CEAE8FAF5EBB39E9E9E6CEFDEBDFD75306E62BFF8E28B6CFEFCF985CF4D9830E16821B938FD77CED7EAC171A4DE5EEB1D77DC71F085175EC87EFAE9A7EC54AD5EBD3A4BE178A0A5A565415D5DDD99B5148E3BBBD766EBDE9D7EE4906AFA5EBC27C084E3F1449DE99B4FEC0FB4C6C6C6ECA5975E2A84DF50447D8ED19F74F37B5840D6D7D7EF4ABF8ED1FAC120A64E9DFACC5D77DD75E8C30F3FCC86D30F3FFC90B5B7B71F48957A6BAAECE7D64A3846D9F4C18B4784637C4F7809C7130CC655F9208BE98DE8219E8A981279FBEDB7B3FCBA8154F6A4E2A076385A30B6B6B6FE3CD4BBD1A198376FDECF0D0D0DBB53A5FF6D4D84E3BE7DD997FF9A7BE4906AFA5EBC27C084E3B10CEC31C6F0697EAEFF5475777767F7DF7F7F3E20F7A65EE4B55A43C80DA5468FB194C158F4E69B6FEE4B01D95DED3DC8E385639C80F345E79383CE39C67B4EC9118E83E99B63EC0FAEAEAEAE92D4C798A38CF9C87C0F32FDD9976815A979B1F826E618D7AC599395CBCB2FBFBCF5E69B6F7EAB9A57B20E1A8EA947D8F3E57BD927EFFC65D0602C96F84C7C562F52380EE8315E965F7C133DC6528AC53BB366CD3A6C7F64ECA1D43A52EBC3A99FC4E29B72BBE79E7BB6D6D7D7B78EA6703C5E6F512F52389E88542F3ECECF310EE750EAB1D605343535E517E9FC4DEB48CD8A7D8CB15D633856A59EC47CC7A1D47BFC6FB5DEA11E2D1C4FA4B778AC5EA440138EB1C13FBF2AF55417DF0C452CC41BB040E722AD24352936F8C71EA891F2E8A38FAE8FB995D1128E271B8CC522D084630AA485C5808AED1AE5168778E402F271AD2435278E848B936C86BAC17F987B8FBD291CBFABC6B9470F3B168EC32D46518A47C2C5368B722C901B68E3C68D87ED7F4CBDD7B3B596D494B973E7CE8EF98C9176E79D777E9E1A853F0847A5D6C3B1EF10F14230C50AD291923F2420D5CDEBB596D49438447CE1C285231E8E73E6CCE9ACA4A1D5F477597222612D1C85E3705F577D4FD728CB0AD56379F5D5572DCCA176C5D335E210F191D6D5D5B526363B57CACF2577C7BC24350C970B47E158AEEB2ABFE93F0EF21FC13A99EF392ED15A5253E2B1532331A731D0B66DDBE299733D95D688E50F663EDA1DBF70148EC37D5DE59FC758CE55AA037DFBEDB787ED79D45A525362C2BF1CFBA74E4454C20A6EC4FAEFA0F38D9970148EC37D5DE5BF5F7CBAC648884301F27F17AD2535252EFA4A510DE198BFE38F6131E1281C87FBBACA7F5D09755238A2E7584115B15A4AB58663FA5F5FD8CB76BCCFDC7EFBEDFD5FEFDEBDBBF0BD6AFB3757E375A5E708E61C0B76ECD8B1B5C2E71C8B65753CB1A0B827B35A8262C58A1571D87B76CB2DB7147E3DEFBCF3B2ABAEBAAAF03ACAEBAFBF9E5D7CF1C54784639CCE12A158FC6C7CAFA5A5A5FF752C18D1731CDEEBCA9C235480071F7CF0BB787A7885AC565D55C18DD861A1586D738E1164B1343FFF755B5B5BFFD7679C7146366DDAB4C2EB74A35208BFD34F3F3DBBF4D24BE304A3420FE6A38F3E2AFCBEF8D5B06AE9AE2BAB55A102C43EC778E06925EC73ACA463AA728DD7FBB1017AB0D37BAA251CF7ECD993757474F4F7148B43A6F1FA861B6E28F428F39F8F308CCF5C77DD7587056A3CB565D1A24585D75BB66C118E25B8AED27B4F56C23EC7F8B3737FDF27B596D494F6F6F627E2313523ADB5B5755DAA80632AA8113B6A4FB15AC3B1186ED1E0155F4730C6EBC58B1767679D75D651C3314A1C1211BFC650ECBC79F30AAF57AD5AA5E758A2EB2A856643259C9033E001C8376A2DA929A9029C7BEBADB78EC81339727B1CE36CD51F1B1B1B7F5D6D3FBF6A0BC72BAFBCF2889E63845EBE8718258660E333119C175E7861A1C718D7487158F5B4BEB947E138FCC68F1F7F7EFE6CD5788CD408CF37EEF55C476AD2942953BE5ABE7CF98885E3534F3DF541BA9B7EB61A7F76A3351CE37B175C70416128B6380F19BF270EA47EF7DD770BAFD7AD5B271C4BD7C3EC9F771C8927E6CC9D3B371F8ECF6B25A94953A74E1D77DF7DF7FD3C125B3A526FE4603CCF31EE968563694BF402F341591C568D451F9F7EFA69FF7B9B366D2AF41263414E04681C2F18BDC778AF38C45A4D8B72AA311CF343AB93264D2AEB968EEEEEEE428FB5F8E7A7FAF97BAD24352B55C06D318F546E6D6D6D6BAB79B2BF9AF73916C3F1589F490D63E1753CD22CBE2EAE688DD7D75C738D702C91BE2D1D9F14036AC1820565AB933367CECC1F38FE86D6919AD6DCDCFCC7A6A6A603BB76ED2A5B254CBD8F2FD31DF257757575670AC7CA0CC7F8F7C51EC92BAEB8E2A8EF57C3C29C6A0CC781BDC7E8C97DF3CD3725AF93B1723D379C7A3085E3EFB48ED4BC9696967FCC9933E760398657B76EDDFA530CA78E1D3BF6EA6AFE99393E4ECFB19452402D2C86D5BDF7DE9B9572E15C6767E761C3A9A9B46815A16F28E7B6DB6EDBF4E28B2F1E286530F6F6F61E6A6C6CDC9AEE8C2757FBCF4C380AC752AAABAB3B3785D48E6260C5B6AB38D6AD14C118A721598403830FE59C3361C2849DF3E7CFDF5FAA1E635F30CE1E0D3F2FE1281C4B2D0EB84F655731B8624E30E68087732875408F7171354F7540C9C4CAD1868686EEE79E7B6EDB70CF31C650EA68E8310A47E158E69BD6EB8B7B1FA3442F2F8E773BD555A9D3A74F3FE2A92082118ED3834C41F656AC62DDBC79F3BE53DDAE11AB5263F14DB5CF310A47E13852A2EEA4F0DA930FB3384167A8E7AFC606FFD8C738A0B758184A158C70E2433AAD2924B73FF2C8239F6CDCB871483DC938F9A6BDBD7D75F41653C59B3B1A2B9E70148E65BE69BD24FFD48E62B9FBEEBBB3575E79A5B07A3856B516E725E3D708C3E865C6D18153A64C39DA13410E5A7C032721422D559E1951299B9B9B3F7FECB1C7DE5FB66CD947A9D26DCE87E1CE9D3BB7C7D335E210F1382B358E848B936FAA7583BF70148E955A1F63CE7E602FF2644AEC63B45D0386A72779795F50C613CB37F5DD75F63FF32D9E36104FD78843C4ABF1AC54E1281CAB45DF19AC6DF9C53A275862EEF27927DF00C251388E5A7113DA371FF978DF4DEBC061D79E781E639C449582F426878803C25119F5E108201C15E108201C15E108201C15E108201C15E10830AA74747408A0CA2E7B53381E74A50294D1CA952B7B7A7B7B85508596EEEEEEBFA770DCE04A0528A3F7DE7BEFBAE5CB977FBF7DFBF6FF09A3CAEA3146302E5DBA74732A37BA5201CA2C35BED7A6DEC9EA18BE8BF92DA5224AFCBFD82018010000000000000000000000000000809AF37F71E27A07D43809FA0000000049454E44AE426082, '1');
INSERT INTO `act_ge_bytearray` VALUES ('2509', '1', 'E:\\WorkSpace\\OneWorkSpace\\one\\one-workflow\\target\\classes\\processes\\leave.leave.png', '2501', 0x89504E470D0A1A0A0000000D49484452000002D90000015B080600000000DD92D00000304F4944415478DAEDDD0B989C55992FFAE8E08C3EE82847DC0E473D0C7BBBDD3C6E6636C7C1518E8393F1A0849141074D9AEE4E427B2162044910040672924D64C30823B91040E52E8290215C2201493A4D12432201C49040B85F42B82444AE315C82EBACB7A6BEDE954E773A9DAEEEAEEAFEFD9E673D75EDEEE4FBEA5DEB5FAB567DDFB061000040DF9838A3EDC063672E3CF4D594BEFF544A93E2B268F39E4F17A594C64C98BEF0E489E72CF8CFC74D5FF00FF1FC78DE652BD30D6B539A3C6DC1A6DBF373FEE9D8196D278E9FD5F66E5B140080216FC2F4D63113CE69DB77554A67E6B0FCAD08D7F9FA196FA674FC4F96A75B23584F98B1F0DCFF1DCA5BBFF0DDE90BFF263FF7E05F6E4C174D99D2B6CBB133169E6E4B02004011B2672E9C119777BF9466C6E5942953DE5E11C08F8FCB4752FA9F31839D83F5C827539AF4444A93AF7F3A5D7E5F4A3F989783F6CFEE4B73F263071D3BA3F5EC08DDB62A0000435A2CF388CBEB9E4A3F8B209D03F49408D271FDE2BBD34DF1D89DBF4FB3223CC7B29008D34FA7746ACC78FF3EA593F3EDAF4D9CDE36E27B33DBF6B6350100208BA520317B3DBD75D3D2B87C38A5A91366B436E6F0BCEFA22DE9DC63A72DF8E084196DCD1367B57D3407EFA9F9FEB1D7AF4D5744C8BEE1B97459BEDD326166DBE4E3CE5DF0315B13008021EF9819F3FE7CE2CCD6A37250FEECA5BF4DBFCC97DF3EEFD77F6CCB97DFF9F727D395B1463B07E82F4F9CB1F0EF73183F6CE2CC85E363A67B694A3322645FB822DD1C33DEF9B18B6C4D0000C88E9BBEF01FA3BD99D271A5A3889CBB60FF7CF9E598D15EBC25CDCCD7DF3961FAC2E3A64CB9E64FE3CB8EDF3BB775CF58979DDBB1C7CC58F0F11CB8FFBF08EAC74E5BF8A9B8B445010018F226CC689D1087DD2B2EB77AACFC85C8B88CD9EE78FCFCA5A9352EAF7D3A5D3EE19CC57B44D0FEC5FDE9DF63BDF6C4E9AD3FF3A547000086BCE2D07B9587E03B66C6E20FE460FDE3B7529A109729A5A3F3E567F2E57FBAE43F96947CFDDC456F2EBAE0F6B4205F3FEA8617D345DF3E6FC96ED16C5100000000000000000000000000000000000000000000000080212CA5B4CBAB297D3F5F5E97DBCF73BB38B78B725B9CDBEDBF4B69FEE2B7D2CC786EF9793FCAEDCADC4E7E2C3F27EE8B76D3FAB422DFF7F9785E9C91325F3F35EE5F95D219FFEBBAB52FE5DB175E78579A972F3F58F1B70FCC6DDC84E90B4F8E53C71F3BB3ADE1E617D34FE3F74C98D1DA1827E7B1870000A8D7A0FDC5059BD2051367B445E83DFFACB91B5EB8F037E95711922FB93BDD74DCAC451FC9F7BF3FB76511C4976E4C8FBC98D2EF36A4B424DFF140BEEF861FDDF2D2C67C7940F9F7EDF5A39B5F88D07D75B9FD6ADA82E736BE9CD289D73F9D2E9F7249DB3BCBCF7BDF59376DB8FB7BE7B6EE99AF8F88303F6146DB8DF1EF9871DB1B8BBF73EE82F7DB3B0000D46BC81E95DB57E66D4C179DFAB37BFF90AF4FBFE5C5F4D36367B68EAC7CDE9CA7D223F9B1EFE6F6BD9BD6A74B1E4E69EA7D29FD60E2CCD6A31E4AE9E6F2EFDA27B7CB72FB456E67E776CD25776D7A265F9E9EDBA53FF94D7A305FBEF3BBD3DBE2799F9FFD6829848F7F3EA57FB93107F04B7F976E7C2CA529BF7A39FDC49E0100A02EC5128D8933DAA69E76CD230F2D7C2DAD39F5D27B374720BE65E5CB8FB56E4EE71F377DE13F969E376DC15FCFDF9C1E9CB3365DB13AA5C5773CFE5604EE398FA7D43AFBE174F559BFDCF074CC50E7FB0ECEEDDF72BB319695AC4B697539705F76EFB3E9FE7CF9817218FFCC6B291D7FC99DE9A698B9BEF585F4D398E59EBB3E5D1A33E8D3166CBA7DCA946BFED41E0200A0EE4C9932E5ED39F0365CFF547A2C5FFEE087373EF74279D9C8BFCEB8ED8DB8EF7DF1BCEFCD6CDB7BDAFC579ECFB7E7DF9ED2FD67FD72FD6F2364C75291E54FA45539A09F17CF3B66C6BC3F8FF5DC57DE9756C53AEF5FAF4F8FC63AEF1B9F4B77E6CB3BBE7DDE92DD8ABF9B7FDFB209D3DB4EB927A533239CC7DFBDEAC1347BC2F4D631F1B8BD0300405DCAE1F6EB2BD7A735F9F2FBB106FAAC79CFFFBE1CB20FCFEDD69B7E9F96979FF7A17BDE28CD44DF70D18A179EFD4D0ECD17DE916219C8371E4CA540FDDDE277DEF46C7A3CDF5EF4C00BE977F972E9336FA53B7F74CB8B1B97A734AD78CE3133167CFC27CBD3AD13A7B78DC8CFF966CC60C79AED2BEE4B73AE7934FD2266CEED1D0000EA3160BF3B968644A82E07EB7F9CF28B359BE27AACC78E35D2F9BEFFB7FCDC6B62C9C7FD1B4A5F74BCE8968DE9A22D29FD265FDF6FCE532966B5DF1DB3D8C7CE683B315F5F92DBFF93DBCF5AFF901E8E2527AFA6744BBE7D44FCAE5806327146EB17CE5F9A5AF37DFFFDD8996DDFC89787C63291589B7DEC8C85A7DB3B0000D46BC8DE33826DAC8D2E7FA1F197D73CB8695D04DD68336F7B63717C413196783C9ED25DF9F1539E4C6952BE6C8943EDC5928E0B96A4853FFCE5732FC61148E277CE7932ADCC8FEF7BEE6DAFC7529303E277C6FAEB8933178E3FEDAA0762E9C841F1FBE2307FA75DFDF0C3F9F6DF5EB12ACD2905FB1CAEF3EDE69CDCFFEDB8E90BFEC11E0200A01E43F6FB279CD3B66FC5ED58637D7C5C9F32A56D970933DA9ACBF7EFF3404A774F98B970D2C4596D1F7DE03F8E14F23F72DBFBEC5B36AECB97B7949FF7A172A83E3042F67329CD7BEEADF4BB33AE5FB7EAD12DE9E658E73D71C6C2BF8FE7C672919CDA7F54FEB96FC56504FA0933169E37F147AD1FB2770000000000000000000000000000000000000000000000000000000000000000000000000000000000000000000000000000000000000000000000000000000000000000000000000000000000000000000000000000000000000000000000000000000000000000000000000000000000000000000000000000000000000000000000000000000000000000000000000000000000000000000000000000000000000000000000000000000000000000000000000000000000000000000000000000000000000000A0CFA5947679F4D147672F5FBEFCADD6D6D6347FFE7CAD06DA82050BD2E2C58B9FCF6DB45729FA0B4D7F81FA549FD49928C8254B96A4F5EBD7A7D75F7F5DABA1B661C386B468D1A29772817ED52B15FD85A6BF407DAA4FEA48BCE35590355D98AFE777C2F77BA5A2BFD0F417A84FF5491D898F94BCF86BBBE5A27CD32B15FD85A6BF407DAA4FEA48AC17F2C2AFF9A24C5EA9E82F34FD05EA537D32088BF2D5179F498FAEB824AD5E705AA9C5F5B84FD1284AF417FA0BFD05EA53539FEC4451BEF2C2BAB4EA5793D2EF6E3A61AB16F7C5630A4751D690F7D904FA0BFD859A569FEA537D521745B976F58DDB1464D19E5A3D57E128CA5A3122B754BE447FA1BF50D3EA537DAA4F6ABB28EF6FFBD72E8B321E53388AB2061C98DB0BB99D53BE3CC426D15FE82FD4B4FA549FEA939A2ECA55F3A7745994F198C251943532181F5231FBB5C1A0ACBFD05FA869F5A93ED5673F993265CAFB66CD9AF583A953A7DE3969D2A40DE3C78F7FA3B9B9391D7EF8E1A5366EDCB82DDFFFFEF75F38EDB4D3EE39EFBCF37E7CEAA9A7FE1745A92815655D0DC6DDDD8FFE427FA1A6D5A7FA549FD572FAE9A71F3479F2E4DF8E1E3DFA8F395CA7EBAFBF3EAD5CB9B27456A42D5BB6A4C2C68D1BD39A356BD22DB7DC92CE3EFBEC14CFCFA17B6DFE9971C3870FDF65A816657CFBB8ABA28CC7148EA21C2023BA19748BC7ADE7D45FE82FD4B4FA549FEAB39A264C98F097279F7CF23DDFFCE637FF387BF6EC5288EE8937DE78232D5DBA349D7AEAA97F1C3F7EFCB3471E79E4A143B1281F5A7A6E9745198F291C45398083717783ADD92FFD85FE424DAB4FF5A93EAB69D2A449477FE31BDF78F3B2CB2E4B9B366D4ABDB562C58A9443F61B471D75D4F523478E7CF7502ACA8DEB56A655B74EDEF6A3A57C5F3CA67014E5007D9C3CA28F9E8FFE427FA1A6D5A7A63E3B73D24927FDF83BDFF9CE96BBEEBA2B55D3CB2FBF9C66CD9AF5464B4BCBD33968FFC55029CA688FDD79F9364519F7291A45394083F1213BF173AF1894F517FA0B35AD3ED5A7FAEC45C03EFAE8A3DF8AF5D67DE5CA2BAF7C6BF4E8D12FE5A0FDD1215194AFBD961EBAFDFC6D3F5ACAF7C5630A4751D6F860EC6366FD85FE424DAB4FF5A93E7B239688C40C765F06ECC20D37DCF05A0EDAEBEA7D46BBBBA28C33403DB87466976BB8E23167895294FD60449506D3110665FD85FE424DAB4FF5A93E7B20BEE4186BB0EFB9E79ED45F7EFEF39F3FDDD4D474633D1F79A4CBA2CCEF689F796861BAF7967FE9B2208B16CF89E77A17AC28FB7830AED6C7C266BFF417FA0B35AD3ED5A7FADC51279D74D2BDF125C7FE76ECB1C73EDDD0D070F4602ACAEEDEED7A17AC2807E0E3E462307E5B6E47942F7BA2E3CFF9E294FE427FA1A6D5A7FA549FDD89E360C761FAAA7114919E5AB76EDD96A6A6A6DF373636EE3E588A7247DEED6EEF5DB04252947D343B1583E945B9A5F2E5DB7A301877F67382B6FE427FA1A6D5A7FA549FDB13279A9933674E1A28679E79E6EA1CB2CF182C45B9B305593485A428FBE8E3DF23CA836AEAC1A05C3918176D6C271F5B5B3AA2BFD05FA869F5A93E8DE795E254E97166C69E9E68A6CAB3D9EB73C87EBE1ED766EFE8217F3445D98FBA1A243B1B5CB7372877F6FC0B3B79BEF59CFA0BFD859A569F9AF1BCA3F3CF3FFF8C3855FA40FBF6B7BFFD400EDA7FA72835217BD8B05C0BF377B21EBAFB42D48E0ECA3B3A180FF331F38EEF2FFDC5D0ED2FD4B4FAD486E0783E75EAD43BE7CE9D3BE0217BDAB4694B6B69C988A2549403E9F0C30F4FD1E275D8D0D0F0E91E7E9CDCDDA0D8DDA0DCD3C1B8F2EF6F188A33DA3BBABFF41743B7BF50D3EA531B82E3F9A4499336AC5CB972C043F6F2E5CBEFC945D0A6283521FB7FBFFE2ADACDDDBCE9EBE9C7BB5D0DCA6FDFC9C1B8BB8FB58744C8EE6E7FE92F846C35AD3EB521349E8F1F3FFE8DFE38F94C779E7DF6D967F20BFF1945A909D99DBEFEDADFF475F23ADCD9F5939D0DCA0FF46230EEEDBF673085EC4EF797FE42C856D3EA531B42E379737373DAB2654BAA05F1A257949A90DDF5EBAFF24D5FF91396DECE32753628F76630EEE9C7DC833A6477DC5FFA0B215B4DAB4F6D088DE7F102AB15F510B21565FDB51DD89775D90E3BECB062E03CA7972FF7B77732DBF540F9FEDE3867B06EFB9D6DFA0BFD859A569F9A99EC010BD943BD28A333FCE10F7FB8D50BAAA9A929DD70C30DE93DEF794F5AB56A55FB634F3FFD74E9F971DF430F3D94BEF8C52F965A3CF7231FF948FAC94F7EB2D5EF5EB3664DE9F9F173CB962D4BA3468D2AB5B163C7967E261EABFC993BEEB823FDF33FFF73FB73BA7A5E57FF8FB3CF3EBBDBE71C7FFCF1A5EB575F7D75DABC7973FBFD575C718599ECCEDB8AFCE6EE908AC35DF6F6F4CADB9BF5EAC9C92DCC64EFC0FEAA95413CF66FF42B3BFAFCA8FB8F7DEC633DFAFDB552FF753093ADA6D5E74ED570C77138EAA8A8D318E72B1F5BBA7469FAE8473F9AF2FFB554CF7FFDD77FDD9E03E2F6AEBBEE2A640FE635D91B366C78BAC6D764F769512E5AB4A8F4429F3A756AA978A258A218A215C55239F844606E6B6B4B9FFAD4A7D257BEF2951467EB2C06A9685130071D74D0567FE31DEF78477AEF7BDF1BEBDFDB9F7BD34D37957E6FFC7CC77FD3073EF081F4B9CF7DAED3E2EE380816FFFE2288EFB1C71EE980030E285D8F76EDB5D7A6BDF6DA6B9BDF73E18517B65FBFFCF2CBDBAFC7FF5FC8DEEE40DC71F07BA58FD66FEECCA06C4D7617FBAB96427667B51D2DFA86E857A255D673B4A29E2FBEF8E2D2EF78EAA9A76ABEFE6B3864AB69F5D9EB901D979FFFFCE74BAFDB2BAFBC32CD9E3DBB34F116F7B7B6B66EF5FC3BEFBCB374F9C8238F942EE3B9AFBCF24AFBE3D75D779D905D6DA79C72CAF3AB57AFAE95A38B2C19AA45192FF478A759DCBEF9E69BDB5FF8314B1D8F15F755CE62DF7AEBAD9DFEBE8E213B7E7F3CFFBEFBEE2B5DC6A017035C84EEFC46AB7D86BA326CC7A0B7DB6EBBA5E38E3B6E9B99ECF83DC500DBD9C018B7E30D4365C03FF9E4934BD71F7BECB1F6DFF3D9CF7EB6F477E27ABC71287E368E781397D3A74F1FEA217B596363E39777E0444D3D9D65EAEA905E9D1D89A02783F2503FBAC876F7572D85EC7813DDD5E3D10F44BF137D48C7901D03F3DE7BEFBDCDEFABD5FAAFC190ADA6D567AF5ACC402F59B264AB7A8DFD1A7519F5F9AE77BD2BBDF4D24BDBD46831FECF9A35ABBDCE0E3EF8E0ADC67521BBCAE238D9F3E6CDAB89E364E702386B281765BCC823C8C62014D79F78E289F6901D976BD7AE6D7F6ECC46C77D5DFDFD8E213B9EFBDDEF7EB7F4BBE2F77EEB5BDF2ADD17851805D6D93BD93DF7DCB3340876FCDD11F85F78E185AD66B222C4C7BBE662E62A1EFBFAD7BF5EBA1E4B4EE2FFD5D9FFB77226EB831FFC60E94D435C8F59AF981D1BC233D9DB9BE5EAED6C5377C7CC7DDB4E0ECAFB0D1BBAC7C9DEA1FD550B8378CC54C73EFDB33FFBB3ED3E2F06EB58A2D63164EFBEFBEEA59AEE384950ABF55F43215B4DABCFAA658598B58EC9B208D67119B3DAF14636EA343E69AEACEFB85D9929225C471688BEA0F854BB72924FC8AEA2FC8EE6ECD34F3F7DC043F6D1471FBD2A17C2F0A15894312B1D83D13EFBEC9366CE9C590AC851341172A380E2F118C0A2408A9FD9B871E30ECF64C70C51ACAF2E8A333EEAED386374CF3DF76C13B2E36FC67DFBEFBF7FE9E3A80B2EB8207DE2139F285DC63BE5B8DEB1F063602EAE17E13D66E063C6BCB38E22427CF11156BC3B2FEE8FEDE0B4EA3BA5BB59A71D3D29454F07E5E2E3ED2F0FA3A607F1A8B3D89FF12955E512B38E2DBED711AD63C88EB59C1D43762DD7FF20E82FD4F410AACFEE5A8CE7C5445CE527DEB1BCAB78931B9F2AC57DF1BC78031C6376DC2E7243CC64C724622C172D3EA18E37D442761F38E18413FEE288238EF8637CDC3080C7C85EDFD8D8F86A4B4BCB3B876A51C68B3F0275F1F16C7CBCDA7149486551F52464478B77ADF17BF7DD77DF52602E4275E53BDB2264C76B218275B4A2682B978AC447B83108769C5D8FDB9FF9CC67B699C98AC1F94B5FFA52FBF3E26FC5179E86557C71A3E3003DD4D764F75257B35F3D3DEBDB8E0ECAC5DF13B0EB60101F565E8F1DDFE988EBDB5B32525C8F601DADF81264FC5CC7805EABF53F48FA0B352D646F3529577C123479F2E46D967A14F920FE3FB1FEBAA8AB62AD7665AD6DD8B0A1BD2FD8DE9B6E21BB174E3CF1C4876FBBEDB6010BD9E79E7BEE9D0D0D0D3F1DCA4519CB363A06EA22F8165F32ACBCDED3905DF9C5C861155F80288AAE72AD76E5005B5990C5EDAED649EEE8201B4B5D8A2F5E542E55A92CFCE2FF5EB9EE5BC8EEF1EC57C78F798F18D6F363E67636288FEDC12C1B353488174B452A3FCD3AF3CC33B77A4ECC7EC53ACD689D7DF171D2A44969C28409EDFD47ADD7FF20EA2FD4B490BDD51AECE2CDE8F666B22BEBB318EF63263BEA3226D98A4FAC63E2CD4C761F39E9A4931A8F3FFEF8B706E2507EF9C5F2665353D3EF9B9B9B3F3C948BB2F86262E520557C24148138BF11DAEADD6A4F4376BC5B9D3B776E6926BC28BCF8283866A78AC1ADB3DF55CC7817EBB5B617B22BBF98593980C6C75B9D7DA1625887359931B016E13FFE8DF1EFAAC63BEB211AB22B07CB119D0CAE3D392945573F37A40ED3371806F161E5EF7D74ACEFE2C81E45108F56F95172776BB26BB9FE07597FA1A685ECF69A89FA2D26C8A25E3B9BC9EE2C64779C38EBF8456621BB0F8C1F3FFED9F8B66A7F9B3A75EACAC30F3F7CE6502FCAE28B84C5217786557CE13166AFA3683A7E6434ACC3217AA2C53BD3F28BB074D490CAC7625DF6B0F21726E276519CB1E4A358B355F9CEB768B1FE3AD64B165F4A2A66BBBBEB008A41B6B33714C59B8A4B2FBDB4FDF9C5C75571597C04561C9140C8AEDAC7CC6F2BCF5AF5F4105E1D7F6EC43001BBAE06F1A8A7CEC271F1A5A8385C68E51291CA2F45C5CC583130C740DDDD51086AA9FE07617FA1A685ECF69A29027531AE179F46554E8E75FC84A8A8E508E6C5D2CF988413B2FBD0B871E3BE70E49147BE1161AFBFDC7DF7DD0F3536363E3C72E4C8772BCAAE0BA9F21D6AC713CB14EBAD2A5B311B547C24DCF158D931C31DDFDCEF18D0A3C83EF9C94F76F93173714CCEBCDF7A15B2A345501FD6E1CB4EC57545D9E783725F7C6C4D8D0EE2F1263A8EDCB1BD63E0C62CF4B04E8E5614CBD88A43EC559E24AB9EEA7F90F6176A7A8887EC18BF2B8F715D04E76229569C64A6AB43F84546884FB18B37B9C5A45D772799539FBD74D45147FDFBB469D3DEEC8F652379A76E8A6522F98570A0A2D41465DD0CCA43EE4433FA0BFD859A569F9AFAECB5385CDDD7BEF6B5C72EBFFCF237FA3260AF5FBF7E4B4B4BCBD38D8D8D1314A5A628FB4D6F3F0EB644447FA1BF50D3EA53539F3B2B07DFDDC78C19B371CE9C39AFF7D50C7639609FA1283545396083724F67AD7CC9517FA1BF50D3EA53539FBD1547FA183D7AF4BA8B2FBEF8D96AAFC18E25228361065B512ACA3AD6D38F877D9CACBFD05FA869F5A9A9CF6ACE68E7407C631C75E489279E78ADB787E98BA388C4971CEB7D0DB6A25494432C68C769959DC9517FA1BF50D3EA53539FD5D6D0D070740EDBCFFDE0073FB8F791471E79B6A767729C356BD68A98BD3EFCF0C3CFAFE7A388284A4539088D280FB623B6F3F80683B1FE427FA1A6D5A7A63EFB4884E31C92A7E4B676DCB8710FFCF0873F5CD6D6D676F7934F3EF94465A8DEB871E373CB972FBF67DAB4694B8F3EFAE85571AAF4389363BD9E6846512ACA213CA3EDE364FD85FE424DAB4F4D7DF6F3CCF6A7CB81FBE6DC1ECBEDCDDC52B93D93DBB2DCCECA6D784B4BCB3B15A5A628EB6E503618EB2FF4176A5A7D6AEA1345A929CA2A0ECAE7188CF517FA0B35AD3E35F589A2D41465F58C884FA48639A497FE427FA1A6D5A7A63E51949AA2AC9EF2808CFE427F31088C1C39F24F724D6F5179EA537DA22835452964EB2F34FD45958C1B37EE1DB9A6DF5079EA537DA22835452964EB2F34FD4595C4C107724D6F5679EA537DA22835452964EB2F34FD45958C193366D75CD3AFAA3CF5A93EA94BADADAD5EF8B5DD36E7A27CD32B55C8D65F6843ADBF686E6EFEF35CD32FA93CF5A93EA94B8B172F7E66FDFAF55EFC35DAD6AD5BF78B5C94F77BA50AD9FA0B6DA8F5174D4D4DBBE59AFEBDCA539FEA93BAB470E1C22FDD76DB6D2F3EF7DC737F5004B5F58E370A72C182054FE4F655AF54215B7FA10DB5FEA2B1B171F75CD31B549EFA549FD4ADBCD30FC9EFAE56C4C718B15EA85EDB55575D553A73673DFF1F2A5AEC8BFB15A490ADBFD0866A7F9143F607734D3FABEA866E7D0E9231DD78CEA0085873A320870F1FBE8BAD216403F56DF4E8D17BE49A7EDA96D0A70303A8A1A1E1D3B918DF8C826C6C6C7476301D3250E79A9B9B3F9C6B7AAD2DA14F070636645F17C5586E2B6C111D3250DF9A9A9AF6CC35FDB82DA14F0706AE08F72B66B18B9643F721B68C0E19A8EB90FD9F734D3F624BE8D381812BC2B99501BB98CDB6365B870CD475C8FEAFB9A61FB425F4E9C0C014E036B3D8456B6C6CFCB22DA44306EA53EEC3F7CE35EDB8C2FA7460800AF0E6CE0276B92DB38574C8407D1A3972E4C773D05E6D4BE8D381FE2FBE2E67B1ADCDD62103F5ADB9B9F9AF721FBED296D0A703FD5F7C73B717B01D6944870CD4AFA6A6A67D73C8FEAD2DA14F071424F63F50BD90FD37B9A6EFB425F4E98082C4FE07AA17B2FF36D7F46F6C097D3AA020B1FF812A696C6CDC3FD7F4EDB6843E1D5090D8FF40F542F6DFE59AFEB52DA14F071424F63F5025A3468DFA6C0EDA8B6C097D3AA020B1FF81EA85EC7FC8217BA12DA14F071424F63F50BD907D600ED9F36D097D3AA020B1FF812A696A6A3AA8A1A1E1165B429F0E2848EC7FA07A21FB1F73C8BEC996D0A7030A12FB1FA892C6C6C67FCA21FB465B429F0E2848EC7FA04A72C0FE52AEE9EB6D097D3AA020B1FF81EA85ECC3724D5F6B4BE8D3010589FD0F542F648F6C6C6CBCC696D0A7030A12FB1FA85EC83E3C87ECAB6C097D3AA020B1FF81EA85ECE61CB2AFB025F4E98082C4FE07AA17B2C7E6907D992DA14F071424F63F50BD7A6EC9ED125B429F0E2848EC7FA07AF5FC8DDC2EB425F4E98082C4FE07AA57CFE372FBB12DA14F071424F63F50250D0D0DDFCE357D9E2DA14F071424F63F50BD907D74AEE999B6843E1D5090D8FF40F542F6B18D8D8DD36C097D3AA020B1FF81EA85ECE372C8FE375B429F0E2848EC7FA07AF57C7C6E67D912FA74404162FF03D5ABE713733BD396D0A7030A12FB1FA85E3DFF4B6EA7DB12FA74404162FF03D5ABE749B99D664BE8D3010589FD0F54AF9EA7E436D996D0A7030A12FB1FA85E3D4FCDED545B429F0E2848EC7FA07AF57C7AACCBB625F4E98082C4FE07AA57CF67C611466C097D3AA020B1FF81EAD5F35971AC6C5B429F0E2848EC7FA07AF5FCA3DC26DA12FA74404162FF03D5ABE7E9B97DD796D0A7030A12FB1FA85E3D9F9BDB776C097D3AA020E9DF7D3D37F677376D852D05755BE3E7E776942D614C071424FDBBAFF7CBEDCDED85EC868686436C29A8DB1AFF716EE36C09633AA020E9FFFD7DF37642F6B2E1C387EF622B41DDD6F785B97DC39630A6030A92FEDFDFFB7515B21B1B1BBF6C0B415DD7F725B9B5D812C67440413230FBBCB3B5D92BCC6243DDD7F6E5B98DB1258CE980826460F6F9366BB3ADC5864151DB3FCFADC99630A6030A92019243F57566B161D0F5E7BFC8ADC19630A6030A92810BD99FAE588B3DC21681FA976BF99A5CDB236D09633AA02019D87D5F5A9B6D161B064D4D5F9B43F661B684311D50900CECBEDFCFFE874155D3D7E790FD255BC2980E28C8BA9352DAE5D1471F9DBD7CF9F2B75A5B5BD3FCF9F3B51A680B162C488B172F7E3EB7D15EA50CE1FE7CAE2F311BD36D055090752902F692254BD2FAF5EBD3EBAFBFAED550DBB061435AB468D14B39707FD52B9521DA9FCFCB21FB605BC2980E28C8BA1333D802764D07EDD7E7CF9F7FBF572A43B43FFF550ED95FB0258CE98082AC3BB1444498ADED9643F69B5EA90CD1FE7CC1A851A30EB4258CE98082AC3BB1FE5790ADF990ED35CD90D4D8D8B83087EC7FB0258CE980821CB421FBD5179F498FAEB824AD5E705AA9C5F5B84F0816B2A10F43F6A21CB23F6B4B18D30105392843F62B2FAC4BAB7E3529FDEEA613B66A715F3C26080BD9D047FDF9AF73C8FE8C2D614C0714E4A00CD96B57DFB84DC02EDA53ABE70AC24236F4557FBE2CCEE66A4B18D30105392843F6FD6DFFDA65C88EC70461211BFAA83FBF2387EC4FDA12C67440410ECA90BD6AFE942E43763C26080BD9D047FDF95D39647FC29630A6030A52C8D6846CA8921CB07FDBD4D4B4AF2D614C0714E4A00CD9713491AE42763C26080BD9D047217B657373F35FD912C67440410ECA90FDD0D273BB0CD9F198202C64435F686C6C5C3D72E4C88FDB12C67440410ECA90BD71DDCAB4EAD6C9DB2E15C9F7C56382B0900D7D14B2D7E490FDDF6C09633AA0200765C88EF6D89D976F13B2E33E2158C8863EECCF1FCA21FBA3B684311D5090833364BFF65A7AE8F6F3B75D2A92EF8BC70461211BFAA83F7F3487ECBD6C09633AA020075DC88E333A3EB87466976BB2E331677D14B2A18FFAF3C79B9A9AF6B4258CE980821C3C21FBB5D7D2330F2D4CF7DEF22F5D06ECA2C573E2B966B5856CA8727FBEB6B9B9F9C3B684311D509083226477377B6D565BC8867EEACF9F1E3D7AF41EB684311D5090832264EFC8ECF5F666B50563211BAAD49F3F3766CC98FF644B18D30105392842F6CE06ECA209C6423654A93F7F7EECD8B1EFB7258CE980821C14215B13B2A116343434BCD0D2D2F23E5BC2980E2848215BEBF7909D5FF3FBE530729D5733834D6363E3CB871E7AE87B6C09633AA020856CADDF427684EBDCE6E6F6A6D73D83B43F7F75CC9831BBDA12C67440410AD95A9F87EC8EE1BA685ECD0CC2FE7C734B4BCB3B6D09633AA020856CADCF42764343C3A7635948C7702D643388FBF337C68D1BF70E5BC2980E2848215BAB7ABBEAAAAB526733D7423643A03F7F6BCA94296FB7258CE9808214B2B5AAB7ED056B4D1BEC4D2F6D4CB71540410AD93D681B366C88FD9466CF9E9D366DDA94F6DC73CFF4B9CF7D2E8D1D3BB6D46EB8E186D2E31D7F2EEE3BF3CC33BBBCDD55BBEEBAEBD2473EF2912E1FBFEFBEFBD29A356B3AFD7B975E7A694D2C1719356AD481F9F5BD4C18018CE9808214B2BB6C77DC7147DA638F3DD2E6CD9B4B6136826E5CCE9C39B33DE016CFFDE4273FD91EBC2FBEF8E2B4FBEEBBA73BEFBCB374FB8B5FFC62FB63F13B8A9FD975D75DD341071D547A6CD2A44969B7DD764BA79C724AFB73972D5BB64DA08E7F536B6B6B6A6A6ADAEAEF5D7BEDB5A5EB4F3DF5D4807FF1B1B1B171447E9D2F11B201633AA02085ECEDB608B0975F7E79E972F8F0E169C992255B85EC871E7AA8341B5D84DEFDF7DF3FCD9D3B375D71C515ED3F7FF5D5576FF33BAFBCF2CAD2F508CC315B5EF958C7E72F5DBAB47D963DFE0D95213B2E237CD7D221FCCA33DB4B846CC0980E284821BB341B1C01F65DEF7A57294C17A1F7820B2E680FB5319B5D19B28BD9E8228CFFC99FFC499A3A756A298046388EFB2388770CD99FF8C427BA9CC96E6B6B6B5F2A52DCB776EDDAD2F5AF7CE52BEDF7555E2F7EA6964E46539ED95EE6D50C18D3010539844376B46289482CC3280271CC54770CC9C5F5C71E7BAC346B1DF7EDB3CF3EA5D01BF76FDCB8B174DFA851A33A9D1D2F66ABB737931D6BC28BFB56AE5C59BAFDA10F7D287DFEF39F2FFD5CF1862002B8D3AA0318D3414152B321BB63B01E565EDA118136D6693FFBECB35B85EC4F7DEA53E9A69B6E6A5F17FDB18F7DACB45C24BE94587C89325AFC5C4F4376E57DF145CCE27AFCCDCA2F6116B3EE423680311D1424351DB257AD5A955E7AE9A5F6A522C5CC74DC5F84EC98418ED9E508BBB17FE372AFBDF64AE3C78F2F5D2FBE94D871CDF4B01D5C2E52F9FC98C98E59F3B8BE68D1A24E03B8900D604C0705494D87EC08D77BEFBD77FB171D6376392E8BA0DB7189491C11242E8BA01C97B13EBBF80264C7DF5F04EF8E33D9175E7861A7CF7FEF7BDFDB3E8B1E5F7E34930D604C071464DD85EC58EE119731531D974F3CF144BAF5D65BB759935DF933F7DC73CF36A1B9BBB623CF8FDF1DAF9FE27AB15EDC4C3680311D14A482AC9B90FDCA2BAF944E00134B432AEF2F8E7F1DC7C6EEEC38D911CC274F9E5C3A5676B1FCA308EBB13EBBB3BF15CB460E38E0806E4F905319AAE3DF16EBBF8B430B56AEF716B2018CE9A020A9C990DDD3A3910CD5D3AA0BD980311D509042B626640318D341410AD982AC900D604C0714A4902D640318D3010529646B423680311D14A490AD09D900C67440410AD9423680311D509042B626640318D341410AD99A900D604C070589902D640318D3010529646B423680311D14A490AD09D900C674509008D9423680311D509042B6900D604C071464FD686D6D15646BBB6DCE21FB4DAF54C0980E28C83AB278F1E267D6AF5F2FCCD6685BB76EDD2F72C8BEDF2B1530A6030AB28E2C5CB8F04BB7DD76DB8BCF3DF7DC1F84DADA9AC18E80BD60C1822772FBAA572A604C0714649DC921EE90F9F3E7AF886509B1FEB79E5BECFF7AFF3F945BEC8BFB056CC0980E2848EC7F00F4E9A020B1FF01D0A7030A12FB1F409F0E2848EC7F00F4E9A020B1FF01D0A7030A12FB1F409F0E2848EC7F00F4E9A020B1FF01D0A78382C4FE07409F0E2848EC7F00F4E9A020B1FF01D0A78382C4FE07409F0E2848EC7F007D3AA020B1FF01D0A78382C4FE07409F0E2848EC7F007D3AA020B1FF01D0A78382C4FE07409F0E2848EC7F007D3AA020B1FF01D0A78382C4FE07409F0E0A12FB1F007D3AA020B1FF01D0A78382C4FE07409F0E0A92C1B3AFE7C6FEEEA6ADB0A5008CE9808264C7F7F57EB9BDB9BD90DDD0D070882D05604C0714243DDBDF376F27642F1B3E7CF82EB61280311D5090F46C7FEFD755C86E6C6CFCB22D045037FDB92580206453071DF30AB3D80075D5975B02084236B5DE31EB8801EAB23FB70410846C6A490ED5D799C506A8FB31DC124010B2A9B190FDE98A8E78842D0250B7E3B825802064538B1DB38E18A0AEFB724B0041C8A6D63AE6C30E3BCCFE07A873960082904D6D896522A97C0940FD866C4B0041C8A6461C98DB0BB99D53BEF4D122407D8FE7960082904D8D04EC2258C7ACC706411BA0F6353636EEDED0D09087EFC3CFCAAD2DB7B51DBEF4F84C1CBE2F3FE7A7F9B9DFCCD7FFD25603219BFE0FD8DDDD0F400D18356AD481E5B5D79B77E04C8F952DBE14B92CB716B3DC2064D337467413A48BC7ADE703A89D713A8E1EB2A287C1BAAB767FCC6EDBAA206453FD80DD5D8036A30D502372203EA3E3E1F99A9B9BD319679C9166CF9E9D56AF5E9D9E79E699B479F3E614DE78E38DB47EFDFAF4E0830FA63973E6949E3766CC98CEC2F6CDF9F77CD81606219BDE397058CF66A87BFA7C00AA68E4C891EF2EAFB76E0FC62D2D2DE98A2BAE2885E89ED8B46953BAFEFAEBD384091352876369BF902F87DBDA2064D3BB807DC84EFCDC2B8236C08004EC25958178D2A449A519EBDED8B2654B9A376F5E6926BCE277BF92DB576D7510B2E99F805DAD9F07A0E7E3F25633D8B12C240272B5AC5BB72E9D70C20995417BB333448290CD8EEBEE4B8EFDFD7B00E846790D767B005EBE7C79EA0BB1863BD66B57CE68E7BFBDB73D0042363B168CABB5D4C38C3640DF8FC7FB557EC93166B0FB527C49F2F4D34FDFEAF8DA710C6E7B02846CB61F888B80FDB6DC8E285FF644C79FF36548803ED4D0D0F0DBCA35D8D55C22D295975F7E391D79E491955F863CC79E00219BAE03F6211541F9A2DC52F972478376573F276803F48138D14CE551447AFB25C79EB8EBAEBB3A7E11F22FED1110B2E93A608723CA4139F520685706ECA28DAD78DC1A6D80EA8FC5738BA01B87E9EB6F679F7D7665D03ECB1E01219BED07DFCE02F3F6827667CFBFB093E75BA30D5025B10EBA38557A1C5EAFA7C7C1AE86471E7964ABE367B7B4B4BCCF9E01215BC0DEFE128E1D0DDA3B1AB03B066D4B4700BA0ED0F373FBBBED3D2787DAC38B801B47FC18289527ABC9FFE62FDB7B20640F653B1A74BB0BDA3D0DD8957F7FC33033DA005D8EB1E5D03A3F87E94F77F19CB3FAEB8822DB73F5D557FB022408D90CEBF9928DAE82F6DB77326017ACD106E8266457B49B3BCE6C579E7C66CD9A350316B2E398DC956F0AEC3D10B205EC1DD759D07EA01701BBB7FF1E80A116B2DB436C11B6F3EDB5C5FDFD7954918E9E7CF2C9AD8E996DEF41753A80B7CA07C07F3DB73FE4F66A2EFE97E3CB0FF9FAC6DCD6E7F66C6E4F973B8327727B2CB787737B30B7FBF3F357E7CB7B73BB27B7BB73BB33B7DFE4B62CB75FE7B638B7DB726B8DCE255FFE2AB779B9FD32FF9D1B73BB2E5FBF363F764DBEFC456E57E6F6B37CFBB27C79496E17E6F693DCCECFCF9D952F67E6C7A6E5CB1FE5DB67E7F6AF71A6ACDC7E90EF3B2DB729B94DCAF79F92EF3B39B7EFE7DBC7E7DBC7E5766CBE7D4C6EE3F37D47E5362EB76FE4FBBF96EF3B22B7D1F976536EF9AE8691F9F657627D5ABE7D689C7A36B7839B9A9A0E8A432EE5FB3F97EF1F9EDB01F9F667F2EDFDF3637F1B2715C8CFFB446EFFA3B9B9F9AF468E1CF9F1389B56BEFDB1DCFE4BBEBD577EDE9EF9B10FE7E7FE9FF9B10FE6FB3E3076ECD8F7C7174EF2FD7F9E6FBF3BB7771D7CF0C17F367CF8F05DA64C9912B3CEBD9D39EE2C68F72660770CDAD668037413B22B67B62B6FC79918074A9C9CA6F2DF62EF411544788B109703DD9F46A81B3366CCAE871E7AE87B22ECE5DBFF4784BF0881A3478FDE234261BEFD7FC57134232CE6A0F85F233C4688CCB7F78950991FFBBFF3FD7F136133D6A045F88C109A9FF7F7114A239CE6FBBF106135DFFFC57CDF3F4588CDB70F8B501BE1B6F13F8CCEB7C7E6DB2D1182733B32427184E37CFFD11196F3ED89F9F6F72244E7DB2745A88E709DDBE408DBE5D0FDBF2284C7BAB77CFBDF229CE7DB33CA61FDFCDC7E1C213EDF7F71BEBC34C27D6E3F8FB01FA13F3FEFDFCB6F026E281F66695EBE7D4BF9CD426BF9A3BEC5E53713B797DF5CACC8EDAE78D3919FBBB2FC26E4FEDC1E28BF397934B7C7CB6F5AD695DFC4C49B99E7CB6F6E5E2A1FAF34DEF4BC567E13F456B9E3EBED5AB908EB1D67B01F28DFDF1BE7ECC080A2699AA675D1069A900D0C65BD3D65FAF666B27B72C21A33D9003B3F93BD223E198D092E33D900B52302ED2BC3FA664DF6CE046D6BB201762C64B787EB8AE758930D506341BB2733C75D1DA6AFB3A38BF424683BBA0840F7217B592C8BAC0CD715CF717411801A0DDADD05DCEE8E83DDD3334316F61BE638D900DB0BD9DBCC5C77F29C99B5709CECF8DB156F0A66DA7BC050D7DD4CF28E9E68A6A741BB58B2E2AC6000BD503EA2D5809FF1F184134EA80CD95FB56700BA9ED1EEE9991C773468177F4FC006E8A5F2A15C3747B8CDD7D3CB2FBF3CD0EBB137E7E0BFBB3D03F01F6246BBE3D28D2386F5FC38D89D05EDB11DFE8E35D8005554B92E7BCE9C39FD1EB2CF3FFFFCCA907D893D02B06DD0AEFC32646560EEC98966BAFA3987E903E803954B46C68F1FDFAF87F25BB76E5D6906BDF8FB4D4D4DFBDA2300DBEAB8742402F2D8613D3F2C5FC79FEBEDF1B901E842F978D9F71641F7FAEBAFEFB7907DDA69A7B507EC38F19ABD01B0E341BBB73A5B8A02401555CE66C7CCF2E38F3FDEE7017BDEBC7995CB44DE8C3337DB1300FD13B49D6806A09FE4A03BB708BDC71D775CDAB469539F05ECA54B976EB54C24B7A3EC01801DD3DB251E968800F4A3912347FE450EBB1B8AE07BFAE9A7974E77DE1701BBA5A5C5971D01AA10B47B3A13ED4B8E0003A0A1A1E1D3B9BD5004E05833BD71E3C6AA2E11E930837D730EF7EFB6E5017AAEA74B3E2C11011840710AF6E2D8D9D162D6394E7BDEDBA3884C9E3CB9325C0BD800FD18B4E354E9CEE40830C0468D1A75600EC1AF5486E23823E49A356B7A7CA299380E7687D9EBD21211011BA03A469403F488ED3CBE41C006A80D8D8D8D7BE730BCB643384EC71C734CBAEAAAABD292254B4A472129D66DC76584EA98F59E3D7B763AF1C4133B06EBD251447CC911A0FABA9AD1B64404A006C56C730EDB67749CD5DE9916C7C176983E80FE0BDA0236408D6B6E6EFE700ECA532BBF14B9832DD6765FE24C8E00FD1BB4CF11B001EA474B4BCB3BCBEBB5CF8A2F2E76B29CE499C6C6C6F9F972660EE487E7EBBBDB6A00FD2BD660A7610ED307000055F53E9B000000000000000000000000000000000000000000000000A067FE7FD6F9ABAEA8CC19670000000049454E44AE426082, '1');
INSERT INTO `act_ge_bytearray` VALUES ('2510', '1', 'E:\\WorkSpace\\OneWorkSpace\\one\\one-workflow\\target\\classes\\processes\\BiddingProjectAwardAudit.BiddingProjectAwardAudit.png', '2501', 0x89504E470D0A1A0A0000000D49484452000002FD00000129080600000000819DB000001A064944415478DAEDDD0F709CE5792070352425C9759AF44FDAD09621F47237B91B269799C0900C47E3DE110A0D498089BCAC6C8112B0CF18832402C1145C2B381E28A1587F6C7C0C3D0894C085340EC40324B17617ECFAF08C09F1010E040A04A86DB0E3122014304EB6EFB368D5B52CD9FAAFD5A7DF6FE69D5DED7EB235EFF7EDF33CFB7EEFF77E0D0D0000000000000000000000000000000000000000000000000000000000000000000000000000000000000000000000000000000000000000000000000000000000000000000000000000000000000000000000000000000000000000000000000000000000000000000000000000000000000000000000000000000000000000000000000000000000000000000000000000000000000000000000000000000000000000000000000000000000000000000000000000000000000000000000000000000000000000000000000000000000000000000000000000000000000000000000000000000000000000000000000000000000000000000000000000000000000000000000000000000000000000000000000000000000000000000000000000000000000000000000000000000000000000000000000000000000000000000000000000000000000000000000000000000000000000000000000000000000000000000000000000000000000000000000000000000000000000000000000000000000000000000000000000000000000000000000000000000000000000000000000000000000000000000000000000000000000000000000000000000000000000000000000000000000000000000000000000000000000000000000000000000000000000000000000000000000000000000000000053AE5C2EBFF3E9A79FFEF6A64D9B7E552814CAEBD6ADD3EAA0F5F6F696D7AF5FFFF3D4E63A4A1197C4047109803189C4BA61C386F2CE9D3BCB6FBEF9A656476DD7AE5DE5FBEFBFFFE59468BFE048455CD2C42500462D46D224D6BA4EB06FAE5BB7EE31472AE292262E01306A71EA5C12ABEF9692EB5B8E54C4254D5C0260D4629EA60456F7C9B5EC48455CD2C42500263CB9FEF2173BCA4F6FBEA9BCB5F78A4A8BE7F19AE427B982B8242E019081E4FAEA4BDBCA8FFE6049F9FFDF7DF13E2D5E8BF72440C915C425710980699E5C9FDFFABDFD126BB5FDF3D6B512A0E43A5DBD5F17884B9AB80420B9F6B5C74A7F3364728DF72440C9751A3A29B572DF23E292262E0148AE8FAEEB1832B9C67B12A0E43ACD9C90DA4BA9ADE87B3C4597884B9AB89405F97CFEF773B9DC19C9D7532BA5F67C6AE59AB623B507D23637A46DCF49CF3FA4D798501D1D1DEF5FB56AD5D7962D5BF6E092254B762D5CB870CF9C3973FA0FCAF9F3E7EFFDCA57BEF2D215575CB1E5BAEBAEBBFEF2CB2FFF8F7A4D72955C19C782BF5AE8C748FF2E85BFB8A4894BD3D9ECD9B34F4885FC77530DF5FA8022FF60EDADF812905ACBAC59B3DEA9271937CB972FFF8BA54B97FE78EEDCB9BF4EC57EF9CE3BEF2C3FFCF0C395BB2EEEDDBBB75CB57BF7EEF2E38F3F5EFEFEF7BF5FBEE69A6BCAB17DFA12F07CFA9DF90ECAC94FAEB12AC650C935DE930025D7695AF01FEC75C4254D5CAA6BA9583F3AB5CD232CF4876A8FC5E8BF5E654CDADADA3E74E9A5976E39E79C737EFDED6F7FBB52D48FC49E3D7BCA1B376E2C5F7EF9E5BF5EB870E10BF3E6CDFB9C5E9DBCE4FAE4C6954326D7784F02945CA781930E52D857DF37C75F5CD2C4A5692115E857F68DD4F717EE316BE2CA2BAF2C47ADB575EBD6F28E1D3BCAAFBFFE7A7F2D1583AC4F3CF14479CD9A3595ED9A9B9B072BFEEF4DFFCE9FE861466CC992258BCE3EFBECB76EBEF9E6F26BAFBD561EABCD9B379753D1BF67C1820577363636FE961E9EF8E4BA7BDBC3E5477FB874FF53E8E9B5784F02945CA749C17FB082BEAE46FCDB56943ED67153E9DD1D1D1DEF68EF2E9DB06F2B7EB5BA5DFBAAD28717AE2AED170B5BBB8BCBC5254D5CCA9EA87DFAE6EBF717EA2D2D2DE55B6FBDB552D48F44D46531EBA2ADAD6D9FC23F97CBBD941E67E96D866DF1E2C5D79F77DE797B7FF4A31F95C7D32BAFBC525EB56AD59E74906F4F07FF07F5F4C426D768CF3C78CB7EC9355E93FC24D73A77C20847F047BAFD84B9B0ABF8976DDD85B678DED171C76FB6F5148F6BEDECFDC3D48EE9E828F54F733CF7BA0DBF93DEBB7EBFA2BFAB78ADB8A4894B992CF837D416E8315D3A46F4C722A658DF73CF3DE5DAEB2B537B35B52FE8758655F02F5AB4E85723FDD63912B7DD76DBAFE6CE9DFB72FA107C588F4F60727DE38DF293FF6FF5FEA7D0D36BF19E0428B9D679C17FCA287EEFD5A92EFCCFEF5EFF810B57F6FEE7D6CEE2B131BADFD655BAACADBB7873E5794FE9D47D0AFC9E42637B77F153D53301F1738CF4B775152E8A7F475CD2C4A56C1838C21FD3786AAF891CAB6DDBB6952FBEF8E2DAC2FFF55C2EE77A278616537A62847F220BFEAABBEEBAEB8D54F86F33E23F31C935EE6CF9C4C69E21E7CEC67BEE7E29B966A8E01FAFDF1F930BBA8A1F8FC2FE82AED2516DDD851BAA537A5A7B4AB94A51DF5D5814DBC514A03823D0DE5D38318AFBEA349FF4E5E0F4F8B2202E891FE25276F4CDE1EF2FC8376DDA342175555C0310F3FD6B47FCD3FFFD117B80FDC445BB31877FCB962DE5C9F2CD6F7E737B5353D3F7ACEC338EC9F58D37CA3B9E2C961FF9FE5F0D9958AB2DB6896D8DAE49AE75E26017ED4EF6BF3362317DA7BDAB74D6FCEBD7BE3746ECFB46F0EFA83CF6141746A15FDD2E46F5A3F8EF1BF1BFBD12877B8A4BE25A0071495C12973233C27F74ED45BB31C23F91E2A2DFE5CB97EFB3BE7FDC03C09E601F8B172F7E242EDA9D6CADADADDB73B9DC227B60ECC9F560A36846D724D76950F08FD7D49C291BF14F857B773CB67717AF7E7BF4FEEDF9FDE9311FF3F8ABDBA52F02CBAA057E9C19A814FFD3F8225E71495C627FA9BEF971ED1CFEF19CD273A0EB27E7CD9B577B71EF0A7B827EB10E7F2CCB391EABF48C621EDADEA6A6A67FF14D74ECC97538A368071A5D931025D72932F022DCDF48EDACBEC79118F87B5372716F2ADC2F685FD1FBA73155A752EC77152FADCCF1EF1BCDFFF72F07A5A583FCEE7271495C1297B2216EBC55BB4ACF582FDA1D89588865C085BD1FB247A8881B6FC5DAAF53E5AAABAEDA1A73DEEC89B125D7D126D66A931025D7292CF84FA929DCFF4F6AE5BEC7E116FE43FDDEA415FEB1524F4CED8979FB5F5E593862E0FBB5AFB577F71E1F17F8565F3B6F65EFEFB57717AE8A0B78C52571495CCA865468AFAD16DEB12CE7648B9BA4D614FE5FB7474889AAE3FD71E7DC91DE786B9C47FB77A6A2FFE7E6F68F2DB96A92EB342FF81BFA46EACB356D38857F6DC15F6D67D6BC3F2973FC5B7B8A9F6B5BB1FEB0CA287E77694E8CF0B775176EEA5BB9E78E589EB3FDDAC21FBF3DCFBF70E2DBBF53688CE93F699BEBDABB8AFF10DBC6F4A0DA6940E292262E4D3F317B2156D0A9DE786B32164819E8A9A79EDA67FDFE969696F7DB3333DCEAD5ABAF8C796653EDDC73CFFD69FA90FC777B4472955C6784A10AF1C10AF80315FE836DFF77836C5F5737F01297347129DB52917D46B5E08E1575A64AEDCDBB528D75AA3D33C32D5BB6ECC1B56BD74E79D1DFD9D9B9D1149FCAE8C0BAE17CF9915C25D7E972AC1EA0E03F690485FC6085FF700BFE8185FF4922BFB8242E31919F87984E33592BF61CC8B7BEF52D17F4F2EF962C59B2EBE1871F9EF2A27FD3A64D5BE2E615337D7FD47C235F973EA09F905C25D7E97EAC8EB2F03E58E13FD282BFF6FFDF65C45F5C129798C8CF43EDCDB81E7FFCF1A9ACAD6A47FAD7D97B33DCC2850BF74CC55CB3815E78E1851DB19EAC6072467940BB77B01105C955729D2EC7EA2005FF700BEEA10AFF778CB2E01F78A641E12F2E894B4CC8E721BDF67CF5FDC95CB567A0E79E7B6E9F35FBEDBD192E2E30998C756387230E4AC164BF60D2FF0DBD36A848AE92EB7439564759F01FA8F0FFE9180AFEB1FE3DE292B8242EF93C1CF4F350FB7ADC2977AAC4CDBA6AFF167BCFC15BAE170EC8A18349ED88429C4E945C25D7E972AC8EC3C8FA6085FF580AFE8185BF39FEE292B8C4B87E1E6A7FAE87DA4AD14F5D8EF46BC36BD329B93EF0C0039502EDF9E79F2FCF9A35ABD2CE3CF3CCF25D77DD5579FD99679E19F277E3FD586BF840FF7E6CF3A52F7DA9FFE7975F7EB9F2DA54F791E3F48CF2E9A79F5E2DCEC77A01D93B0619E1FF69DFEB63B1C27E1ADF262E894BDABECD483F75A35EE6F4EFDAB56BBBF966071C41D89CCBE54EA9DECB603A15FD91E87A7A7A2ACF5F7DF5D5CACFB17E70DC1B229EC7EA02D56DEFBFFFFE4AD2AD26DFC30E3BAC7CFCF1C7579E47FBCE77BE533EF2C823F7FBF7E36E879154ABDBC66B0B162CE87F1E175219519B9A63B5E1E0ABF58C65A47F2437F032D22F2E894B46FA27E5F3604E3F75E9B2CB2EFBF9D6AD5BEB65F59E0D82C9410BA886E9945C376CD850BEFBEEBBFB93E0830F3ED83F8A168F175D74D17E89B236D9C6CFCB962DEBFFF95DEF7A57F9D24B2FAD3C4F5F142BC9F390430E297FF4A31F8D3B3B5746541E7AE8A1CAEFC5A3D3E8537FACD614D8AF364CCC9CFED114FEE6F467282EC5E7FED8638FADB428CCAB2DE2432C9718C74914EEE292A27FB23E0F56EFA12EC53AFDF7DC734F5DACD3EF36D1FB049307E2461A43DDA5783A14FD71DA3C92DC2DB7DC52FEC0073E50BEF0C20BFB1366A954AA3CAE5AB56A9F11B218712B140AFD23680D7DA7C8E3F969A79D5649E403937D6CF3F9CF7F7E9F84BC65CB964A526FE83B7D2FB94EDDB13A8691F5A196E51C6CF59E9114FE56EFC9605C7AEDB5D7C42571A96E3E0FE9BD9E7A58A73FFEEF9ABFB7C7DE9BE15270BB66F9F2E5535EF42F5AB4E8D17440CE124C0E385A3AA5C93546B06AE7BE0E6C9100BBBABA2A092D1264FCCE4F7EF293F2C68D1B2BAFD526C3783F92DE11471C51FEF4A73FBDDFA85A04AAEAF3F877E3F9BDF7DE5B7EDFFBDE3768728D1637998BC738F57EDB6DB7559EC7889E11B5A93D564739C27EB075F8477AE7DEAAA31BACD39FA9B8349A262E31D19F87F465606E3DDC91F7E28B2FAE2DFABF60EFCD70E980F8E059679DF5EB182599C235FA77A60FC82F5B5A5ADE6D8F0CCF5425D7E18EA6555BCC918D24F7D24B2F95B76FDF5E8E1BC1C5CFC71D775C7FF2BCF5D65BF74BAEF1FEC011B5489AB52367D1E2947B6C13893712758CA4C5DFD8D0771ABDA16F0EADE45A570E36D23EDC1B6F8DB4F0AF4E31722BFA8CC5A591367189893667CE9C3F4945F6EB516CC78229AFBCF2CA54CFE77F3DD559BF6FCFD070C92597FCD37DF7DD376545FFCA952B1F4CDF9A6FB027B2955CAB49AE3A4216C935E6BE564FA1C76B31DF75B00BEC869B5CE3B5C30F3FBCFFCC429C8D68E8BB20EF873FFC61E5F9A38F3E2AB9D69FA146FC477AA7DDE116FED5FF4FC12F2E894B4CD61981FE79FD6BD6AC99F4DA6AF5EAD5B545FF4DF608158B172FCE5F74D145BF9A8AA53B53007EABA9A9E95FE25BB13D91BD11B5EAA9EEA38E3AAA7F84EBD9679FED7F5E5D3DA3B6C5E8586DA2AD9E468F8BA1E2B47CF5BDB8E82E12785C3017093846EB62542DDEAB9E529FCA8BE624D7618DF80F9C6A7356C3C8D7E11FACF03F730467161097C425C65DED149F850B174EEAD29DDBB66DAB9C61A8FEFFA9CEFA983D42BF7440BE10F30C27DBB265CB1E76714936936BF514FA7BDEF39E4A426DE83B655EBD90EE1BDFF846E5F1C61B6F3CE0B27AD5E47AA06D5240AB3CAF2EB7575D49239E7FE6339F915CEBBBF0AFBDB8B7B6801FC98DB786FA3DCB72663C2E0DE75AA36BAFBDB67FCEBEB8242E4D96BEA53B1FA916DE77DE79E7A4D556575C71457FC19FCBE5BE6B6FB08FF9F3E79F386FDEBC3D31C771B23CF4D0434FA66FC2FFD4D8D8F85BF6403647D422C1C6E3A1871E5A190D8BBFFB98638EE97FBFBA545E3C8E25B9C6BF1B4BF27DF2939F1CF4FDA9B8704E721DB681537D7EA36FA47EA4CB700EFCBDB1DE1F806912976204555C1297EA7DB43F46DE7FF6B39F4D786D152B32D64CEB792B15FD47D913EC67C18205FFD0D9D9F9D6644CF3D9BE7DFB6B31AD67F6ECD927E8F9EC16FD6E77CF280BFFF1388360951E71491397A65C2ABCD7568BF058227622174E8955A96AA7F5A4B6C01E6050712AEA8B5FFCE233B7DC72CB9E892CF877EEDCB9B7A5A5657BFA06DCA6D72557C995712EFCDD784B5CD2C4A5BAD1D8D8F8C1547CEFAA16E2B14CFA9E3D7B26A4E08FBB40BB7897618B259D9A9B9B77AF59B3E6CD891AE1EF2BF8AFD4DB92ABE4CA2023F4639992634A8FB8A4894B752797CB7D22B597AA0579CCB98F6B3DC6734ACF8011FE7B4D9D665862259DB973E76EBBF1C61B5F18EF39FC31A5C708BFE42AB9328CC27DA423F52EDA15973471A99E07554FADAEDD1F2D46E5376DDA34E6557A962E5D5A5BEC2BF819DD887F2AD0BF17ABFA3CFBECB36F8C7559CE58A5272EDA35875F72955C1941017FCA046D8FB8242E31E9A2064A45F9ABB5457ADCB137967E1DE98DB7621DFE01A3FB95293D0A7E462D97CB2D4AC5FF8B5FFBDAD71E79EAA9A74634F21F77DA5DB56AD5E618DD4F07E26A07A2E42AB9320185FFD10DEEB42B2E69E2D2F41954FD48AA899E1F50AC97CF3FFFFCF2EDB7DF5E59D52956F9A9CEFB8FC728F2E3AC40DC3CEE924B2E1958E85756E971D12EE3228AF5743075C4413A7FFEFC9F5E7DF5D50F944AA587D241F86C6D91BF7BF7EE17D341B9A5B3B373E3A2458B1E4D07F62FE34EBB6EBC25B94AAE8CD2497D05FD4907787F97825F5CD2C4A5E95657C5B58D0347FD47D3621D7ECB72325123FF9FE8FB02706F6ACFF47DBBAC1E7C3B527B20B5AFA736ABA5A5E5DD7A4C72955C99A0117F537AC4254D5C9AD6625034D54BCB6A2FF21D668B6B036E72A75D905C35C935EB85BF825F5CD2C4A5CC8841D2BEF9FE5FEF1B541D38FD67473E9F5F971E7BD2178433E2BA4BBD0692AB26B966BDF05FA1E01797347129CBFA6655546652A402DF8A6420B94A6092EB8C735224C106CB728A4B9AB894EDA2FFBB35A3FC9BF50848AE9AE43AA33436361E9212E05E3D212E69E25256A51877F480EB25E3625D67364172D524D799E3E4934F3E3425C037F484B8A4894B192EFAD70E72E1EEE659B366BD53EF80E4AA49AE33427373F37F48C9EF977A425CD2C4A58C16FCFB8DF2575BDCD1570FC10C54281424B0FA6EAFA7E4FA9623757C353636BE2F25BF5FE80971491397325AF4DF7B80653A1FD0433003AD5FBF7EC7CE9D3B25B13A6DDBB66DFBBF29B93EE6481DF7A2FF7753E2DBAD27C4254D5CCA60C13FE428BFB9FD3083158BC5CFDF77DF7DBF78F1C517FF5532ABAF91B448ACBDBDBDCFA6F60547EAF86A6E6EFE8394F85ED413E292262E65B0E85F3B8C9B7259C90766A214BC4F59B76EDDE6385D1BF334B5BA68B12F1E9358272C29FE516ADBF484B8A4894B3324E6B90603801999000F4FED393D0128FA0120A31A1B1B8F4C49F0693D0128FA0120A39A9A9AFE534A824FE80940D10F001995CBE5FE4B4A823FD11380A21F00B25BF41F9592E0237A0250F40340463535357D2C15FE3FD61380A21F00B29B008FB64E35A0E807806C27C06353DBA42700453F0064D4ECD9B38F4B49F01FF504A0E807808CCAE7F39F4A49F03E3D0128FA0120BB09F07FA6D6AB2700453F0064542E973B3125C11FE80940D10F0019D5D4D4F497A9F0BF5B4F008A7E00C86E02FC5C6A77E90940D10F00D94D80A7A5B6464F008A7E00C8A85C2ED798CFE7EFD01380A21F00322A15FCF994046FD31380A21F00B29B009B53FB7B3D0128FA0120BB09B025B59BF404A0E807808CCAE7F3E7E472B91BF404A0E80780EC26C005A9ADD61380A21F00B29B00CF4B6DA59E0014FD009051B95CAE359FCF77EA0940D10F0019950AFE2FA7C2FF1A3D0128FA0120BB45FF5752D1FF377A0250F403407613E05FA5B65C4F008A7E00C8A85C2EF7D7F97CFEAB7A0250F403407613E015A92DD11380A21F00B29B0097C7141F3D0128FA0120A3E222DEB898574F008A7E00C8A854F0FF6D2AFC2FD41380A21F00B25BF477C60DBAF404A0E80780EC26C095A99DA72700453F0064542E97FBDFF97CFE7FE90940D10F00D94D807F97DAD97A0250F403407613E04DA9B5E80940D10F00D94D807F9FCFE7E7EA0940D10F0019950AFEDB73B9DC197A0250F40340768BFE3B52D1DFA82700453F00643701AE49ED343D0128FA0120A372B9DCF7F2F9FC67F504A0E80780EC26C07B52E17FB29E0014FD0090DD04F88354F49FA82700453F0064370116F2F9FCFFD01380A21F00322A15FCF7CF9E3DFBCFA6C3DFDADE5D3A215A5B4FE9D4D695A553BEBCB27044BC7EEE751B7EA7ADABD059DDEEFCEEDEFFDADE5D38B1BA7D6D6BED2E2E9F7FFDDAF7DAF3A0E80780999400FF3115FDC74D87BFB56DC5FAC3E2B1B5A774F6F9DDF7FC7614FBADDD8545AD3D85DB6B0BF954D85F10EF0FFAC5A1A7B0C05E07453F00CCB404B829B563A7C3DFDADE5D5AD6DAD9FB876D5DA5CBE2E70BBA8A1F6FEB2E9E1EA3FA6D3DC5EEFE2F073DC5EBDFDEBEF8A9FEB30369BBB75F2B5C65AF83A21F00665A027CB0A9A9E9E3D3E16F8D62BFA3A3E31DA998FFEA055DA5A3DAAF2DFC71F5BD98D253BB5D3CB67617AE89C78E8E3B7EB3ADBBD076DECADEDF6BED29E5EC7550F403C04C4B805B72B9DC7FABF7BF338AFCD6AEE2B5ED3DC585317F3FA6FAB476162B6728AA6700FA8BFEEEE2CA4AA19FB67B7B1E7FE992D69EE2E7E23A80B4DD31F63A28FA0160A625C04752D17F54BDFF9D317FBF3A6FBFBDBB78758CF8A7A2BEB9F265A0A7747675BBF655A50FB77517F231F5275ABC165F0E2A5F12BA8B17C4EFD9EBA0E807809996001FCBE7F31FA9E7BFB152B0A7C23E8AF818A98FE93D9562BEA7946BEB292DDD67DB9ED2A9EDDDBDC70FF6EFC419017B1C14FD7A01809998009F6C6C6CFC70BDFF9DD511FAB820B77201EF8AD2C762E59EF4F37517AEBAFFF09AA27F697B57E9A4C196EB6CEB292EB1C741D1AF1700988909F0E954F41F59F745FF4DA57757E6F277176FBEB0ABF7CF5B3B7B3F1AAFC7D29C6DDD851BDA57F4FE69FC5C3D0B3098F465E02C7B1C14FD7A01809998009F4BED703D0128FA0120BB0970FBDCB9730FD31380A21F00B29B0077363737FF819E0014FD0090DD04B8BBB1B1F177F504A0E80780EC26C097E7CC99F3DB7A0250F403407613E06B9FFDEC67DFAB2700453F00643701BE71F2C9271FAA2700453F00643701EE6D6C6C3C444F008A7E00C87002D4344D9B494DE407000000000000000000000000000000000000000000000000008051F837EC702454BAEE28400000000049454E44AE426082, '1');
INSERT INTO `act_ge_bytearray` VALUES ('2511', '1', 'E:\\WorkSpace\\OneWorkSpace\\one\\one-workflow\\target\\classes\\processes\\BiddingProjectSupplierApplyAudit.BiddingProjectSupplierApplyAudit.png', '2501', 0x89504E470D0A1A0A0000000D49484452000001C7000000AF0806000000882C153100000C4D4944415478DAEDDD5D6CD5E51D07701367B20B13BDF042138D9AEDC28BC5ECC20B8D33E1C26C179AA989A52245ABD2A6628DC4A8C0D440A804A72623D14A8C8946A338E34494204EA8BCA5B309BE3004F10D1159291419223A5EF5BFE777D2D3FC291428F49C9ED3F3F9244F38ED3908D4FFF37CFFCFEBFFB4D3000000000000000000000000000000000000000000000000000000000000000000000000000000000000000000000000000000000000000000000000000000000000000000000000000000000000000000000000000000000000000000000000000000000000000000000000000000000000000000000000000000000000000000000000000000000000000000000000000000000000000000000000000000000000000000000000000000000000000000000000000000000000000000000000000000CA2ACBB25F7DFDF5D7AF757575FDDCD1D1912D59B244A980B274E9D26CE5CA95DFA5D2E02A0528B308C655AB5665BDBDBDD9FEFDFB950A2A3B76ECC856AC58B13B05E58DAE5480328A1EA360ACE880DC9F7A921B5CA900651443A942A8B24B0AC783AE5480328AF92D0154F1E198B952012A301C7FFCBE27FB7AF5F3D9FAA5330B255EC7F784977004A8C970DCB3AB3B5BF7CF87B37F2FBAFFB012DF8BF704987004A8B970DCB2FEAD2382B158FEB37EA100138E00B5178E1B96FD75D0708CF704987004A8B9705CB764C6A0E118EF0930E1782AC68D1B774E7D7DFD4DC9E3A92C4B654B2A59AEF4A4F27EFACCB3E9B313D3EB8BD45C18463366CC38BBBDBDFD91B6B6B60F1E7EF8E11D93264D3A307EFCF8FE4AD8DCDC7CE881071ED83573E6CC354F3FFDF4330F3DF4D06F84A370148EA53176ECD8AB53E0BD91EADEDE016178BC7230C23295C63163C6FC4ACB062769D6AC597F9A3E7DFAC70D0D0DBFA450CC162C5890AD5DBBB6702ACCA14387B2A29D3B77669F7DF659F6CE3BEF644F3CF144169F4F61B925FD9EE6D15A094F241C6375EA60E118EF0930E1381429D42E4B65F5100371B0B2217A935A391882C993275F346DDAB43513274EFCE5B5D75E2B84DF501C387020EBECECCC520FF297D4CBDCD6D4D4F4E75A0CC72F3B9F1A341CE33D01261C8730843ABBAFE7D71F70317A337BF6EC2CEAE8FAF5EBB39E9E9E6CEFDEBDFD75306E62BFF8E28B6CFEFCF985CF4D9830E16821B938FD77CED7EAC171A4DE5EEB1D77DC71F085175EC87EFAE9A7EC54AD5EBD3A4BE178A0A5A565415D5DDD99B5148E3BBBD766EBDE9D7EE4906AFA5EBC27C084E3F1449DE99B4FEC0FB4C6C6C6ECA5975E2A84DF50447D8ED19F74F37B5840D6D7D7EF4ABF8ED1FAC120A64E9DFACC5D77DD75E8C30F3FCC86D30F3FFC90B5B7B71F48957A6BAAECE7D64A3846D9F4C18B4784637C4F7809C7130CC655F9208BE98DE8219E8A981279FBEDB7B3FCBA8154F6A4E2A076385A30B6B6B6FE3CD4BBD1A198376FDECF0D0D0DBB53A5FF6D4D84E3BE7DD997FF9A7BE4906AFA5EBC27C084E3B10CEC31C6F0697EAEFF5475777767F7DF7F7F3E20F7A65EE4B55A43C80DA5468FB194C158F4E69B6FEE4B01D95DED3DC8E385639C80F345E79383CE39C67B4EC9118E83E99B63EC0FAEAEAEAE92D4C798A38CF9C87C0F32FDD9976815A979B1F826E618D7AC599395CBCB2FBFBCF5E69B6F7EAB9A57B20E1A8EA947D8F3E57BD927EFFC65D0602C96F84C7C562F52380EE8315E965F7C133DC6528AC53BB366CD3A6C7F64ECA1D43A52EBC3A99FC4E29B72BBE79E7BB6D6D7D7B78EA6703C5E6F512F52389E88542F3ECECF310EE750EAB1D605343535E517E9FC4DEB48CD8A7D8CB15D633856A59EC47CC7A1D47BFC6FB5DEA11E2D1C4FA4B778AC5EA440138EB1C13FBF2AF55417DF0C452CC41BB040E722AD24352936F8C71EA891F2E8A38FAE8FB995D1128E271B8CC522D084630AA485C5808AED1AE5168778E402F271AD2435278E848B936C86BAC17F987B8FBD291CBFABC6B9470F3B168EC32D46518A47C2C5368B722C901B68E3C68D87ED7F4CBDD7B3B596D494B973E7CE8EF98C9176E79D777E9E1A853F0847A5D6C3B1EF10F14230C50AD291923F2420D5CDEBB596D49438447CE1C285231E8E73E6CCE9ACA4A1D5F477597222612D1C85E3705F577D4FD728CB0AD56379F5D5572DCCA176C5D335E210F191D6D5D5B526363B57CACF2577C7BC24350C970B47E158AEEB2ABFE93F0EF21FC13A99EF392ED15A5253E2B1532331A731D0B66DDBE299733D95D688E50F663EDA1DBF70148EC37D5DE59FC758CE55AA037DFBEDB787ED79D45A525362C2BF1CFBA74E4454C20A6EC4FAEFA0F38D9970148EC37D5DE5BF5F7CBAC648884301F27F17AD2535252EFA4A510DE198BFE38F6131E1281C87FBBACA7F5D09755238A2E7584115B15A4AB58663FA5F5FD8CB76BCCFDC7EFBEDFD5FEFDEBDBBF0BD6AFB3757E375A5E708E61C0B76ECD8B1B5C2E71C8B65753CB1A0B827B35A8262C58A1571D87B76CB2DB7147E3DEFBCF3B2ABAEBAAAF03ACAEBAFBF9E5D7CF1C54784639CCE12A158FC6C7CAFA5A5A5FF752C18D1731CDEEBCA9C235480071F7CF0BB787A7885AC565D55C18DD861A1586D738E1164B1343FFF755B5B5BFFD7679C7146366DDAB4C2EB74A35208BFD34F3F3DBBF4D24BE304A3420FE6A38F3E2AFCBEF8D5B06AE9AE2BAB55A102C43EC778E06925EC73ACA463AA728DD7FBB1017AB0D37BAA251CF7ECD993757474F4F7148B43A6F1FA861B6E28F428F39F8F308CCF5C77DD7587056A3CB565D1A24585D75BB66C118E25B8AED27B4F56C23EC7F8B3737FDF27B596D494F6F6F627E2313523ADB5B5755DAA80632AA8113B6A4FB15AC3B1186ED1E0155F4730C6EBC58B1767679D75D651C3314A1C1211BFC650ECBC79F30AAF57AD5AA5E758A2EB2A856643259C9033E001C8376A2DA929A9029C7BEBADB78EC81339727B1CE36CD51F1B1B1B7F5D6D3FBF6A0BC72BAFBCF2889E63845EBE8718258660E333119C175E7861A1C718D7487158F5B4BEB947E138FCC68F1F7F7EFE6CD5788CD408CF37EEF55C476AD2942953BE5ABE7CF98885E3534F3DF541BA9B7EB61A7F76A3351CE37B175C70416128B6380F19BF270EA47EF7DD770BAFD7AD5B271C4BD7C3EC9F771C8927E6CC9D3B371F8ECF6B25A94953A74E1D77DF7DF7FD3C125B3A526FE4603CCF31EE968563694BF402F341591C568D451F9F7EFA69FF7B9B366D2AF41263414E04681C2F18BDC778AF38C45A4D8B72AA311CF343AB93264D2AEB968EEEEEEE428FB5F8E7A7FAF97BAD24352B55C06D318F546E6D6D6D6BAB79B2BF9AF73916C3F1589F490D63E1753CD22CBE2EAE688DD7D75C738D702C91BE2D1D9F14036AC1820565AB933367CECC1F38FE86D6919AD6DCDCFCC7A6A6A603BB76ED2A5B254CBD8F2FD31DF257757575670AC7CA0CC7F8F7C51EC92BAEB8E2A8EF57C3C29C6A0CC781BDC7E8C97DF3CD3725AF93B1723D379C7A3085E3EFB48ED4BC9696967FCC9933E760398657B76EDDFA530CA78E1D3BF6EA6AFE99393E4ECFB19452402D2C86D5BDF7DE9B9572E15C6767E761C3A9A9B46815A16F28E7B6DB6EDBF4E28B2F1E286530F6F6F61E6A6C6CDC9AEE8C2757FBCF4C380AC752AAABAB3B3785D48E6260C5B6AB38D6AD14C118A721598403830FE59C3361C2849DF3E7CFDF5FAA1E635F30CE1E0D3F2FE1281C4B2D0EB84F655731B8624E30E68087732875408F7171354F7540C9C4CAD1868686EEE79E7B6EDB70CF31C650EA68E8310A47E158E69BD6EB8B7B1FA3442F2F8E773BD555A9D3A74F3FE2A92082118ED3834C41F656AC62DDBC79F3BE53DDAE11AB5263F14DB5CF310A47E13852A2EEA4F0DA930FB3384167A8E7AFC606FFD8C738A0B758184A158C70E2433AAD2924B73FF2C8239F6CDCB871483DC938F9A6BDBD7D75F41653C59B3B1A2B9E70148E65BE69BD24FFD48E62B9FBEEBBB3575E79A5B07A3856B516E725E3D708C3E865C6D18153A64C39DA13410E5A7C032721422D559E1951299B9B9B3F7FECB1C7DE5FB66CD947A9D26DCE87E1CE9D3BB7C7D335E210F1382B358E848B936FAA7583BF70148E955A1F63CE7E602FF2644AEC63B45D0386A72779795F50C613CB37F5DD75F63FF32D9E36104FD78843C4ABF1AC54E1281CAB45DF19AC6DF9C53A275862EEF27927DF00C251388E5A7113DA371FF978DF4DEBC061D79E781E639C449582F426878803C25119F5E108201C15E108201C15E108201C15E108201C15E10830AA74747408A0CA2E7B53381E74A50294D1CA952B7B7A7B7B85508596EEEEEEBFA770DCE04A0528A3F7DE7BEFBAE5CB977FBF7DFBF6FF09A3CAEA3146302E5DBA74732A37BA5201CA2C35BED7A6DEC9EA18BE8BF92DA5224AFCBFD82018010000000000000000000000000000809AF37F71E27A07D43809FA0000000049454E44AE426082, '1');
INSERT INTO `act_ge_bytearray` VALUES ('2512', '1', 'E:\\WorkSpace\\OneWorkSpace\\one\\one-workflow\\target\\classes\\processes\\BiddingProjectPublishAudit.BiddingProjectPublishAudit.png', '2501', 0x89504E470D0A1A0A0000000D49484452000001C7000000AF0806000000882C153100000C4D4944415478DAEDDD5D6CD5E51D07701367B20B13BDF042138D9AEDC28BC5ECC20B8D33E1C26C179AA989A52245ABD2A6628DC4A8C0D440A804A72623D14A8C8946A338E34494204EA8BCA5B309BE3004F10D1159291419223A5EF5BFE777D2D3FC291428F49C9ED3F3F9244F38ED3908D4FFF37CFFCFEBFFB4D3000000000000000000000000000000000000000000000000000000000000000000000000000000000000000000000000000000000000000000000000000000000000000000000000000000000000000000000000000000000000000000000000000000000000000000000000000000000000000000000000000000000000000000000000000000000000000000000000000000000000000000000000000000000000000000000000000000000000000000000000000000000000000000000000000000CA2ACBB25F7DFDF5D7AF757575FDDCD1D1912D59B244A980B274E9D26CE5CA95DFA5D2E02A0528B308C655AB5665BDBDBDD9FEFDFB950A2A3B76ECC856AC58B13B05E58DAE5480328A1EA360ACE880DC9F7A921B5CA900651443A942A8B24B0AC783AE5480328AF92D0154F1E198B952012A301C7FFCBE27FB7AF5F3D9FAA5330B255EC7F784977004A8C970DCB3AB3B5BF7CF87B37F2FBAFFB012DF8BF704987004A8B970DCB2FEAD2382B158FEB37EA100138E00B5178E1B96FD75D0708CF704987004A8B9705CB764C6A0E118EF0930E1782AC68D1B774E7D7DFD4DC9E3A92C4B654B2A59AEF4A4F27EFACCB3E9B313D3EB8BD45C18463366CC38BBBDBDFD91B6B6B60F1E7EF8E11D93264D3A307EFCF8FE4AD8DCDC7CE881071ED83573E6CC354F3FFDF4330F3DF4D06F84A370148EA53176ECD8AB53E0BD91EADEDE016178BC7230C23295C63163C6FC4ACB062769D6AC597F9A3E7DFAC70D0D0DBFA450CC162C5890AD5DBBB6702ACCA14387B2A29D3B77669F7DF659F6CE3BEF644F3CF144169F4F61B925FD9EE6D15A094F241C6375EA60E118EF0930E1381429D42E4B65F5100371B0B2217A935A391882C993275F346DDAB43513274EFCE5B5D75E2B84DF501C387020EBECECCC520FF297D4CBDCD6D4D4F4E75A0CC72F3B9F1A341CE33D01261C8730843ABBAFE7D71F70317A337BF6EC2CEAE8FAF5EBB39E9E9E6CEFDEBDFD75306E62BFF8E28B6CFEFCF985CF4D9830E16821B938FD77CED7EAC171A4DE5EEB1D77DC71F085175EC87EFAE9A7EC54AD5EBD3A4BE178A0A5A565415D5DDD99B5148E3BBBD766EBDE9D7EE4906AFA5EBC27C084E3F1449DE99B4FEC0FB4C6C6C6ECA5975E2A84DF50447D8ED19F74F37B5840D6D7D7EF4ABF8ED1FAC120A64E9DFACC5D77DD75E8C30F3FCC86D30F3FFC90B5B7B71F48957A6BAAECE7D64A3846D9F4C18B4784637C4F7809C7130CC655F9208BE98DE8219E8A981279FBEDB7B3FCBA8154F6A4E2A076385A30B6B6B6FE3CD4BBD1A198376FDECF0D0D0DBB53A5FF6D4D84E3BE7DD997FF9A7BE4906AFA5EBC27C084E3B10CEC31C6F0697EAEFF5475777767F7DF7F7F3E20F7A65EE4B55A43C80DA5468FB194C158F4E69B6FEE4B01D95DED3DC8E385639C80F345E79383CE39C67B4EC9118E83E99B63EC0FAEAEAEAE92D4C798A38CF9C87C0F32FDD9976815A979B1F826E618D7AC599395CBCB2FBFBCF5E69B6F7EAB9A57B20E1A8EA947D8F3E57BD927EFFC65D0602C96F84C7C562F52380EE8315E965F7C133DC6528AC53BB366CD3A6C7F64ECA1D43A52EBC3A99FC4E29B72BBE79E7BB6D6D7D7B78EA6703C5E6F512F52389E88542F3ECECF310EE750EAB1D605343535E517E9FC4DEB48CD8A7D8CB15D633856A59EC47CC7A1D47BFC6FB5DEA11E2D1C4FA4B778AC5EA440138EB1C13FBF2AF55417DF0C452CC41BB040E722AD24352936F8C71EA891F2E8A38FAE8FB995D1128E271B8CC522D084630AA485C5808AED1AE5168778E402F271AD2435278E848B936C86BAC17F987B8FBD291CBFABC6B9470F3B168EC32D46518A47C2C5368B722C901B68E3C68D87ED7F4CBDD7B3B596D494B973E7CE8EF98C9176E79D777E9E1A853F0847A5D6C3B1EF10F14230C50AD291923F2420D5CDEBB596D49438447CE1C285231E8E73E6CCE9ACA4A1D5F477597222612D1C85E3705F577D4FD728CB0AD56379F5D5572DCCA176C5D335E210F191D6D5D5B526363B57CACF2577C7BC24350C970B47E158AEEB2ABFE93F0EF21FC13A99EF392ED15A5253E2B1532331A731D0B66DDBE299733D95D688E50F663EDA1DBF70148EC37D5DE59FC758CE55AA037DFBEDB787ED79D45A525362C2BF1CFBA74E4454C20A6EC4FAEFA0F38D9970148EC37D5DE5BF5F7CBAC648884301F27F17AD2535252EFA4A510DE198BFE38F6131E1281C87FBBACA7F5D09755238A2E7584115B15A4AB58663FA5F5FD8CB76BCCFDC7EFBEDFD5FEFDEBDBBF0BD6AFB3757E375A5E708E61C0B76ECD8B1B5C2E71C8B65753CB1A0B827B35A8262C58A1571D87B76CB2DB7147E3DEFBCF3B2ABAEBAAAF03ACAEBAFBF9E5D7CF1C54784639CCE12A158FC6C7CAFA5A5A5FF752C18D1731CDEEBCA9C235480071F7CF0BB787A7885AC565D55C18DD861A1586D738E1164B1343FFF755B5B5BFFD7679C7146366DDAB4C2EB74A35208BFD34F3F3DBBF4D24BE304A3420FE6A38F3E2AFCBEF8D5B06AE9AE2BAB55A102C43EC778E06925EC73ACA463AA728DD7FBB1017AB0D37BAA251CF7ECD993757474F4F7148B43A6F1FA861B6E28F428F39F8F308CCF5C77DD7587056A3CB565D1A24585D75BB66C118E25B8AED27B4F56C23EC7F8B3737FDF27B596D494F6F6F627E2313523ADB5B5755DAA80632AA8113B6A4FB15AC3B1186ED1E0155F4730C6EBC58B1767679D75D651C3314A1C1211BFC650ECBC79F30AAF57AD5AA5E758A2EB2A856643259C9033E001C8376A2DA929A9029C7BEBADB78EC81339727B1CE36CD51F1B1B1B7F5D6D3FBF6A0BC72BAFBCF2889E63845EBE8718258660E333119C175E7861A1C718D7487158F5B4BEB947E138FCC68F1F7F7EFE6CD5788CD408CF37EEF55C476AD2942953BE5ABE7CF98885E3534F3DF541BA9B7EB61A7F76A3351CE37B175C70416128B6380F19BF270EA47EF7DD770BAFD7AD5B271C4BD7C3EC9F771C8927E6CC9D3B371F8ECF6B25A94953A74E1D77DF7DF7FD3C125B3A526FE4603CCF31EE968563694BF402F341591C568D451F9F7EFA69FF7B9B366D2AF41263414E04681C2F18BDC778AF38C45A4D8B72AA311CF343AB93264D2AEB968EEEEEEE428FB5F8E7A7FAF97BAD24352B55C06D318F546E6D6D6D6BAB79B2BF9AF73916C3F1589F490D63E1753CD22CBE2EAE688DD7D75C738D702C91BE2D1D9F14036AC1820565AB933367CECC1F38FE86D6919AD6DCDCFCC7A6A6A603BB76ED2A5B254CBD8F2FD31DF257757575670AC7CA0CC7F8F7C51EC92BAEB8E2A8EF57C3C29C6A0CC781BDC7E8C97DF3CD3725AF93B1723D379C7A3085E3EFB48ED4BC9696967FCC9933E760398657B76EDDFA530CA78E1D3BF6EA6AFE99393E4ECFB19452402D2C86D5BDF7DE9B9572E15C6767E761C3A9A9B46815A16F28E7B6DB6EDBF4E28B2F1E286530F6F6F61E6A6C6CDC9AEE8C2757FBCF4C380AC752AAABAB3B3785D48E6260C5B6AB38D6AD14C118A721598403830FE59C3361C2849DF3E7CFDF5FAA1E635F30CE1E0D3F2FE1281C4B2D0EB84F655731B8624E30E68087732875408F7171354F7540C9C4CAD1868686EEE79E7B6EDB70CF31C650EA68E8310A47E158E69BD6EB8B7B1FA3442F2F8E773BD555A9D3A74F3FE2A92082118ED3834C41F656AC62DDBC79F3BE53DDAE11AB5263F14DB5CF310A47E13852A2EEA4F0DA930FB3384167A8E7AFC606FFD8C738A0B758184A158C70E2433AAD2924B73FF2C8239F6CDCB871483DC938F9A6BDBD7D75F41653C59B3B1A2B9E70148E65BE69BD24FFD48E62B9FBEEBBB3575E79A5B07A3856B516E725E3D708C3E865C6D18153A64C39DA13410E5A7C032721422D559E1951299B9B9B3F7FECB1C7DE5FB66CD947A9D26DCE87E1CE9D3BB7C7D335E210F1382B358E848B936FAA7583BF70148E955A1F63CE7E602FF2644AEC63B45D0386A72779795F50C613CB37F5DD75F63FF32D9E36104FD78843C4ABF1AC54E1281CAB45DF19AC6DF9C53A275862EEF27927DF00C251388E5A7113DA371FF978DF4DEBC061D79E781E639C449582F426878803C25119F5E108201C15E108201C15E108201C15E108201C15E10830AA74747408A0CA2E7B53381E74A50294D1CA952B7B7A7B7B85508596EEEEEEBFA770DCE04A0528A3F7DE7BEFBAE5CB977FBF7DFBF6FF09A3CAEA3146302E5DBA74732A37BA5201CA2C35BED7A6DEC9EA18BE8BF92DA5224AFCBFD82018010000000000000000000000000000809AF37F71E27A07D43809FA0000000049454E44AE426082, '1');
INSERT INTO `act_ge_bytearray` VALUES ('2513', '1', 'E:\\WorkSpace\\OneWorkSpace\\one\\one-workflow\\target\\classes\\processes\\BiddingProjectTest.BiddingProjectTest.png', '2501', 0x89504E470D0A1A0A0000000D4948445200000389000000D70806000000B742144F000012AB4944415478DAEDDD7F6C94759E077012D7B8C64DD4644D3459A3E6FC63638CF18F356A3C0D7FE85D8C7AAE51185BAAD61F10AC558901811302A11238251E06916C4C5009E2194F0489E05A905FE168022287A0AC2E2270052CB2AC200716F4B9E733D7990CA58516DAE90CF37A259FB47446249DF7CCE7F93C3FBE4FBF7E0000000000000000000000000000000000000000000000000000000000000000000000000000000000000000000000000000000000000000000000000000000000000000000000000000000000000000000000000000000000000000000000000000000000000000000000000000000000000000000000000000000000000000000000000000000000000000000000000000000000000000000000000000000000000000000000000000000000000000000000000000000000000000000000000000000000000000000000000000000000000000000000000000000000000000000000000000000000000000000000000000000000000000000000000000000000000000000000000000000000000000000000000000000000000000000000000000000000000000000000000000000000000000000000000000000000000000000000000000000000000000000000000000000000000000000000000000000000000000000000000000000000000000000000000000000000000000000000000000000000000000000000000000000000000000000000000000000000000000000000000000000000000000000000000000000000000000000000000000000000000000000000000000000000000000000000000000000000000000000000000000000000000000000000000000000000000000000000000000000000000000000000000000000000000000000000F48024497EF5CD37DFBCDBD4D4F4F392254B92C6C6465502B578F1E264C58A15DFA75523574AAEE44AAEE44AAE00289A688C2B57AE4C5A5A5A929F7EFA499550EDD9B32759BE7CF90F69A3BC4FAE945CC9955CC9955C015014B1E754632CE906F9536363E39772A5E44AAEE44AAEE40A80A288536B34A1D2AEB4391E912B25577225577225570014459CF7AF01957C734CE44AC9955CC9955CC9150025D51C7FFCFBAEE49B35AF279B164FC8567C1F3FD3BC3447B9922BB95272A5E40AA0C286C403FB9A938D7F1E9BFCF787238EA9F8593CA681698E72255772A5E44AC91540050D893B367D705C63CCD5FF6C5AA081698E72255772A5E44AC91540250D895F2EFDB74E9B633CA681698E72255772A5E44AC91540050D891B1BC777DA1CE3310D4C73942BB9922B25574AAE4E4D5555D56F3399CCFDA917D35A9AD68EB49282DA95D6EAF439AFA5CF7D2CFDFE725BB0D083C68F1F7FC1F4E9D39F6F6868583B76ECD83D757575AD83060DCABF09870C1972F4D9679FDD3761C284F5AFBEFAEA9FC68C19F30F8644CD5173942BB9922B25577225573D6DE0C081B7A683DFFBE936E8A17643E1C9EA480C8D69D5F6EFDFFF57B6F0E1144D9C38F19FC78D1BF7594D4DCD2FE97098CC9B372FD9B061431237CF3D7AF46892B377EFDE64F3E6CDC9471F7D944C99322589E7A743E38EF4BF1972A6BE09BBD21C6315B7CE9A633CA681698E72255772A5E44AC955D7A4C3DD1FD25AD3CDC1B0B3FA328E2EDADA876E18366CD8E5A3478F5EFFD8638FFDF2EEBBEF6687C0EE686D6D4D56AD5A958C1933E697BABABADD83070FFE974A1C12BF5EF54AA7CD311ED3C03447B9922BB95272A5E4EAE4D2816E52DB91C0FCA01767B54D9A3429896DD54D9B3625BB76ED4A0E1D3A94DF168D831A5F7DF5553277EEDCECF31E78E0818E86C545E9DFF33B5BFF701263C78EAD7FF4D1478FBCF9E69BC9C1830793D3B566CD9A241D125B870E1D3A6FC08001BFA9A421716FF38664E3C7E38E3FC526FD593CA681698E72255772A5E44AC955E762DBB1ED7AC3FC60575B5B9BCC9E3D3B3B0476476CD7C65971C3860D3B6650CC6432FBD2AFFD4D01D08951A346FDE989279E38FAE9A79F263D69FFFEFDC9F4E9D35BD337F5CEF4CD7E71A50C89515BD7CE3AAE39C6CF342FCD51AEE44AAE945C29B93AE980B8B270A08BCB9FE288E1E9884BA6162E5C9814AEAF91D681B4EE330D400703627D7DFDCFDDDD2BD31D73E6CCF9B9A6A6E687F44D7F65450C89870F275FFFD78CE34FB1497F168F69609AA35CC9955C29B95272D5B1F64710E3B4D2C235314E577373733262C488C241F1502693B9D354006DE214D33882D89B0362CEFCF9F30FA7836273B91F513C59733CB0AF39F96AD5B44EAFC588C7E2399A98E628577225574AAE945C1DABED1AC4FC00D7D4D4D42BDBA5710D635CAF58784431FD7FFFDE7440C58B456AE21AC4F5EBD727C5F2D65B6FEDACAEAEFEA09C573EEDB4391E3E9CECFAFA93E4F38FFEB5D3C698AB784E3CD7DE54CD51AEE44AAEE44AAEE440AEF24710FF50B8484D1C41EC4DB1C8CDC489138FB9BF62DC83D19440451B356AD4E7B1484DB13DFDF4D33B33994CFD9934249E6CAFA9BDA99AA35CC9955C29B9922BB93AB174FBF0B3C26B107BF214D313AD9F3178F0E0C2C56CFEDD9440C58AFB20C66D2E7A6215D353380FFC687575F5DFCA754F4D47CDB12B7B4D4FB4375543D31CE54AAEE44AAEE44A5572AE060E1C786BE12AA6A7BB484D77C4C28DED16B2B9DCB440451A376EDC6771EF98BE3279F2E44D71CEF99932249E6A63CC9586A639CA955CC9955CC995AAE45CA583D982DCA016B7B928B62953A6140E8A2F9A16A838E3C78FBFA0A6A6E697BD7BF7F6D990D8DCDCDC920E89DF97E3B5895D5DFA5B698E72255772A5E44AC9D5C9C5D965B1C2680C68717B8A622CA8D8DE962D5B8EB97F626D6DED05A6062ACA8C193326C579DE7DEDF1C71FFF4BFAA1F08F9AA3B2D12557722557722557AA7273950E65F7E706B45871B4AF0C1B362C3F28A6DBA87F343550511A1A1AD62E58B0A0CF87C4A953A7AE2AA5534ED37F4B63578656CD5173942BB9922B25575E3BB9EAB95CC5E99DC55AD1F444DE79E71D0BD850B9C68E1DBB67C3860D7D3E24363535AD8F9BA596CAEFA560CF5163FAC17083E6A839CA95922B2557722557BD9FABD81ECC3D6FF3E6CD7DB96D5A7824B1D1D44045A9ABAB6BED8B73BDDBDBBD7BF7AEB81F4DA97D8815D4A28EF67C698E9AA35CC9955C29B9F2DAC955CFE52AFDD98EDCE3C55CD5B4BDEDDBB71F73CF44530315252E082EC67D67BA22DE8425FC2196DF9354F861A6396A8E72255772A5E4CA6B27573D97ABC29F1F3A74A8CFB64B5B5B5B8FF9379A1AA82811FA52510E4362E19EAF384D4273D41CE54AAEE44AC995D74EAE7A2E57857F2E856D5343228E2496D01BB15CAA9C9AE3EAD5ABE3032ED9B16347D2BF7FFF6C3DF8E083C9FCF9F3B33FDFBA756BA7FF6D3C1EF70C3AD1DF1FCF79E49147F27FFEE1871FB23FEBEBDF915CC9955CC9955C9D99B95ABB766D72F7DD7727F7DE7B6F361B5191935C56AEBAEAAAE4B6DB6EABF86C9563AE1C49843E562AD724EED9B36767895F9398AB35994CE6CEDC3D1DCB69A32B9AD4B469D3B2DF1F387020FBE7B80F50DC2333BE8F55BC72CF5DBE7C79BED9C6D74B2EB924B9F9E69BF34DF8BDF7DE4BAEB8E28AE3FEFEDADADA6C43CC3D377E3674E8D0FCF77101BA3DA87225579595AB787DEEBAEBAE6CE536E00B37E4E335ACA9A9912BB9EA765D76D965C92DB7DC927F4DD7AD5B97ECDCB933FB7D642556C6BCF2CA2B2B3E5BE5962BD724420978EEB9E7BEDFB46953A9AC6EBAB2843FC48E698A39E5B231BF72E5CAE4C30F3FCC37B0D8FB9ADB631A5F870F1F7E5C932B6C94F1E7868686FC9FCF3EFBEC64F4E8D1D9EFD3013FDBF8CE3AEBACE49A6BAE49264F9E9CDDF317CD3AD7B49D66531EB98AD7EDFAEBAFCF56FB0DF9D8D88AD733369AE44AAEBA53070F1ECCBE763EAFE4AAB787C4F5EBD79F7048ACD46C955BAEAC6E0A2520EE93B870E1C292B84F62DC17A7043FC456C70D54DB37C5721A12E3949A6850B366CD4A2EBAE8A2E499679EC937BBA54B9766BF4E9F3EFD98BDA1B17775C99225F9BDA5B9D367E2FB7BEEB9273B38B41F2EE23971DA4F61338D861D0D39776A8FE658FAB98A0D7AB9922B9F5772550EB96A3F24C62DBD3A1B122B395BE596ABF4B169A5709FC4F87F17FC7BA7991AA828E907E294891327F6F990585F5FBF317D03F62FA10FB10EF7989642738CBD9585D7517474FAD6CB2FBF9C6D46D1DCE2BFF9E28B2F9255AB56657F56D8C8E2F16858D168DB5FB7118FC70764EEFBF87BE3FB458B1625E79F7F7E878D316AC18205D9AF715ACE9C3973B2DFC7DE5B7B504B3B57A752722557DD393A98DBD82AFCAC8A233185D76FC9955CF5D69058C9D92AB75CA5C3634DEEF362D2A4497DB66D3A62C488C221F13E530315257D035CFCD0430FFD12470FFAF01E892DE907C28FB5B5B5BF2EB7DF5F5F9EBED59DE7C7F516D1A0F6EDDB976DA0D148E3CF37DD7453BEF1CD9E3DFBB8C6188FB7DF7B1A0DAF702F69549C8E13CF89A6194D36F69AC6BFB15FDB2936FDDAAEC7A8F4E658EAB9EA6EC9955C75B5E2888C5CC9556F0D89B96B0B63083CD19058A9D92AB75C0D1A34E877E950762886B3586071FFFEFD7D7D3DE2A1743BF5B7A6062ACEC89123FFBA6CD9B23E1B125F79E595B5994CE6B572FCDD95C3C67CAE41E5F68646638CBDF7B9D36BE26771ED44470B9274B531C6CF2EBDF4D2FC91CB38DAD9AF6D31808F3FFE38FBFDC68D1B6D74C9955CC9955CC9558F0E89B9D73C77ED600C80F1E7582829BE3EF5D453159FAD72CC55E1758973E7CE2DFAB6E98C19330A87C4D74D0B54A451A346550D1F3EFCE7BEB81546FAA17DA4BABAFA6FB1D7C890D8FB8B925C7DF5D5F9BD99DBB66DCB7F9F5BE9ADB0624F686193CC9D62131791C7DEDADC6371C17F34DFB8583F9A67EC998DC61D8FE54EB771C1BE5CC9955CC9955CF574C551BF78CD5E7AE9A50E1FEF6875D34ACC5639E6AAF094D3BABABAA2DE0AA3B9B9397B0433F7FF4FB753AF352D50B1D237E0EE3857BED81A1A1A3694F3C5C0E5B0D1953BBDE6DC73CFCD36C37E6DA7D3E42EE27FE38D37B25F67CE9C79C2DB1CE41AE3899E937E9066BFCF2D259E5BF52DBEBFE38E3B34C712CE5557AE758D0DB17E6DD7EFC8955C75A562C3F9F6DB6FCF5667B97AFFFDF7F30B8AC8955C757748BCF0C20BB38BD07494ADF3CE3B2F7F7B954ACE5639E6AAED56189FE706B579F3E6156DDB74C28409F9013193C9BC6F4AA0A20D1932E49F060F1EDC1AA76914CBBA75EBBEAEAAAAFAEB8001037E6348ECFD4131BE9E73CE39D93D9FF1EFBEEEBAEB8EB92171BFB6E5C04FA731C6DF1BB748B8F1C61B3B7CBC2F2EDAB7D1D5BDA3377225573D9D29B992ABDEAA1810DB2F7C5458D75E7B6DFE7AC34ACE5639E6AAFDD1C438B2F7EDB7DFF6FAB669ACF85F709AE9917448BCDA9440C51B3A74E87F4E9D3AF548314E3BDDB973E7C138CD74E0C081B796F3EFAC9C4EDFAAD4B2D1A5E44AAEE44AAEE4AA3CA583DA82DCD016478C7B73A1C558F9B6F034D3B4869A0EA0DFFF1FDA7FF8E187B7CE9A35ABB53707C4969696A3B5B5B53BABAAAA8695FBEF4C73D41CE54AAEE44AC995D74EAE7AC78001032E4E87B53DB9C12D6EDBD6DADADA2B0362BA6D6AB11AE84C2CF1FBC0030FEC9D3B77EE4FBD7504B16D409C7426FCBE3447CD51AEE44AAE945C79EDE4AAF76432991BD2DA971BE0E29AC1B8DEB3274F316D77047151395F0A05BD26561AADA9A9699E3973E6EE9EBE06314E313D138E206A8E9AA35CC9955C29B9922BB92ADA418C3FE6EE9D181547FD9A9A9A4E7B15D371E3C6150E870644E8CA11C574A0FB20563DDDB66DDBE1D3BDCD45AC621A8BD494FB35889AA3E628574AAE945CC9955C155F6C43A643DC81C2A16ED2A449D9DB9174C7F6EDDBB3F7416C77F4307B8AA90111BA2893C9D4A7C3E277CF3FFFFCE75BB66CE9D691C5DDBB77B74C9F3E7D4D1C3D4CDF7833CEC4379EE6A839CA955CC995922BAF9D5C15ED20C6EFD36DCA1DED86BBE4C9279F4CDE7EFBEDECCAB1B10A6AEEBAC5F81A43611C758CFB668E1C39B2FD60985DC5D42235700A62B84BDF3CE3E34D3964C890BFBCF0C20BAB972E5DBA2E7DD36D2B1C0AF7EEDDFB5DFA265C3F75EAD455F5F5F51BD337F28FE990F95A9CBE7AA6FE6E3447CD51AEE44AAE945C79EDE4AAB8DBA5B1B645FBA38AA752711F44B7B9809E39B27843DBC0B828ADAD6D7B5F726FB65D69AD4EEBC5B4FAD7D6D6FEFA4CFF7D688E9AA35CC9955C29B9F2DAC955F1C54188747BB3A170519B2E565CDBF87A7575F5B5B6EC01CD5173942B25575E3BB9922BB93AC3C44189B6EB155F6C3B88D1FE74D45D5555558DE9D769E940797FACBB610B16D01C35471B5D4AAEE44AAEE44AAE00D01C958D2E255772255772A50C89009AA3B2D1A5E44AAEE44AAE94211140735436BA945CC9955CC995322402688ECA4697922BB9922BB952864480D2B164C9120DA8B4EB50DA1C8FC895922BB9922BB9922B008A62C58A15BB5A5A5A34A112ADE6E6E6FF489BE39772A5E44AAEE44AAEE40A80A2F8E4934FEE5EB66CD9DFBFFBEEBBFFD58C4A6BCF6934C6C58B176F4BEB3EB952722557722557720540D1A41FBE77363636AE89D339E2BC7F551215AFC597E5DC18E54AAEE44AAEE44A5572AE00000000000000000000000000000000000000000000000000000000000000A0E2FD1FD052B25372DE9C9F0000000049454E44AE426082, '1');
INSERT INTO `act_ge_bytearray` VALUES ('3', '1', 'E:\\WorkSpace\\OneWorkSpace\\one\\one-workflow\\target\\classes\\processes\\leave.leave.png', '1', 0x89504E470D0A1A0A0000000D49484452000002D90000015B080600000000DD92D00000304F4944415478DAEDDD0B989C55992FFAE8E08C3EE82847DC0E473D0C7BBBDD3C6E6636C7C1518E8393F1A0849141074D9AEE4E427B2162044910040672924D64C30823B91040E52E8290215C2201493A4D12432201C49040B85F42B82444AE315C82EBACB7A6BEDE954E773A9DAEEEAEEAFEFD9E673D75EDEEE4FBEA5DEB5FAB567DDFB061000040DF9838A3EDC063672E3CF4D594BEFF544A93E2B268F39E4F17A594C64C98BEF0E489E72CF8CFC74D5FF00FF1FC78DE652BD30D6B539A3C6DC1A6DBF373FEE9D8196D278E9FD5F66E5B140080216FC2F4D63113CE69DB77554A67E6B0FCAD08D7F9FA196FA674FC4F96A75B23584F98B1F0DCFF1DCA5BBFF0DDE90BFF263FF7E05F6E4C174D99D2B6CBB133169E6E4B02004011B2672E9C119777BF9466C6E5942953DE5E11C08F8FCB4752FA9F31839D83F5C827539AF4444A93AF7F3A5D7E5F4A3F989783F6CFEE4B73F263071D3BA3F5EC08DDB62A0000435A2CF388CBEB9E4A3F8B209D03F49408D271FDE2BBD34DF1D89DBF4FB3223CC7B29008D34FA7746ACC78FF3EA593F3EDAF4D9CDE36E27B33DBF6B6350100208BA520317B3DBD75D3D2B87C38A5A91366B436E6F0BCEFA22DE9DC63A72DF8E084196DCD1367B57D3407EFA9F9FEB1D7AF4D5744C8BEE1B97459BEDD326166DBE4E3CE5DF0315B13008021EF9819F3FE7CE2CCD6A37250FEECA5BF4DBFCC97DF3EEFD77F6CCB97DFF9F727D395B1463B07E82F4F9CB1F0EF73183F6CE2CC85E363A67B694A3322645FB822DD1C33DEF9B18B6C4D0000C88E9BBEF01FA3BD99D271A5A3889CBB60FF7CF9E598D15EBC25CDCCD7DF3961FAC2E3A64CB9E64FE3CB8EDF3BB775CF58979DDBB1C7CC58F0F11CB8FFBF08EAC74E5BF8A9B8B445010018F226CC689D1087DD2B2EB77AACFC85C8B88CD9EE78FCFCA5A9352EAF7D3A5D3EE19CC57B44D0FEC5FDE9DF63BDF6C4E9AD3FF3A547000086BCE2D07B9587E03B66C6E20FE460FDE3B7529A109729A5A3F3E567F2E57FBAE43F96947CFDDC456F2EBAE0F6B4205F3FEA8617D345DF3E6FC96ED16C5100000000000000000000000000000000000000000000000080212CA5B4CBAB297D3F5F5E97DBCF73BB38B78B725B9CDBEDBF4B69FEE2B7D2CC786EF9793FCAEDCADC4E7E2C3F27EE8B76D3FAB422DFF7F9785E9C91325F3F35EE5F95D219FFEBBAB52FE5DB175E78579A972F3F58F1B70FCC6DDC84E90B4F8E53C71F3BB3ADE1E617D34FE3F74C98D1DA1827E7B1870000A8D7A0FDC5059BD2051367B445E83DFFACB91B5EB8F037E95711922FB93BDD74DCAC451FC9F7BF3FB76511C4976E4C8FBC98D2EF36A4B424DFF140BEEF861FDDF2D2C67C7940F9F7EDF5A39B5F88D07D75B9FD6ADA82E736BE9CD289D73F9D2E9F7249DB3BCBCF7BDF59376DB8FB7BE7B6EE99AF8F88303F6146DB8DF1EF9871DB1B8BBF73EE82F7DB3B0000D46BC81E95DB57E66D4C179DFAB37BFF90AF4FBFE5C5F4D36367B68EAC7CDE9CA7D223F9B1EFE6F6BD9BD6A74B1E4E69EA7D29FD60E2CCD6A31E4AE9E6F2EFDA27B7CB72FB456E67E776CD25776D7A265F9E9EDBA53FF94D7A305FBEF3BBD3DBE2799F9FFD6829848F7F3EA57FB93107F04B7F976E7C2CA529BF7A39FDC49E0100A02EC5128D8933DAA69E76CD230F2D7C2DAD39F5D27B374720BE65E5CB8FB56E4EE71F377DE13F969E376DC15FCFDF9C1E9CB3365DB13AA5C5773CFE5604EE398FA7D43AFBE174F559BFDCF074CC50E7FB0ECEEDDF72BB319695AC4B697539705F76EFB3E9FE7CF9817218FFCC6B291D7FC99DE9A698B9BEF585F4D398E59EBB3E5D1A33E8D3166CBA7DCA946BFED41E0200A0EE4C9932E5ED39F0365CFF547A2C5FFEE087373EF74279D9C8BFCEB8ED8DB8EF7DF1BCEFCD6CDB7BDAFC579ECFB7E7DF9ED2FD67FD72FD6F2364C75291E54FA45539A09F17CF3B66C6BC3F8FF5DC57DE9756C53AEF5FAF4F8FC63AEF1B9F4B77E6CB3BBE7DDE92DD8ABF9B7FDFB209D3DB4EB927A533239CC7DFBDEAC1347BC2F4D631F1B8BD0300405DCAE1F6EB2BD7A735F9F2FBB106FAAC79CFFFBE1CB20FCFEDD69B7E9F96979FF7A17BDE28CD44DF70D18A179EFD4D0ECD17DE916219C8371E4CA540FDDDE277DEF46C7A3CDF5EF4C00BE977F972E9336FA53B7F74CB8B1B97A734AD78CE3133167CFC27CBD3AD13A7B78DC8CFF966CC60C79AED2BEE4B73AE7934FD2266CEED1D0000EA3160BF3B968644A82E07EB7F9CF28B359BE27AACC78E35D2F9BEFFB7FCDC6B62C9C7FD1B4A5F74BCE8968DE9A22D29FD265FDF6FCE532966B5DF1DB3D8C7CE683B315F5F92DBFF93DBCF5AFF901E8E2527AFA6744BBE7D44FCAE5806327146EB17CE5F9A5AF37DFFFDD8996DDFC89787C63291589B7DEC8C85A7DB3B0000D46BC8DE33826DAC8D2E7FA1F197D73CB8695D04DD68336F7B63717C413196783C9ED25DF9F1539E4C6952BE6C8943EDC5928E0B96A4853FFCE5732FC61148E277CE7932ADCC8FEF7BEE6DAFC7529303E277C6FAEB8933178E3FEDAA0762E9C841F1FBE2307FA75DFDF0C3F9F6DF5EB12ACD2905FB1CAEF3EDE69CDCFFEDB8E90BFEC11E0200A01E43F6FB279CD3B66FC5ED58637D7C5C9F32A56D970933DA9ACBF7EFF3404A774F98B970D2C4596D1F7DE03F8E14F23F72DBFBEC5B36AECB97B7949FF7A172A83E3042F67329CD7BEEADF4BB33AE5FB7EAD12DE9E658E73D71C6C2BF8FE7C672919CDA7F54FEB96FC56504FA0933169E37F147AD1FB2770000000000000000000000000000000000000000000000000000000000000000000000000000000000000000000000000000000000000000000000000000000000000000000000000000000000000000000000000000000000000000000000000000000000000000000000000000000000000000000000000000000000000000000000000000000000000000000000000000000000000000000000000000000000000000000000000000000000000000000000000000000000000000000000000000000000000000A0CFA5947679F4D147672F5FBEFCADD6D6D6347FFE7CAD06DA82050BD2E2C58B9FCF6DB45729FA0B4D7F81FA549FD49928C8254B96A4F5EBD7A7D75F7F5DABA1B661C386B468D1A29772817ED52B15FD85A6BF407DAA4FEA48BCE35590355D98AFE777C2F77BA5A2BFD0F417A84FF5491D898F94BCF86BBBE5A27CD32B15FD85A6BF407DAA4FEA48AC17F2C2AFF9A24C5EA9E82F34FD05EA537D32088BF2D5179F498FAEB824AD5E705AA9C5F5B84FD1284AF417FA0BFD05EA53539FEC4451BEF2C2BAB4EA5793D2EF6E3A61AB16F7C5630A4751D690F7D904FA0BFD859A569FEA537D521745B976F58DDB1464D19E5A3D57E128CA5A3122B754BE447FA1BF50D3EA537DAA4F6ABB28EF6FFBD72E8B321E53388AB2061C98DB0BB99D53BE3CC426D15FE82FD4B4FA549FEA939A2ECA55F3A7745994F198C251943532181F5231FBB5C1A0ACBFD05FA869F5A93ED5673F993265CAFB66CD9AF583A953A7DE3969D2A40DE3C78F7FA3B9B9391D7EF8E1A5366EDCB82DDFFFFEF75F38EDB4D3EE39EFBCF37E7CEAA9A7FE1745A92815655D0DC6DDDD8FFE427FA1A6D5A7FA549FD572FAE9A71F3479F2E4DF8E1E3DFA8F395CA7EBAFBF3EAD5CB9B27456A42D5BB6A4C2C68D1BD39A356BD22DB7DC92CE3EFBEC14CFCFA17B6DFE9971C3870FDF65A816657CFBB8ABA28CC7148EA21C2023BA19748BC7ADE7D45FE82FD4B4FA549FEAB39A264C98F097279F7CF23DDFFCE637FF387BF6EC5288EE8937DE78232D5DBA349D7AEAA97F1C3F7EFCB3471E79E4A143B1281F5A7A6E9745198F291C45398083717783ADD92FFD85FE424DAB4FF5A93EAB69D2A449477FE31BDF78F3B2CB2E4B9B366D4ABDB562C58A9443F61B471D75D4F523478E7CF7502ACA8DEB56A655B74EDEF6A3A57C5F3CA67014E5007D9C3CA28F9E8FFE427FA1A6D5A7A63E3B73D24927FDF83BDFF9CE96BBEEBA2B55D3CB2FBF9C66CD9AF5464B4BCBD33968FFC55029CA688FDD79F9364519F7291A45394083F1213BF173AF1894F517FA0B35AD3ED5A7FAEC45C03EFAE8A3DF8AF5D67DE5CA2BAF7C6BF4E8D12FE5A0FDD1215194AFBD961EBAFDFC6D3F5ACAF7C5630A4751D6F860EC6366FD85FE424DAB4FF5A93E7B239688C40C765F06ECC20D37DCF05A0EDAEBEA7D46BBBBA28C33403DB87466976BB8E23167895294FD60449506D3110665FD85FE424DAB4FF5A93E7B20BEE4186BB0EFB9E79ED45F7EFEF39F3FDDD4D474633D1F79A4CBA2CCEF689F796861BAF7967FE9B2208B16CF89E77A17AC28FB7830AED6C7C266BFF417FA0B35AD3ED5A7FADC51279D74D2BDF125C7FE76ECB1C73EDDD0D070F4602ACAEEDEED7A17AC2807E0E3E462307E5B6E47942F7BA2E3CFF9E294FE427FA1A6D5A7FA549FDD89E360C761FAAA7114919E5AB76EDD96A6A6A6DF373636EE3E588A7247DEED6EEF5DB04252947D343B1583E945B9A5F2E5DB7A301877F67382B6FE427FA1A6D5A7FA549FDB13279A9933674E1A28679E79E6EA1CB2CF182C45B9B305593485A428FBE8E3DF23CA836AEAC1A05C3918176D6C271F5B5B3AA2BFD05FA869F5A93E8DE795E254E97166C69E9E68A6CAB3D9EB73C87EBE1ED766EFE8217F3445D98FBA1A243B1B5CB7372877F6FC0B3B79BEF59CFA0BFD859A569F9AF1BCA3F3CF3FFF8C3855FA40FBF6B7BFFD400EDA7FA72835217BD8B05C0BF377B21EBAFB42D48E0ECA3B3A180FF331F38EEF2FFDC5D0ED2FD4B4FAD486E0783E75EAD43BE7CE9D3BE0217BDAB4694B6B69C988A2549403E9F0C30F4FD1E275D8D0D0F0E91E7E9CDCDDA0D8DDA0DCD3C1B8F2EF6F188A33DA3BBABFF41743B7BF50D3EA531B82E3F9A4499336AC5CB972C043F6F2E5CBEFC945D0A6283521FB7FBFFE2ADACDDDBCE9EBE9C7BB5D0DCA6FDFC9C1B8BB8FB58744C8EE6E7FE92F846C35AD3EB521349E8F1F3FFE8DFE38F94C779E7DF6D967F20BFF1945A909D99DBEFEDADFF475F23ADCD9F5939D0DCA0FF46230EEEDBF673085EC4EF797FE42C856D3EA531B42E379737373DAB2654BAA05F1A257949A90DDF5EBAFF24D5FF91396DECE32753628F76630EEE9C7DC833A6477DC5FFA0B215B4DAB4F6D088DE7F102AB15F510B21565FDB51DD89775D90E3BECB062E03CA7972FF7B77732DBF540F9FEDE3867B06EFB9D6DFA0BFD859A569F9A99EC010BD943BD28A333FCE10F7FB8D50BAAA9A929DD70C30DE93DEF794F5AB56A55FB634F3FFD74E9F971DF430F3D94BEF8C52F965A3CF7231FF948FAC94F7EB2D5EF5EB3664DE9F9F173CB962D4BA3468D2AB5B163C7967E261EABFC993BEEB823FDF33FFF73FB73BA7A5E57FF8FB3CF3EBBDBE71C7FFCF1A5EB575F7D75DABC7973FBFD575C718599ECCEDB8AFCE6EE908AC35DF6F6F4CADB9BF5EAC9C92DCC64EFC0FEAA95413CF66FF42B3BFAFCA8FB8F7DEC633DFAFDB552FF753093ADA6D5E74ED570C77138EAA8A8D318E72B1F5BBA7469FAE8473F9AF2FFB554CF7FFDD77FDD9E03E2F6AEBBEE2A640FE635D91B366C78BAC6D764F769512E5AB4A8F4429F3A756AA978A258A218A215C55239F844606E6B6B4B9FFAD4A7D257BEF2951467EB2C06A9685130071D74D0567FE31DEF78477AEF7BDF1BEBDFDB9F7BD34D37957E6FFC7CC77FD3073EF081F4B9CF7DAED3E2EE380816FFFE2288EFB1C71EE980030E285D8F76EDB5D7A6BDF6DA6B9BDF73E18517B65FBFFCF2CBDBAFC7FF5FC8DEEE40DC71F07BA58FD66FEECCA06C4D7617FBAB96427667B51D2DFA86E857A255D673B4A29E2FBEF8E2D2EF78EAA9A76ABEFE6B3864AB69F5D9EB901D979FFFFCE74BAFDB2BAFBC32CD9E3DBB34F116F7B7B6B66EF5FC3BEFBCB374F9C8238F942EE3B9AFBCF24AFBE3D75D779D905D6DA79C72CAF3AB57AFAE95A38B2C19AA45192FF478A759DCBEF9E69BDB5FF8314B1D8F15F755CE62DF7AEBAD9DFEBE8E213B7E7F3CFFBEFBEE2B5DC6A017035C84EEFC46AB7D86BA326CC7A0B7DB6EBBA5E38E3B6E9B99ECF83DC500DBD9C018B7E30D4365C03FF9E4934BD71F7BECB1F6DFF3D9CF7EB6F477E27ABC71287E368E781397D3A74F1FEA217B596363E39777E0444D3D9D65EAEA905E9D1D89A02783F2503FBAC876F7572D85EC7813DDD5E3D10F44BF137D48C7901D03F3DE7BEFBDCDEFABD5FAAFC190ADA6D567AF5ACC402F59B264AB7A8DFD1A7519F5F9AE77BD2BBDF4D24BDBD46831FECF9A35ABBDCE0E3EF8E0ADC67521BBCAE238D9F3E6CDAB89E364E702386B281765BCC823C8C62014D79F78E289F6901D976BD7AE6D7F6ECC46C77D5DFDFD8E213B9EFBDDEF7EB7F4BBE2F77EEB5BDF2ADD17851805D6D93BD93DF7DCB3340876FCDD11F85F78E185AD66B222C4C7BBE662E62A1EFBFAD7BF5EBA1E4B4EE2FFD5D9FFB77226EB831FFC60E94D435C8F59AF981D1BC233D9DB9BE5EAED6C5377C7CC7DDB4E0ECAFB0D1BBAC7C9DEA1FD550B8378CC54C73EFDB33FFBB3ED3E2F06EB58A2D63164EFBEFBEEA59AEE384950ABF55F43215B4DABCFAA658598B58EC9B208D67119B3DAF14636EA343E69AEACEFB85D9929225C471688BEA0F854BB72924FC8AEA2FC8EE6ECD34F3F7DC043F6D1471FBD2A17C2F0A15894312B1D83D13EFBEC9366CE9C590AC851341172A380E2F118C0A2408A9FD9B871E30ECF64C70C51ACAF2E8A333EEAED386374CF3DF76C13B2E36FC67DFBEFBF7FE9E3A80B2EB8207DE2139F285DC63BE5B8DEB1F063602EAE17E13D66E063C6BCB38E22427CF11156BC3B2FEE8FEDE0B4EA3BA5BB59A71D3D29454F07E5E2E3ED2F0FA3A607F1A8B3D89FF12955E512B38E2DBED711AD63C88EB59C1D43762DD7FF20E82FD4F410AACFEE5A8CE7C5445CE527DEB1BCAB78931B9F2AC57DF1BC78031C6376DC2E7243CC64C724622C172D3EA18E37D442761F38E18413FEE288238EF8637CDC3080C7C85EDFD8D8F86A4B4BCB3B876A51C68B3F0275F1F16C7CBCDA7149486551F52464478B77ADF17BF7DD77DF52602E4275E53BDB2264C76B218275B4A2682B978AC447B83108769C5D8FDB9FF9CC67B699C98AC1F94B5FFA52FBF3E26FC5179E86557C71A3E3003DD4D764F75257B35F3D3DEBDB8E0ECAC5DF13B0EB60101F565E8F1DDFE988EBDB5B32525C8F601DADF81264FC5CC7805EABF53F48FA0B352D646F3529577C123479F2E46D967A14F920FE3FB1FEBAA8AB62AD7665AD6DD8B0A1BD2FD8DE9B6E21BB174E3CF1C4876FBBEDB6010BD9E79E7BEE9D0D0D0D3F1DCA4519CB363A06EA22F8165F32ACBCDED3905DF9C5C861155F80288AAE72AD76E5005B5990C5EDAED649EEE8201B4B5D8A2F5E542E55A92CFCE2FF5EB9EE5BC8EEF1EC57C78F798F18D6F363E67636288FEDC12C1B353488174B452A3FCD3AF3CC33B77A4ECC7EC53ACD689D7DF171D2A44969C28409EDFD47ADD7FF20EA2FD4B490BDD51AECE2CDE8F666B22BEBB318EF63263BEA3226D98A4FAC63E2CD4C761F39E9A4931A8F3FFEF8B706E2507EF9C5F2665353D3EF9B9B9B3F3C948BB2F86262E520557C24148138BF11DAEADD6A4F4376BC5B9D3B776E6926BC28BCF8283866A78AC1ADB3DF55CC7817EBB5B617B22BBF98593980C6C75B9D7DA1625887359931B016E13FFE8DF1EFAAC63BEB211AB22B07CB119D0CAE3D392945573F37A40ED3371806F161E5EF7D74ACEFE2C81E45108F56F95172776BB26BB9FE07597FA1A685ECF69A89FA2D26C8A25E3B9BC9EE2C64779C38EBF8456621BB0F8C1F3FFED9F8B66A7F9B3A75EACAC30F3F7CE6502FCAE28B84C5217786557CE13166AFA3683A7E6434ACC3217AA2C53BD3F28BB074D490CAC7625DF6B0F21726E276519CB1E4A358B355F9CEB768B1FE3AD64B165F4A2A66BBBBEB008A41B6B33714C59B8A4B2FBDB4FDF9C5C75571597C04561C9140C8AEDAC7CC6F2BCF5AF5F4105E1D7F6EC43001BBAE06F1A8A7CEC271F1A5A8385C68E51291CA2F45C5CC583130C740DDDD51086AA9FE07617FA1A685ECF69A29027531AE179F46554E8E75FC84A8A8E508E6C5D2CF988413B2FBD0B871E3BE70E49147BE1161AFBFDC7DF7DD0F3536363E3C72E4C8772BCAAE0BA9F21D6AC713CB14EBAD2A5B311B547C24DCF158D931C31DDFDCEF18D0A3C83EF9C94F76F93173714CCEBCDF7A15B2A345501FD6E1CB4EC57545D9E783725F7C6C4D8D0EE2F1263A8EDCB1BD63E0C62CF4B04E8E5614CBD88A43EC559E24AB9EEA7F90F6176A7A8887EC18BF2B8F715D04E76229569C64A6AB43F84546884FB18B37B9C5A45D772799539FBD74D45147FDFBB469D3DEEC8F652379A76E8A6522F98570A0A2D41465DD0CCA43EE4433FA0BFD859A569F9AFAECB5385CDDD7BEF6B5C72EBFFCF237FA3260AF5FBF7E4B4B4BCBD38D8D8D1314A5A628FB4D6F3F0EB644447FA1BF50D3EA53539F3B2B07DFDDC78C19B371CE9C39AFF7D50C7639609FA1283545396083724F67AD7CC9517FA1BF50D3EA53539FBD1547FA183D7AF4BA8B2FBEF8D96AAFC18E25228361065B512ACA3AD6D38F877D9CACBFD05FA869F5A9A9CF6ACE68E7407C631C75E489279E78ADB787E98BA388C4971CEB7D0DB6A25494432C68C769959DC9517FA1BF50D3EA53539FD5D6D0D070740EDBCFFDE0073FB8F791471E79B6A767729C356BD68A98BD3EFCF0C3CFAFE7A388284A4539088D280FB623B6F3F80683B1FE427FA1A6D5A7A63EFB4884E31C92A7E4B676DCB8710FFCF0873F5CD6D6D676F7934F3EF94465A8DEB871E373CB972FBF67DAB4694B8F3EFAE85571AAF4389363BD9E6846512ACA213CA3EDE364FD85FE424DAB4F4D7DF6F3CCF6A7CB81FBE6DC1ECBEDCDDC52B93D93DBB2DCCECA6D784B4BCB3B15A5A628EB6E503618EB2FF4176A5A7D6AEA1345A929CA2A0ECAE7188CF517FA0B35AD3E35F589A2D41465F58C884FA48639A497FE427FA1A6D5A7A63E51949AA2AC9EF2808CFE427F31088C1C39F24F724D6F5179EA537DA22835452964EB2F34FD45958C1B37EE1DB9A6DF5079EA537DA22835452964EB2F34FD4595C4C107724D6F5679EA537DA22835452964EB2F34FD45958C193366D75CD3AFAA3CF5A93EA94BADADAD5EF8B5DD36E7A27CD32B55C8D65F6843ADBF686E6EFEF35CD32FA93CF5A93EA94B8B172F7E66FDFAF55EFC35DAD6AD5BF78B5C94F77BA50AD9FA0B6DA8F5174D4D4DBBE59AFEBDCA539FEA93BAB470E1C22FDD76DB6D2F3EF7DC737F5004B5F58E370A72C182054FE4F655AF54215B7FA10DB5FEA2B1B171F75CD31B549EFA549FD4ADBCD30FC9EFAE56C4C718B15EA85EDB55575D553A73673DFF1F2A5AEC8BFB15A490ADBFD0866A7F9143F607734D3FABEA866E7D0E9231DD78CEA0085873A320870F1FBE8BAD216403F56DF4E8D17BE49A7EDA96D0A70303A8A1A1E1D3B918DF8C826C6C6C7476301D3250E79A9B9B3F9C6B7AAD2DA14F070636645F17C5586E2B6C111D3250DF9A9A9AF6CC35FDB82DA14F0706AE08F72B66B18B9643F721B68C0E19A8EB90FD9F734D3F624BE8D381812BC2B99501BB98CDB6365B870CD475C8FEAFB9A61FB425F4E9C0C014E036B3D8456B6C6CFCB22DA44306EA53EEC3F7CE35EDB8C2FA7460800AF0E6CE0276B92DB38574C8407D1A3972E4C773D05E6D4BE8D381FE2FBE2E67B1ADCDD62103F5ADB9B9F9AF721FBED296D0A703FD5F7C73B717B01D6944870CD4AFA6A6A67D73C8FEAD2DA14F071424F63F50BD90FD37B9A6EFB425F4E98082C4FE07AA17B2FF36D7F46F6C097D3AA020B1FF812A696C6CDC3FD7F4EDB6843E1D5090D8FF40F542F6DFE59AFEB52DA14F071424F63F5025A3468DFA6C0EDA8B6C097D3AA020B1FF81EA85EC7FC8217BA12DA14F071424F63F50BD907D600ED9F36D097D3AA020B1FF812A696A6A3AA8A1A1E1165B429F0E2848EC7FA07A21FB1F73C8BEC996D0A7030A12FB1FA892C6C6C67FCA21FB465B429F0E2848EC7FA04A72C0FE52AEE9EB6D097D3AA020B1FF81EA85ECC3724D5F6B4BE8D3010589FD0F542F648F6C6C6CBCC696D0A7030A12FB1FA85EC83E3C87ECAB6C097D3AA020B1FF81EA85ECE61CB2AFB025F4E98082C4FE07AA17B2C7E6907D992DA14F071424F63F50BD7A6EC9ED125B429F0E2848EC7FA07AF5FC8DDC2EB425F4E98082C4FE07AA57CFE372FBB12DA14F071424F63F50250D0D0DDFCE357D9E2DA14F071424F63F50BD907D74AEE999B6843E1D5090D8FF40F542F6B18D8D8DD36C097D3AA020B1FF81EA85ECE372C8FE375B429F0E2848EC7FA07AF57C7C6E67D912FA74404162FF03D5ABE713733BD396D0A7030A12FB1FA85E3DFF4B6EA7DB12FA74404162FF03D5ABE749B99D664BE8D3010589FD0F54AF9EA7E436D996D0A7030A12FB1FA85E3D4FCDED545B429F0E2848EC7FA07AF57C7AACCBB625F4E98082C4FE07AA57CF67C611466C097D3AA020B1FF81EAD5F35971AC6C5B429F0E2848EC7FA07AF5FCA3DC26DA12FA74404162FF03D5ABE7E9B97DD796D0A7030A12FB1FA85E3D9F9BDB776C097D3AA020E9DF7D3D37F677376D852D05755BE3E7E776942D614C071424FDBBAFF7CBEDCDED85EC868686436C29A8DB1AFF716EE36C09633AA020E9FFFD7DF37642F6B2E1C387EF622B41DDD6F785B97DC39630A6030A92FEDFDFFB7515B21B1B1BBF6C0B415DD7F725B9B5D812C67440413230FBBCB3B5D92BCC6243DDD7F6E5B98DB1258CE980826460F6F9366BB3ADC5864151DB3FCFADC99630A6030A92019243F57566B161D0F5E7BFC8ADC19630A6030A92810BD99FAE588B3DC21681FA976BF99A5CDB236D09633AA02019D87D5F5A9B6D161B064D4D5F9B43F661B684311D50900CECBEDFCFFE874155D3D7E790FD255BC2980E28C8BA9352DAE5D1471F9DBD7CF9F2B75A5B5BD3FCF9F3B51A680B162C488B172F7E3EB7D15EA50CE1FE7CAE2F311BD36D055090752902F692254BD2FAF5EBD3EBAFBFAED550DBB061435AB468D14B39707FD52B9521DA9FCFCB21FB605BC2980E28C8BA1333D802764D07EDD7E7CF9F7FBF572A43B43FFF550ED95FB0258CE98082AC3BB1444498ADED9643F69B5EA90CD1FE7CC1A851A30EB4258CE98082AC3BB1FE5790ADF990ED35CD90D4D8D8B83087EC7FB0258CE980821CB421FBD5179F498FAEB824AD5E705AA9C5F5B84F0816B2A10F43F6A21CB23F6B4B18D30105392843F62B2FAC4BAB7E3529FDEEA613B66A715F3C26080BD9D047FDF9AF73C8FE8C2D614C0714E4A00CD96B57DFB84DC02EDA53ABE70AC24236F4557FBE2CCEE66A4B18D30105392843F6FD6DFFDA65C88EC70461211BFAA83FBF2387EC4FDA12C67440410ECA90BD6AFE942E43763C26080BD9D047FDF95D39647FC29630A6030A52C8D6846CA8921CB07FDBD4D4B4AF2D614C0714E4A00CD9713491AE42763C26080BD9D047217B657373F35FD912C67440410ECA90FDD0D273BB0CD9F198202C64435F686C6C5C3D72E4C88FDB12C67440410ECA90BD71DDCAB4EAD6C9DB2E15C9F7C56382B0900D7D14B2D7E490FDDF6C09633AA0200765C88EF6D89D976F13B2E33E2158C8863EECCF1FCA21FBA3B684311D5090833364BFF65A7AE8F6F3B75D2A92EF8BC70461211BFAA83F7F3487ECBD6C09633AA020075DC88E333A3EB87466976BB2E331677D14B2A18FFAF3C79B9A9AF6B4258CE980821C3C21FBB5D7D2330F2D4CF7DEF22F5D06ECA2C573E2B966B5856CA8727FBEB6B9B9F9C3B684311D509083226477377B6D565BC8867EEACF9F1E3D7AF41EB684311D5090832264EFC8ECF5F666B50563211BAAD49F3F3766CC98FF644B18D30105392842F6CE06ECA209C6423654A93F7F7EECD8B1EFB7258CE980821C14215B13B2A116343434BCD0D2D2F23E5BC2980E2848215BEBF7909D5FF3FBE530729D5733834D6363E3CB871E7AE87B6C09633AA020856CADDF427684EBDCE6E6F6A6D73D83B43F7F75CC9831BBDA12C67440410AD95A9F87EC8EE1BA685ECD0CC2FE7C734B4BCB3B6D09633AA020856CADCF42764343C3A7635948C7702D643388FBF337C68D1BF70E5BC2980E2848215BAB7ABBEAAAAB526733D7423643A03F7F6BCA94296FB7258CE9808214B2B5AAB7ED056B4D1BEC4D2F6D4CB71540410AD93D681B366C88FD9466CF9E9D366DDA94F6DC73CFF4B9CF7D2E8D1D3BB6D46EB8E186D2E31D7F2EEE3BF3CC33BBBCDD55BBEEBAEBD2473EF2912E1FBFEFBEFBD29A356B3AFD7B975E7A694D2C1719356AD481F9F5BD4C18018CE9808214B2BB6C77DC7147DA638F3DD2E6CD9B4B6136826E5CCE9C39B33DE016CFFDE4273FD91EBC2FBEF8E2B4FBEEBBA73BEFBCB374FB8B5FFC62FB63F13B8A9FD975D75DD341071D547A6CD2A44969B7DD764BA79C724AFB73972D5BB64DA08E7F536B6B6B6A6A6ADAEAEF5D7BEDB5A5EB4F3DF5D4807FF1B1B1B171447E9D2F11B201633AA02085ECEDB608B0975F7E79E972F8F0E169C992255B85EC871E7AA8341B5D84DEFDF7DF3FCD9D3B375D71C515ED3F7FF5D5576FF33BAFBCF2CAD2F508CC315B5EF958C7E72F5DBAB47D963DFE0D95213B2E237CD7D221FCCA33DB4B846CC0980E284821BB341B1C01F65DEF7A57294C17A1F7820B2E680FB5319B5D19B28BD9E8228CFFC99FFC499A3A756A298046388EFB2388770CD99FF8C427BA9CC96E6B6B6B5F2A52DCB776EDDAD2F5AF7CE52BEDF7555E2F7EA6964E46539ED95EE6D50C18D3010539844376B46289482CC3280271CC54770CC9C5F5C71E7BAC346B1DF7EDB3CF3EA5D01BF76FDCB8B174DFA851A33A9D1D2F66ABB737931D6BC28BFB56AE5C59BAFDA10F7D287DFEF39F2FFD5CF1862002B8D3AA0318D3414152B321BB63B01E565EDA118136D6693FFBECB35B85EC4F7DEA53E9A69B6E6A5F17FDB18F7DACB45C24BE94587C89325AFC5C4F4376E57DF145CCE27AFCCDCA2F6116B3EE423680311D1424351DB257AD5A955E7AE9A5F6A522C5CC74DC5F84EC98418ED9E508BBB17FE372AFBDF64AE3C78F2F5D2FBE94D871CDF4B01D5C2E52F9FC98C98E59F3B8BE68D1A24E03B8900D604C0705494D87EC08D77BEFBD77FB171D6376392E8BA0DB7189491C11242E8BA01C97B13EBBF80264C7DF5F04EF8E33D9175E7861A7CF7FEF7BDFDB3E8B1E5F7E34930D604C071464DD85EC58EE119731531D974F3CF144BAF5D65BB759935DF933F7DC73CF36A1B9BBB623CF8FDF1DAF9FE27AB15EDC4C3680311D14A482AC9B90FDCA2BAF944E00134B432AEF2F8E7F1DC7C6EEEC38D911CC274F9E5C3A5676B1FCA308EBB13EBBB3BF15CB460E38E0806E4F905319AAE3DF16EBBF8B430B56AEF716B2018CE9A020A9C990DDD3A3910CD5D3AA0BD980311D509042B626640318D341410AD982AC900D604C0714A4902D640318D3010529646B423680311D14A490AD09D900C67440410AD9423680311D509042B626640318D341410AD99A900D604C070589902D640318D3010529646B423680311D14A490AD09D900C674509008D9423680311D509042B6900D604C071464FD686D6D15646BBB6DCE21FB4DAF54C0980E28C83AB278F1E267D6AF5F2FCCD6685BB76EDD2F72C8BEDF2B1530A6030AB28E2C5CB8F04BB7DD76DB8BCF3DF7DC1F84DADA9AC18E80BD60C1822772FBAA572A604C0714649DC921EE90F9F3E7AF886509B1FEB79E5BECFF7AFF3F945BEC8BFB056CC0980E2848EC7F00F4E9A020B1FF01D0A7030A12FB1F409F0E2848EC7F00F4E9A020B1FF01D0A7030A12FB1F409F0E2848EC7F00F4E9A020B1FF01D0A78382C4FE07409F0E2848EC7F00F4E9A020B1FF01D0A78382C4FE07409F0E2848EC7F007D3AA020B1FF01D0A78382C4FE07409F0E2848EC7F007D3AA020B1FF01D0A78382C4FE07409F0E2848EC7F007D3AA020B1FF01D0A78382C4FE07409F0E0A12FB1F007D3AA020B1FF01D0A78382C4FE07409F0E0A92C1B3AFE7C6FEEEA6ADB0A5008CE9808264C7F7F57EB9BDB9BD90DDD0D070882D05604C0714243DDBDF376F27642F1B3E7CF82EB61280311D5090F46C7FEFD755C86E6C6CFCB22D045037FDB92580206453071DF30AB3D80075D5975B02084236B5DE31EB8801EAB23FB70410846C6A490ED5D799C506A8FB31DC124010B2A9B190FDE98A8E78842D0250B7E3B825802064538B1DB38E18A0AEFB724B0041C8A6D63AE6C30E3BCCFE07A873960082904D6D896522A97C0940FD866C4B0041C8A6461C98DB0BB99D53BEF4D122407D8FE7960082904D8D04EC2258C7ACC706411BA0F6353636EEDED0D09087EFC3CFCAAD2DB7B51DBEF4F84C1CBE2F3FE7A7F9B9DFCCD7FFD25603219BFE0FD8DDDD0F400D18356AD481E5B5D79B77E04C8F952DBE14B92CB716B3DC2064D337467413A48BC7ADE703A89D713A8E1EB2A287C1BAAB767FCC6EDBAA206453FD80DD5D8036A30D502372203EA3E3E1F99A9B9BD319679C9166CF9E9D56AF5E9D9E79E699B479F3E614DE78E38DB47EFDFAF4E0830FA63973E6949E3766CC98CEC2F6CDF9F77CD81606219BDE397058CF66A87BFA7C00AA68E4C891EF2EAFB76E0FC62D2D2DE98A2BAE2885E89ED8B46953BAFEFAEBD384091352876369BF902F87DBDA2064D3BB807DC84EFCDC2B8236C08004EC25958178D2A449A519EBDED8B2654B9A376F5E6926BCE277BF92DB576D7510B2E99F805DAD9F07A0E7E3F25633D8B12C240272B5AC5BB72E9D70C20995417BB333448290CD8EEBEE4B8EFDFD7B00E846790D767B005EBE7C79EA0BB1863BD66B57CE68E7BFBDB73D0042363B168CABB5D4C38C3640DF8FC7FB557EC93166B0FB527C49F2F4D34FDFEAF8DA710C6E7B02846CB61F888B80FDB6DC8E285FF644C79FF36548803ED4D0D0F0DBCA35D8D55C22D295975F7E391D79E491955F863CC79E00219BAE03F6211541F9A2DC52F972478376573F276803F48138D14CE551447AFB25C79EB8EBAEBB3A7E11F22FED1110B2E93A608723CA4139F520685706ECA28DAD78DC1A6D80EA8FC5738BA01B87E9EB6F679F7D7665D03ECB1E01219BED07DFCE02F3F6827667CFBFB093E75BA30D5025B10EBA38557A1C5EAFA7C7C1AE86471E7964ABE367B7B4B4BCCF9E01215BC0DEFE128E1D0DDA3B1AB03B066D4B4700BA0ED0F373FBBBED3D2787DAC38B801B47FC18289527ABC9FFE62FDB7B20640F653B1A74BB0BDA3D0DD8957F7FC33033DA005D8EB1E5D03A3F87E94F77F19CB3FAEB8822DB73F5D557FB022408D90CEBF9928DAE82F6DB77326017ACD106E8266457B49B3BCE6C579E7C66CD9A350316B2E398DC956F0AEC3D10B205EC1DD759D07EA01701BBB7FF1E80A116B2DB436C11B6F3EDB5C5FDFD7954918E9E7CF2C9AD8E996DEF41753A80B7CA07C07F3DB73FE4F66A2EFE97E3CB0FF9FAC6DCD6E7F66C6E4F973B8327727B2CB787737B30B7FBF3F357E7CB7B73BB27B7BB73BB33B7DFE4B62CB75FE7B638B7DB726B8DCE255FFE2AB779B9FD32FF9D1B73BB2E5FBF363F764DBEFC456E57E6F6B37CFBB27C79496E17E6F693DCCECFCF9D952F67E6C7A6E5CB1FE5DB67E7F6AF71A6ACDC7E90EF3B2DB729B94DCAF79F92EF3B39B7EFE7DBC7E7DBC7E5766CBE7D4C6EE3F37D47E5362EB76FE4FBBF96EF3B22B7D1F976536EF9AE8691F9F657627D5ABE7D689C7A36B7839B9A9A0E8A432EE5FB3F97EF1F9EDB01F9F667F2EDFDF3637F1B2715C8CFFB446EFFA3B9B9F9AF468E1CF9F1389B56BEFDB1DCFE4BBEBD577EDE9EF9B10FE7E7FE9FF9B10FE6FB3E3076ECD8F7C7174EF2FD7F9E6FBF3BB7771D7CF0C17F367CF8F05DA64C9912B3CEBD9D39EE2C68F72660770CDAD668037413B22B67B62B6FC79918074A9C9CA6F2DF62EF411544788B109703DD9F46A81B3366CCAE871E7AE87B22ECE5DBFF4784BF0881A3478FDE234261BEFD7FC57134232CE6A0F85F233C4688CCB7F78950991FFBBFF3FD7F136133D6A045F88C109A9FF7F7114A239CE6FBBF106135DFFFC57CDF3F4588CDB70F8B501BE1B6F13F8CCEB7C7E6DB2D1182733B32427184E37CFFD11196F3ED89F9F6F72244E7DB2745A88E709DDBE408DBE5D0FDBF2284C7BAB77CFBDF229CE7DB33CA61FDFCDC7E1C213EDF7F71BEBC34C27D6E3F8FB01FA13F3FEFDFCB6F026E281F66695EBE7D4BF9CD426BF9A3BEC5E53713B797DF5CACC8EDAE78D3919FBBB2FC26E4FEDC1E28BF397934B7C7CB6F5AD695DFC4C49B99E7CB6F6E5E2A1FAF34DEF4BC567E13F456B9E3EBED5AB908EB1D67B01F28DFDF1BE7ECC080A2699AA675D1069A900D0C65BD3D65FAF666B27B72C21A33D9003B3F93BD223E198D092E33D900B52302ED2BC3FA664DF6CE046D6BB201762C64B787EB8AE758930D506341BB2733C75D1DA6AFB3A38BF424683BBA0840F7217B592C8BAC0CD715CF717411801A0DDADD05DCEE8E83DDD3334316F61BE638D900DB0BD9DBCC5C77F29C99B5709CECF8DB156F0A66DA7BC050D7DD4CF28E9E68A6A741BB58B2E2AC6000BD503EA2D5809FF1F184134EA80CD95FB56700BA9ED1EEE9991C773468177F4FC006E8A5F2A15C3747B8CDD7D3CB2FBF3CD0EBB137E7E0BFBB3D03F01F6246BBE3D28D2386F5FC38D89D05EDB11DFE8E35D8005554B92E7BCE9C39FD1EB2CF3FFFFCCA907D893D02B06DD0AEFC32646560EEC98966BAFA3987E903E803954B46C68F1FDFAF87F25BB76E5D6906BDF8FB4D4D4DFBDA2300DBEAB8742402F2D8613D3F2C5FC79FEBEDF1B901E842F978D9F71641F7FAEBAFEFB7907DDA69A7B507EC38F19ABD01B0E341BBB73A5B8A02401555CE66C7CCF2E38F3FDEE7017BDEBC7995CB44DE8C3337DB1300FD13B49D6806A09FE4A03BB708BDC71D775CDAB469539F05ECA54B976EB54C24B7A3EC01801DD3DB251E968800F4A3912347FE450EBB1B8AE07BFAE9A7974E77DE1701BBA5A5C5971D01AA10B47B3A13ED4B8E0003A0A1A1E1D3B9BD5004E05833BD71E3C6AA2E11E930837D730EF7EFB6E5017AAEA74B3E2C11011840710AF6E2D8D9D162D6394E7BDEDBA3884C9E3CB9325C0BD800FD18B4E354E9CEE40830C0468D1A75600EC1AF5486E23823E49A356B7A7CA299380E7687D9EBD21211011BA03A469403F488ED3CBE41C006A80D8D8D8D7BE730BCB643384EC71C734CBAEAAAABD292254B4A472129D66DC76584EA98F59E3D7B763AF1C4133B06EBD251447CC911A0FABA9AD1B64404A006C56C730EDB67749CD5DE9916C7C176983E80FE0BDA0236408D6B6E6EFE700ECA532BBF14B9832DD6765FE24C8E00FD1BB4CF11B001EA474B4BCB3BCBEBB5CF8A2F2E76B29CE499C6C6C6F9F972660EE487E7EBBBDB6A00FD2BD660A7610ED307000055F53E9B000000000000000000000000000000000000000000000000A067FE7FD6F9ABAEA8CC19670000000049454E44AE426082, '1');

-- ----------------------------
-- Table structure for act_ge_property
-- ----------------------------
DROP TABLE IF EXISTS `act_ge_property`;
CREATE TABLE `act_ge_property` (
  `NAME_` varchar(64) COLLATE utf8_bin NOT NULL,
  `VALUE_` varchar(300) COLLATE utf8_bin DEFAULT NULL,
  `REV_` int(11) DEFAULT NULL,
  PRIMARY KEY (`NAME_`)
) ENGINE=InnoDB DEFAULT CHARSET=utf8 COLLATE=utf8_bin;

-- ----------------------------
-- Records of act_ge_property
-- ----------------------------
INSERT INTO `act_ge_property` VALUES ('next.dbid', '5001', '3');
INSERT INTO `act_ge_property` VALUES ('schema.history', 'create(5.22.0.0)', '1');
INSERT INTO `act_ge_property` VALUES ('schema.version', '5.22.0.0', '1');

-- ----------------------------
-- Table structure for act_hi_actinst
-- ----------------------------
DROP TABLE IF EXISTS `act_hi_actinst`;
CREATE TABLE `act_hi_actinst` (
  `ID_` varchar(64) COLLATE utf8_bin NOT NULL,
  `PROC_DEF_ID_` varchar(64) COLLATE utf8_bin NOT NULL,
  `PROC_INST_ID_` varchar(64) COLLATE utf8_bin NOT NULL,
  `EXECUTION_ID_` varchar(64) COLLATE utf8_bin NOT NULL,
  `ACT_ID_` varchar(255) COLLATE utf8_bin NOT NULL,
  `TASK_ID_` varchar(64) COLLATE utf8_bin DEFAULT NULL,
  `CALL_PROC_INST_ID_` varchar(64) COLLATE utf8_bin DEFAULT NULL,
  `ACT_NAME_` varchar(255) COLLATE utf8_bin DEFAULT NULL,
  `ACT_TYPE_` varchar(255) COLLATE utf8_bin NOT NULL,
  `ASSIGNEE_` varchar(255) COLLATE utf8_bin DEFAULT NULL,
  `START_TIME_` datetime(3) NOT NULL,
  `END_TIME_` datetime(3) DEFAULT NULL,
  `DURATION_` bigint(20) DEFAULT NULL,
  `TENANT_ID_` varchar(255) COLLATE utf8_bin DEFAULT '',
  PRIMARY KEY (`ID_`),
  KEY `ACT_IDX_HI_ACT_INST_START` (`START_TIME_`),
  KEY `ACT_IDX_HI_ACT_INST_END` (`END_TIME_`),
  KEY `ACT_IDX_HI_ACT_INST_PROCINST` (`PROC_INST_ID_`,`ACT_ID_`),
  KEY `ACT_IDX_HI_ACT_INST_EXEC` (`EXECUTION_ID_`,`ACT_ID_`)
) ENGINE=InnoDB DEFAULT CHARSET=utf8 COLLATE=utf8_bin;

-- ----------------------------
-- Records of act_hi_actinst
-- ----------------------------

-- ----------------------------
-- Table structure for act_hi_attachment
-- ----------------------------
DROP TABLE IF EXISTS `act_hi_attachment`;
CREATE TABLE `act_hi_attachment` (
  `ID_` varchar(64) COLLATE utf8_bin NOT NULL,
  `REV_` int(11) DEFAULT NULL,
  `USER_ID_` varchar(255) COLLATE utf8_bin DEFAULT NULL,
  `NAME_` varchar(255) COLLATE utf8_bin DEFAULT NULL,
  `DESCRIPTION_` varchar(4000) COLLATE utf8_bin DEFAULT NULL,
  `TYPE_` varchar(255) COLLATE utf8_bin DEFAULT NULL,
  `TASK_ID_` varchar(64) COLLATE utf8_bin DEFAULT NULL,
  `PROC_INST_ID_` varchar(64) COLLATE utf8_bin DEFAULT NULL,
  `URL_` varchar(4000) COLLATE utf8_bin DEFAULT NULL,
  `CONTENT_ID_` varchar(64) COLLATE utf8_bin DEFAULT NULL,
  `TIME_` datetime(3) DEFAULT NULL,
  PRIMARY KEY (`ID_`)
) ENGINE=InnoDB DEFAULT CHARSET=utf8 COLLATE=utf8_bin;

-- ----------------------------
-- Records of act_hi_attachment
-- ----------------------------

-- ----------------------------
-- Table structure for act_hi_comment
-- ----------------------------
DROP TABLE IF EXISTS `act_hi_comment`;
CREATE TABLE `act_hi_comment` (
  `ID_` varchar(64) COLLATE utf8_bin NOT NULL,
  `TYPE_` varchar(255) COLLATE utf8_bin DEFAULT NULL,
  `TIME_` datetime(3) NOT NULL,
  `USER_ID_` varchar(255) COLLATE utf8_bin DEFAULT NULL,
  `TASK_ID_` varchar(64) COLLATE utf8_bin DEFAULT NULL,
  `PROC_INST_ID_` varchar(64) COLLATE utf8_bin DEFAULT NULL,
  `ACTION_` varchar(255) COLLATE utf8_bin DEFAULT NULL,
  `MESSAGE_` varchar(4000) COLLATE utf8_bin DEFAULT NULL,
  `FULL_MSG_` longblob,
  PRIMARY KEY (`ID_`)
) ENGINE=InnoDB DEFAULT CHARSET=utf8 COLLATE=utf8_bin;

-- ----------------------------
-- Records of act_hi_comment
-- ----------------------------

-- ----------------------------
-- Table structure for act_hi_detail
-- ----------------------------
DROP TABLE IF EXISTS `act_hi_detail`;
CREATE TABLE `act_hi_detail` (
  `ID_` varchar(64) COLLATE utf8_bin NOT NULL,
  `TYPE_` varchar(255) COLLATE utf8_bin NOT NULL,
  `PROC_INST_ID_` varchar(64) COLLATE utf8_bin DEFAULT NULL,
  `EXECUTION_ID_` varchar(64) COLLATE utf8_bin DEFAULT NULL,
  `TASK_ID_` varchar(64) COLLATE utf8_bin DEFAULT NULL,
  `ACT_INST_ID_` varchar(64) COLLATE utf8_bin DEFAULT NULL,
  `NAME_` varchar(255) COLLATE utf8_bin NOT NULL,
  `VAR_TYPE_` varchar(255) COLLATE utf8_bin DEFAULT NULL,
  `REV_` int(11) DEFAULT NULL,
  `TIME_` datetime(3) NOT NULL,
  `BYTEARRAY_ID_` varchar(64) COLLATE utf8_bin DEFAULT NULL,
  `DOUBLE_` double DEFAULT NULL,
  `LONG_` bigint(20) DEFAULT NULL,
  `TEXT_` varchar(4000) COLLATE utf8_bin DEFAULT NULL,
  `TEXT2_` varchar(4000) COLLATE utf8_bin DEFAULT NULL,
  PRIMARY KEY (`ID_`),
  KEY `ACT_IDX_HI_DETAIL_PROC_INST` (`PROC_INST_ID_`),
  KEY `ACT_IDX_HI_DETAIL_ACT_INST` (`ACT_INST_ID_`),
  KEY `ACT_IDX_HI_DETAIL_TIME` (`TIME_`),
  KEY `ACT_IDX_HI_DETAIL_NAME` (`NAME_`),
  KEY `ACT_IDX_HI_DETAIL_TASK_ID` (`TASK_ID_`)
) ENGINE=InnoDB DEFAULT CHARSET=utf8 COLLATE=utf8_bin;

-- ----------------------------
-- Records of act_hi_detail
-- ----------------------------

-- ----------------------------
-- Table structure for act_hi_identitylink
-- ----------------------------
DROP TABLE IF EXISTS `act_hi_identitylink`;
CREATE TABLE `act_hi_identitylink` (
  `ID_` varchar(64) COLLATE utf8_bin NOT NULL,
  `GROUP_ID_` varchar(255) COLLATE utf8_bin DEFAULT NULL,
  `TYPE_` varchar(255) COLLATE utf8_bin DEFAULT NULL,
  `USER_ID_` varchar(255) COLLATE utf8_bin DEFAULT NULL,
  `TASK_ID_` varchar(64) COLLATE utf8_bin DEFAULT NULL,
  `PROC_INST_ID_` varchar(64) COLLATE utf8_bin DEFAULT NULL,
  PRIMARY KEY (`ID_`),
  KEY `ACT_IDX_HI_IDENT_LNK_USER` (`USER_ID_`),
  KEY `ACT_IDX_HI_IDENT_LNK_TASK` (`TASK_ID_`),
  KEY `ACT_IDX_HI_IDENT_LNK_PROCINST` (`PROC_INST_ID_`)
) ENGINE=InnoDB DEFAULT CHARSET=utf8 COLLATE=utf8_bin;

-- ----------------------------
-- Records of act_hi_identitylink
-- ----------------------------

-- ----------------------------
-- Table structure for act_hi_procinst
-- ----------------------------
DROP TABLE IF EXISTS `act_hi_procinst`;
CREATE TABLE `act_hi_procinst` (
  `ID_` varchar(64) COLLATE utf8_bin NOT NULL,
  `PROC_INST_ID_` varchar(64) COLLATE utf8_bin NOT NULL,
  `BUSINESS_KEY_` varchar(255) COLLATE utf8_bin DEFAULT NULL,
  `PROC_DEF_ID_` varchar(64) COLLATE utf8_bin NOT NULL,
  `START_TIME_` datetime(3) NOT NULL,
  `END_TIME_` datetime(3) DEFAULT NULL,
  `DURATION_` bigint(20) DEFAULT NULL,
  `START_USER_ID_` varchar(255) COLLATE utf8_bin DEFAULT NULL,
  `START_ACT_ID_` varchar(255) COLLATE utf8_bin DEFAULT NULL,
  `END_ACT_ID_` varchar(255) COLLATE utf8_bin DEFAULT NULL,
  `SUPER_PROCESS_INSTANCE_ID_` varchar(64) COLLATE utf8_bin DEFAULT NULL,
  `DELETE_REASON_` varchar(4000) COLLATE utf8_bin DEFAULT NULL,
  `TENANT_ID_` varchar(255) COLLATE utf8_bin DEFAULT '',
  `NAME_` varchar(255) COLLATE utf8_bin DEFAULT NULL,
  PRIMARY KEY (`ID_`),
  UNIQUE KEY `PROC_INST_ID_` (`PROC_INST_ID_`),
  KEY `ACT_IDX_HI_PRO_INST_END` (`END_TIME_`),
  KEY `ACT_IDX_HI_PRO_I_BUSKEY` (`BUSINESS_KEY_`)
) ENGINE=InnoDB DEFAULT CHARSET=utf8 COLLATE=utf8_bin;

-- ----------------------------
-- Records of act_hi_procinst
-- ----------------------------

-- ----------------------------
-- Table structure for act_hi_taskinst
-- ----------------------------
DROP TABLE IF EXISTS `act_hi_taskinst`;
CREATE TABLE `act_hi_taskinst` (
  `ID_` varchar(64) COLLATE utf8_bin NOT NULL,
  `PROC_DEF_ID_` varchar(64) COLLATE utf8_bin DEFAULT NULL,
  `TASK_DEF_KEY_` varchar(255) COLLATE utf8_bin DEFAULT NULL,
  `PROC_INST_ID_` varchar(64) COLLATE utf8_bin DEFAULT NULL,
  `EXECUTION_ID_` varchar(64) COLLATE utf8_bin DEFAULT NULL,
  `NAME_` varchar(255) COLLATE utf8_bin DEFAULT NULL,
  `PARENT_TASK_ID_` varchar(64) COLLATE utf8_bin DEFAULT NULL,
  `DESCRIPTION_` varchar(4000) COLLATE utf8_bin DEFAULT NULL,
  `OWNER_` varchar(255) COLLATE utf8_bin DEFAULT NULL,
  `ASSIGNEE_` varchar(255) COLLATE utf8_bin DEFAULT NULL,
  `START_TIME_` datetime(3) NOT NULL,
  `CLAIM_TIME_` datetime(3) DEFAULT NULL,
  `END_TIME_` datetime(3) DEFAULT NULL,
  `DURATION_` bigint(20) DEFAULT NULL,
  `DELETE_REASON_` varchar(4000) COLLATE utf8_bin DEFAULT NULL,
  `PRIORITY_` int(11) DEFAULT NULL,
  `DUE_DATE_` datetime(3) DEFAULT NULL,
  `FORM_KEY_` varchar(255) COLLATE utf8_bin DEFAULT NULL,
  `CATEGORY_` varchar(255) COLLATE utf8_bin DEFAULT NULL,
  `TENANT_ID_` varchar(255) COLLATE utf8_bin DEFAULT '',
  PRIMARY KEY (`ID_`),
  KEY `ACT_IDX_HI_TASK_INST_PROCINST` (`PROC_INST_ID_`)
) ENGINE=InnoDB DEFAULT CHARSET=utf8 COLLATE=utf8_bin;

-- ----------------------------
-- Records of act_hi_taskinst
-- ----------------------------

-- ----------------------------
-- Table structure for act_hi_varinst
-- ----------------------------
DROP TABLE IF EXISTS `act_hi_varinst`;
CREATE TABLE `act_hi_varinst` (
  `ID_` varchar(64) COLLATE utf8_bin NOT NULL,
  `PROC_INST_ID_` varchar(64) COLLATE utf8_bin DEFAULT NULL,
  `EXECUTION_ID_` varchar(64) COLLATE utf8_bin DEFAULT NULL,
  `TASK_ID_` varchar(64) COLLATE utf8_bin DEFAULT NULL,
  `NAME_` varchar(255) COLLATE utf8_bin NOT NULL,
  `VAR_TYPE_` varchar(100) COLLATE utf8_bin DEFAULT NULL,
  `REV_` int(11) DEFAULT NULL,
  `BYTEARRAY_ID_` varchar(64) COLLATE utf8_bin DEFAULT NULL,
  `DOUBLE_` double DEFAULT NULL,
  `LONG_` bigint(20) DEFAULT NULL,
  `TEXT_` varchar(4000) COLLATE utf8_bin DEFAULT NULL,
  `TEXT2_` varchar(4000) COLLATE utf8_bin DEFAULT NULL,
  `CREATE_TIME_` datetime(3) DEFAULT NULL,
  `LAST_UPDATED_TIME_` datetime(3) DEFAULT NULL,
  PRIMARY KEY (`ID_`),
  KEY `ACT_IDX_HI_PROCVAR_PROC_INST` (`PROC_INST_ID_`),
  KEY `ACT_IDX_HI_PROCVAR_NAME_TYPE` (`NAME_`,`VAR_TYPE_`),
  KEY `ACT_IDX_HI_PROCVAR_TASK_ID` (`TASK_ID_`)
) ENGINE=InnoDB DEFAULT CHARSET=utf8 COLLATE=utf8_bin;

-- ----------------------------
-- Records of act_hi_varinst
-- ----------------------------

-- ----------------------------
-- Table structure for act_id_group
-- ----------------------------
DROP TABLE IF EXISTS `act_id_group`;
CREATE TABLE `act_id_group` (
  `ID_` varchar(64) COLLATE utf8_bin NOT NULL,
  `REV_` int(11) DEFAULT NULL,
  `NAME_` varchar(255) COLLATE utf8_bin DEFAULT NULL,
  `TYPE_` varchar(255) COLLATE utf8_bin DEFAULT NULL,
  PRIMARY KEY (`ID_`)
) ENGINE=InnoDB DEFAULT CHARSET=utf8 COLLATE=utf8_bin;

-- ----------------------------
-- Records of act_id_group
-- ----------------------------

-- ----------------------------
-- Table structure for act_id_info
-- ----------------------------
DROP TABLE IF EXISTS `act_id_info`;
CREATE TABLE `act_id_info` (
  `ID_` varchar(64) COLLATE utf8_bin NOT NULL,
  `REV_` int(11) DEFAULT NULL,
  `USER_ID_` varchar(64) COLLATE utf8_bin DEFAULT NULL,
  `TYPE_` varchar(64) COLLATE utf8_bin DEFAULT NULL,
  `KEY_` varchar(255) COLLATE utf8_bin DEFAULT NULL,
  `VALUE_` varchar(255) COLLATE utf8_bin DEFAULT NULL,
  `PASSWORD_` longblob,
  `PARENT_ID_` varchar(255) COLLATE utf8_bin DEFAULT NULL,
  PRIMARY KEY (`ID_`)
) ENGINE=InnoDB DEFAULT CHARSET=utf8 COLLATE=utf8_bin;

-- ----------------------------
-- Records of act_id_info
-- ----------------------------

-- ----------------------------
-- Table structure for act_id_membership
-- ----------------------------
DROP TABLE IF EXISTS `act_id_membership`;
CREATE TABLE `act_id_membership` (
  `USER_ID_` varchar(64) COLLATE utf8_bin NOT NULL,
  `GROUP_ID_` varchar(64) COLLATE utf8_bin NOT NULL,
  PRIMARY KEY (`USER_ID_`,`GROUP_ID_`),
  KEY `ACT_FK_MEMB_GROUP` (`GROUP_ID_`),
  CONSTRAINT `ACT_FK_MEMB_GROUP` FOREIGN KEY (`GROUP_ID_`) REFERENCES `act_id_group` (`ID_`),
  CONSTRAINT `ACT_FK_MEMB_USER` FOREIGN KEY (`USER_ID_`) REFERENCES `act_id_user` (`ID_`)
) ENGINE=InnoDB DEFAULT CHARSET=utf8 COLLATE=utf8_bin;

-- ----------------------------
-- Records of act_id_membership
-- ----------------------------

-- ----------------------------
-- Table structure for act_id_user
-- ----------------------------
DROP TABLE IF EXISTS `act_id_user`;
CREATE TABLE `act_id_user` (
  `ID_` varchar(64) COLLATE utf8_bin NOT NULL,
  `REV_` int(11) DEFAULT NULL,
  `FIRST_` varchar(255) COLLATE utf8_bin DEFAULT NULL,
  `LAST_` varchar(255) COLLATE utf8_bin DEFAULT NULL,
  `EMAIL_` varchar(255) COLLATE utf8_bin DEFAULT NULL,
  `PWD_` varchar(255) COLLATE utf8_bin DEFAULT NULL,
  `PICTURE_ID_` varchar(64) COLLATE utf8_bin DEFAULT NULL,
  PRIMARY KEY (`ID_`)
) ENGINE=InnoDB DEFAULT CHARSET=utf8 COLLATE=utf8_bin;

-- ----------------------------
-- Records of act_id_user
-- ----------------------------

-- ----------------------------
-- Table structure for act_procdef_info
-- ----------------------------
DROP TABLE IF EXISTS `act_procdef_info`;
CREATE TABLE `act_procdef_info` (
  `ID_` varchar(64) COLLATE utf8_bin NOT NULL,
  `PROC_DEF_ID_` varchar(64) COLLATE utf8_bin NOT NULL,
  `REV_` int(11) DEFAULT NULL,
  `INFO_JSON_ID_` varchar(64) COLLATE utf8_bin DEFAULT NULL,
  PRIMARY KEY (`ID_`),
  UNIQUE KEY `ACT_UNIQ_INFO_PROCDEF` (`PROC_DEF_ID_`),
  KEY `ACT_IDX_INFO_PROCDEF` (`PROC_DEF_ID_`),
  KEY `ACT_FK_INFO_JSON_BA` (`INFO_JSON_ID_`),
  CONSTRAINT `ACT_FK_INFO_JSON_BA` FOREIGN KEY (`INFO_JSON_ID_`) REFERENCES `act_ge_bytearray` (`ID_`),
  CONSTRAINT `ACT_FK_INFO_PROCDEF` FOREIGN KEY (`PROC_DEF_ID_`) REFERENCES `act_re_procdef` (`ID_`)
) ENGINE=InnoDB DEFAULT CHARSET=utf8 COLLATE=utf8_bin;

-- ----------------------------
-- Records of act_procdef_info
-- ----------------------------

-- ----------------------------
-- Table structure for act_re_deployment
-- ----------------------------
DROP TABLE IF EXISTS `act_re_deployment`;
CREATE TABLE `act_re_deployment` (
  `ID_` varchar(64) COLLATE utf8_bin NOT NULL,
  `NAME_` varchar(255) COLLATE utf8_bin DEFAULT NULL,
  `CATEGORY_` varchar(255) COLLATE utf8_bin DEFAULT NULL,
  `TENANT_ID_` varchar(255) COLLATE utf8_bin DEFAULT '',
  `DEPLOY_TIME_` timestamp(3) NULL DEFAULT NULL,
  PRIMARY KEY (`ID_`)
) ENGINE=InnoDB DEFAULT CHARSET=utf8 COLLATE=utf8_bin;

-- ----------------------------
-- Records of act_re_deployment
-- ----------------------------
INSERT INTO `act_re_deployment` VALUES ('1', 'SpringAutoDeployment', null, '', '2017-06-24 18:13:08.644');
INSERT INTO `act_re_deployment` VALUES ('2501', 'SpringAutoDeployment', null, '', '2017-11-02 09:36:06.014');

-- ----------------------------
-- Table structure for act_re_model
-- ----------------------------
DROP TABLE IF EXISTS `act_re_model`;
CREATE TABLE `act_re_model` (
  `ID_` varchar(64) COLLATE utf8_bin NOT NULL,
  `REV_` int(11) DEFAULT NULL,
  `NAME_` varchar(255) COLLATE utf8_bin DEFAULT NULL,
  `KEY_` varchar(255) COLLATE utf8_bin DEFAULT NULL,
  `CATEGORY_` varchar(255) COLLATE utf8_bin DEFAULT NULL,
  `CREATE_TIME_` timestamp(3) NULL DEFAULT NULL,
  `LAST_UPDATE_TIME_` timestamp(3) NULL DEFAULT NULL,
  `VERSION_` int(11) DEFAULT NULL,
  `META_INFO_` varchar(4000) COLLATE utf8_bin DEFAULT NULL,
  `DEPLOYMENT_ID_` varchar(64) COLLATE utf8_bin DEFAULT NULL,
  `EDITOR_SOURCE_VALUE_ID_` varchar(64) COLLATE utf8_bin DEFAULT NULL,
  `EDITOR_SOURCE_EXTRA_VALUE_ID_` varchar(64) COLLATE utf8_bin DEFAULT NULL,
  `TENANT_ID_` varchar(255) COLLATE utf8_bin DEFAULT '',
  PRIMARY KEY (`ID_`),
  KEY `ACT_FK_MODEL_SOURCE` (`EDITOR_SOURCE_VALUE_ID_`),
  KEY `ACT_FK_MODEL_SOURCE_EXTRA` (`EDITOR_SOURCE_EXTRA_VALUE_ID_`),
  KEY `ACT_FK_MODEL_DEPLOYMENT` (`DEPLOYMENT_ID_`),
  CONSTRAINT `ACT_FK_MODEL_DEPLOYMENT` FOREIGN KEY (`DEPLOYMENT_ID_`) REFERENCES `act_re_deployment` (`ID_`),
  CONSTRAINT `ACT_FK_MODEL_SOURCE` FOREIGN KEY (`EDITOR_SOURCE_VALUE_ID_`) REFERENCES `act_ge_bytearray` (`ID_`),
  CONSTRAINT `ACT_FK_MODEL_SOURCE_EXTRA` FOREIGN KEY (`EDITOR_SOURCE_EXTRA_VALUE_ID_`) REFERENCES `act_ge_bytearray` (`ID_`)
) ENGINE=InnoDB DEFAULT CHARSET=utf8 COLLATE=utf8_bin;

-- ----------------------------
-- Records of act_re_model
-- ----------------------------

-- ----------------------------
-- Table structure for act_re_procdef
-- ----------------------------
DROP TABLE IF EXISTS `act_re_procdef`;
CREATE TABLE `act_re_procdef` (
  `ID_` varchar(64) COLLATE utf8_bin NOT NULL,
  `REV_` int(11) DEFAULT NULL,
  `CATEGORY_` varchar(255) COLLATE utf8_bin DEFAULT NULL,
  `NAME_` varchar(255) COLLATE utf8_bin DEFAULT NULL,
  `KEY_` varchar(255) COLLATE utf8_bin NOT NULL,
  `VERSION_` int(11) NOT NULL,
  `DEPLOYMENT_ID_` varchar(64) COLLATE utf8_bin DEFAULT NULL,
  `RESOURCE_NAME_` varchar(4000) COLLATE utf8_bin DEFAULT NULL,
  `DGRM_RESOURCE_NAME_` varchar(4000) COLLATE utf8_bin DEFAULT NULL,
  `DESCRIPTION_` varchar(4000) COLLATE utf8_bin DEFAULT NULL,
  `HAS_START_FORM_KEY_` tinyint(4) DEFAULT NULL,
  `HAS_GRAPHICAL_NOTATION_` tinyint(4) DEFAULT NULL,
  `SUSPENSION_STATE_` int(11) DEFAULT NULL,
  `TENANT_ID_` varchar(255) COLLATE utf8_bin DEFAULT '',
  PRIMARY KEY (`ID_`),
  UNIQUE KEY `ACT_UNIQ_PROCDEF` (`KEY_`,`VERSION_`,`TENANT_ID_`)
) ENGINE=InnoDB DEFAULT CHARSET=utf8 COLLATE=utf8_bin;

-- ----------------------------
-- Records of act_re_procdef
-- ----------------------------
INSERT INTO `act_re_procdef` VALUES ('BiddingProjectAwardAudit:1:2516', '1', 'http://www.activiti.org/test', '', 'BiddingProjectAwardAudit', '1', '2501', 'E:\\WorkSpace\\OneWorkSpace\\one\\one-workflow\\target\\classes\\processes\\BiddingProjectAwardAudit.bpmn', 'E:\\WorkSpace\\OneWorkSpace\\one\\one-workflow\\target\\classes\\processes\\BiddingProjectAwardAudit.BiddingProjectAwardAudit.png', null, '0', '1', '1', '');
INSERT INTO `act_re_procdef` VALUES ('BiddingProjectPublishAudit:1:2518', '1', 'http://www.activiti.org/testm1494493458679', '', 'BiddingProjectPublishAudit', '1', '2501', 'E:\\WorkSpace\\OneWorkSpace\\one\\one-workflow\\target\\classes\\processes\\BiddingProjectPublishAudit.bpmn', 'E:\\WorkSpace\\OneWorkSpace\\one\\one-workflow\\target\\classes\\processes\\BiddingProjectPublishAudit.BiddingProjectPublishAudit.png', null, '0', '1', '1', '');
INSERT INTO `act_re_procdef` VALUES ('BiddingProjectSupplierApplyAudit:1:2517', '1', 'http://www.activiti.org/testm1494493458679', '', 'BiddingProjectSupplierApplyAudit', '1', '2501', 'E:\\WorkSpace\\OneWorkSpace\\one\\one-workflow\\target\\classes\\processes\\BiddingProjectSupplierApplyAudit.bpmn', 'E:\\WorkSpace\\OneWorkSpace\\one\\one-workflow\\target\\classes\\processes\\BiddingProjectSupplierApplyAudit.BiddingProjectSupplierApplyAudit.png', null, '0', '1', '1', '');
INSERT INTO `act_re_procdef` VALUES ('BiddingProjectTest:1:2519', '1', 'http://www.activiti.org/test', '', 'BiddingProjectTest', '1', '2501', 'E:\\WorkSpace\\OneWorkSpace\\one\\one-workflow\\target\\classes\\processes\\BiddingProjectTest.bpmn', 'E:\\WorkSpace\\OneWorkSpace\\one\\one-workflow\\target\\classes\\processes\\BiddingProjectTest.BiddingProjectTest.png', null, '0', '1', '1', '');
INSERT INTO `act_re_procdef` VALUES ('SupplierPurchaseTypeApply:1:2514', '1', 'http://www.activiti.org/testm1494493458679', '', 'SupplierPurchaseTypeApply', '1', '2501', 'E:\\WorkSpace\\OneWorkSpace\\one\\one-workflow\\target\\classes\\processes\\SupplierPurchaseTypeApply.bpmn', 'E:\\WorkSpace\\OneWorkSpace\\one\\one-workflow\\target\\classes\\processes\\SupplierPurchaseTypeApply.SupplierPurchaseTypeApply.png', null, '0', '1', '1', '');
INSERT INTO `act_re_procdef` VALUES ('leave:1:4', '1', 'com.thinkgem.jeesite.modules.oa.leave', '', 'leave', '1', '1', 'E:\\WorkSpace\\OneWorkSpace\\one\\one-workflow\\target\\classes\\processes\\leave.bpmn', 'E:\\WorkSpace\\OneWorkSpace\\one\\one-workflow\\target\\classes\\processes\\leave.leave.png', '', '0', '1', '1', '');
INSERT INTO `act_re_procdef` VALUES ('leave:2:2515', '1', 'com.thinkgem.jeesite.modules.oa.leave', '', 'leave', '2', '2501', 'E:\\WorkSpace\\OneWorkSpace\\one\\one-workflow\\target\\classes\\processes\\leave.bpmn', 'E:\\WorkSpace\\OneWorkSpace\\one\\one-workflow\\target\\classes\\processes\\leave.leave.png', '', '0', '1', '1', '');

-- ----------------------------
-- Table structure for act_ru_event_subscr
-- ----------------------------
DROP TABLE IF EXISTS `act_ru_event_subscr`;
CREATE TABLE `act_ru_event_subscr` (
  `ID_` varchar(64) COLLATE utf8_bin NOT NULL,
  `REV_` int(11) DEFAULT NULL,
  `EVENT_TYPE_` varchar(255) COLLATE utf8_bin NOT NULL,
  `EVENT_NAME_` varchar(255) COLLATE utf8_bin DEFAULT NULL,
  `EXECUTION_ID_` varchar(64) COLLATE utf8_bin DEFAULT NULL,
  `PROC_INST_ID_` varchar(64) COLLATE utf8_bin DEFAULT NULL,
  `ACTIVITY_ID_` varchar(64) COLLATE utf8_bin DEFAULT NULL,
  `CONFIGURATION_` varchar(255) COLLATE utf8_bin DEFAULT NULL,
  `CREATED_` timestamp(3) NOT NULL DEFAULT CURRENT_TIMESTAMP(3),
  `PROC_DEF_ID_` varchar(64) COLLATE utf8_bin DEFAULT NULL,
  `TENANT_ID_` varchar(255) COLLATE utf8_bin DEFAULT '',
  PRIMARY KEY (`ID_`),
  KEY `ACT_IDX_EVENT_SUBSCR_CONFIG_` (`CONFIGURATION_`),
  KEY `ACT_FK_EVENT_EXEC` (`EXECUTION_ID_`),
  CONSTRAINT `ACT_FK_EVENT_EXEC` FOREIGN KEY (`EXECUTION_ID_`) REFERENCES `act_ru_execution` (`ID_`)
) ENGINE=InnoDB DEFAULT CHARSET=utf8 COLLATE=utf8_bin;

-- ----------------------------
-- Records of act_ru_event_subscr
-- ----------------------------

-- ----------------------------
-- Table structure for act_ru_execution
-- ----------------------------
DROP TABLE IF EXISTS `act_ru_execution`;
CREATE TABLE `act_ru_execution` (
  `ID_` varchar(64) COLLATE utf8_bin NOT NULL,
  `REV_` int(11) DEFAULT NULL,
  `PROC_INST_ID_` varchar(64) COLLATE utf8_bin DEFAULT NULL,
  `BUSINESS_KEY_` varchar(255) COLLATE utf8_bin DEFAULT NULL,
  `PARENT_ID_` varchar(64) COLLATE utf8_bin DEFAULT NULL,
  `PROC_DEF_ID_` varchar(64) COLLATE utf8_bin DEFAULT NULL,
  `SUPER_EXEC_` varchar(64) COLLATE utf8_bin DEFAULT NULL,
  `ACT_ID_` varchar(255) COLLATE utf8_bin DEFAULT NULL,
  `IS_ACTIVE_` tinyint(4) DEFAULT NULL,
  `IS_CONCURRENT_` tinyint(4) DEFAULT NULL,
  `IS_SCOPE_` tinyint(4) DEFAULT NULL,
  `IS_EVENT_SCOPE_` tinyint(4) DEFAULT NULL,
  `SUSPENSION_STATE_` int(11) DEFAULT NULL,
  `CACHED_ENT_STATE_` int(11) DEFAULT NULL,
  `TENANT_ID_` varchar(255) COLLATE utf8_bin DEFAULT '',
  `NAME_` varchar(255) COLLATE utf8_bin DEFAULT NULL,
  `LOCK_TIME_` timestamp(3) NULL DEFAULT NULL,
  PRIMARY KEY (`ID_`),
  KEY `ACT_IDX_EXEC_BUSKEY` (`BUSINESS_KEY_`),
  KEY `ACT_FK_EXE_PROCINST` (`PROC_INST_ID_`),
  KEY `ACT_FK_EXE_PARENT` (`PARENT_ID_`),
  KEY `ACT_FK_EXE_SUPER` (`SUPER_EXEC_`),
  KEY `ACT_FK_EXE_PROCDEF` (`PROC_DEF_ID_`),
  CONSTRAINT `ACT_FK_EXE_PARENT` FOREIGN KEY (`PARENT_ID_`) REFERENCES `act_ru_execution` (`ID_`),
  CONSTRAINT `ACT_FK_EXE_PROCDEF` FOREIGN KEY (`PROC_DEF_ID_`) REFERENCES `act_re_procdef` (`ID_`),
  CONSTRAINT `ACT_FK_EXE_PROCINST` FOREIGN KEY (`PROC_INST_ID_`) REFERENCES `act_ru_execution` (`ID_`) ON DELETE CASCADE ON UPDATE CASCADE,
  CONSTRAINT `ACT_FK_EXE_SUPER` FOREIGN KEY (`SUPER_EXEC_`) REFERENCES `act_ru_execution` (`ID_`)
) ENGINE=InnoDB DEFAULT CHARSET=utf8 COLLATE=utf8_bin;

-- ----------------------------
-- Records of act_ru_execution
-- ----------------------------

-- ----------------------------
-- Table structure for act_ru_identitylink
-- ----------------------------
DROP TABLE IF EXISTS `act_ru_identitylink`;
CREATE TABLE `act_ru_identitylink` (
  `ID_` varchar(64) COLLATE utf8_bin NOT NULL,
  `REV_` int(11) DEFAULT NULL,
  `GROUP_ID_` varchar(255) COLLATE utf8_bin DEFAULT NULL,
  `TYPE_` varchar(255) COLLATE utf8_bin DEFAULT NULL,
  `USER_ID_` varchar(255) COLLATE utf8_bin DEFAULT NULL,
  `TASK_ID_` varchar(64) COLLATE utf8_bin DEFAULT NULL,
  `PROC_INST_ID_` varchar(64) COLLATE utf8_bin DEFAULT NULL,
  `PROC_DEF_ID_` varchar(64) COLLATE utf8_bin DEFAULT NULL,
  PRIMARY KEY (`ID_`),
  KEY `ACT_IDX_IDENT_LNK_USER` (`USER_ID_`),
  KEY `ACT_IDX_IDENT_LNK_GROUP` (`GROUP_ID_`),
  KEY `ACT_IDX_ATHRZ_PROCEDEF` (`PROC_DEF_ID_`),
  KEY `ACT_FK_TSKASS_TASK` (`TASK_ID_`),
  KEY `ACT_FK_IDL_PROCINST` (`PROC_INST_ID_`),
  CONSTRAINT `ACT_FK_ATHRZ_PROCEDEF` FOREIGN KEY (`PROC_DEF_ID_`) REFERENCES `act_re_procdef` (`ID_`),
  CONSTRAINT `ACT_FK_IDL_PROCINST` FOREIGN KEY (`PROC_INST_ID_`) REFERENCES `act_ru_execution` (`ID_`),
  CONSTRAINT `ACT_FK_TSKASS_TASK` FOREIGN KEY (`TASK_ID_`) REFERENCES `act_ru_task` (`ID_`)
) ENGINE=InnoDB DEFAULT CHARSET=utf8 COLLATE=utf8_bin;

-- ----------------------------
-- Records of act_ru_identitylink
-- ----------------------------

-- ----------------------------
-- Table structure for act_ru_job
-- ----------------------------
DROP TABLE IF EXISTS `act_ru_job`;
CREATE TABLE `act_ru_job` (
  `ID_` varchar(64) COLLATE utf8_bin NOT NULL,
  `REV_` int(11) DEFAULT NULL,
  `TYPE_` varchar(255) COLLATE utf8_bin NOT NULL,
  `LOCK_EXP_TIME_` timestamp(3) NULL DEFAULT NULL,
  `LOCK_OWNER_` varchar(255) COLLATE utf8_bin DEFAULT NULL,
  `EXCLUSIVE_` tinyint(1) DEFAULT NULL,
  `EXECUTION_ID_` varchar(64) COLLATE utf8_bin DEFAULT NULL,
  `PROCESS_INSTANCE_ID_` varchar(64) COLLATE utf8_bin DEFAULT NULL,
  `PROC_DEF_ID_` varchar(64) COLLATE utf8_bin DEFAULT NULL,
  `RETRIES_` int(11) DEFAULT NULL,
  `EXCEPTION_STACK_ID_` varchar(64) COLLATE utf8_bin DEFAULT NULL,
  `EXCEPTION_MSG_` varchar(4000) COLLATE utf8_bin DEFAULT NULL,
  `DUEDATE_` timestamp(3) NULL DEFAULT NULL,
  `REPEAT_` varchar(255) COLLATE utf8_bin DEFAULT NULL,
  `HANDLER_TYPE_` varchar(255) COLLATE utf8_bin DEFAULT NULL,
  `HANDLER_CFG_` varchar(4000) COLLATE utf8_bin DEFAULT NULL,
  `TENANT_ID_` varchar(255) COLLATE utf8_bin DEFAULT '',
  PRIMARY KEY (`ID_`),
  KEY `ACT_FK_JOB_EXCEPTION` (`EXCEPTION_STACK_ID_`),
  CONSTRAINT `ACT_FK_JOB_EXCEPTION` FOREIGN KEY (`EXCEPTION_STACK_ID_`) REFERENCES `act_ge_bytearray` (`ID_`)
) ENGINE=InnoDB DEFAULT CHARSET=utf8 COLLATE=utf8_bin;

-- ----------------------------
-- Records of act_ru_job
-- ----------------------------

-- ----------------------------
-- Table structure for act_ru_task
-- ----------------------------
DROP TABLE IF EXISTS `act_ru_task`;
CREATE TABLE `act_ru_task` (
  `ID_` varchar(64) COLLATE utf8_bin NOT NULL,
  `REV_` int(11) DEFAULT NULL,
  `EXECUTION_ID_` varchar(64) COLLATE utf8_bin DEFAULT NULL,
  `PROC_INST_ID_` varchar(64) COLLATE utf8_bin DEFAULT NULL,
  `PROC_DEF_ID_` varchar(64) COLLATE utf8_bin DEFAULT NULL,
  `NAME_` varchar(255) COLLATE utf8_bin DEFAULT NULL,
  `PARENT_TASK_ID_` varchar(64) COLLATE utf8_bin DEFAULT NULL,
  `DESCRIPTION_` varchar(4000) COLLATE utf8_bin DEFAULT NULL,
  `TASK_DEF_KEY_` varchar(255) COLLATE utf8_bin DEFAULT NULL,
  `OWNER_` varchar(255) COLLATE utf8_bin DEFAULT NULL,
  `ASSIGNEE_` varchar(255) COLLATE utf8_bin DEFAULT NULL,
  `DELEGATION_` varchar(64) COLLATE utf8_bin DEFAULT NULL,
  `PRIORITY_` int(11) DEFAULT NULL,
  `CREATE_TIME_` timestamp(3) NULL DEFAULT NULL,
  `DUE_DATE_` datetime(3) DEFAULT NULL,
  `CATEGORY_` varchar(255) COLLATE utf8_bin DEFAULT NULL,
  `SUSPENSION_STATE_` int(11) DEFAULT NULL,
  `TENANT_ID_` varchar(255) COLLATE utf8_bin DEFAULT '',
  `FORM_KEY_` varchar(255) COLLATE utf8_bin DEFAULT NULL,
  PRIMARY KEY (`ID_`),
  KEY `ACT_IDX_TASK_CREATE` (`CREATE_TIME_`),
  KEY `ACT_FK_TASK_EXE` (`EXECUTION_ID_`),
  KEY `ACT_FK_TASK_PROCINST` (`PROC_INST_ID_`),
  KEY `ACT_FK_TASK_PROCDEF` (`PROC_DEF_ID_`),
  CONSTRAINT `ACT_FK_TASK_EXE` FOREIGN KEY (`EXECUTION_ID_`) REFERENCES `act_ru_execution` (`ID_`),
  CONSTRAINT `ACT_FK_TASK_PROCDEF` FOREIGN KEY (`PROC_DEF_ID_`) REFERENCES `act_re_procdef` (`ID_`),
  CONSTRAINT `ACT_FK_TASK_PROCINST` FOREIGN KEY (`PROC_INST_ID_`) REFERENCES `act_ru_execution` (`ID_`)
) ENGINE=InnoDB DEFAULT CHARSET=utf8 COLLATE=utf8_bin;

-- ----------------------------
-- Records of act_ru_task
-- ----------------------------

-- ----------------------------
-- Table structure for act_ru_variable
-- ----------------------------
DROP TABLE IF EXISTS `act_ru_variable`;
CREATE TABLE `act_ru_variable` (
  `ID_` varchar(64) COLLATE utf8_bin NOT NULL,
  `REV_` int(11) DEFAULT NULL,
  `TYPE_` varchar(255) COLLATE utf8_bin NOT NULL,
  `NAME_` varchar(255) COLLATE utf8_bin NOT NULL,
  `EXECUTION_ID_` varchar(64) COLLATE utf8_bin DEFAULT NULL,
  `PROC_INST_ID_` varchar(64) COLLATE utf8_bin DEFAULT NULL,
  `TASK_ID_` varchar(64) COLLATE utf8_bin DEFAULT NULL,
  `BYTEARRAY_ID_` varchar(64) COLLATE utf8_bin DEFAULT NULL,
  `DOUBLE_` double DEFAULT NULL,
  `LONG_` bigint(20) DEFAULT NULL,
  `TEXT_` varchar(4000) COLLATE utf8_bin DEFAULT NULL,
  `TEXT2_` varchar(4000) COLLATE utf8_bin DEFAULT NULL,
  PRIMARY KEY (`ID_`),
  KEY `ACT_IDX_VARIABLE_TASK_ID` (`TASK_ID_`),
  KEY `ACT_FK_VAR_EXE` (`EXECUTION_ID_`),
  KEY `ACT_FK_VAR_PROCINST` (`PROC_INST_ID_`),
  KEY `ACT_FK_VAR_BYTEARRAY` (`BYTEARRAY_ID_`),
  CONSTRAINT `ACT_FK_VAR_BYTEARRAY` FOREIGN KEY (`BYTEARRAY_ID_`) REFERENCES `act_ge_bytearray` (`ID_`),
  CONSTRAINT `ACT_FK_VAR_EXE` FOREIGN KEY (`EXECUTION_ID_`) REFERENCES `act_ru_execution` (`ID_`),
  CONSTRAINT `ACT_FK_VAR_PROCINST` FOREIGN KEY (`PROC_INST_ID_`) REFERENCES `act_ru_execution` (`ID_`)
) ENGINE=InnoDB DEFAULT CHARSET=utf8 COLLATE=utf8_bin;

-- ----------------------------
-- Records of act_ru_variable
-- ----------------------------

-- ----------------------------
-- Table structure for flow_audit_item
-- ----------------------------
DROP TABLE IF EXISTS `flow_audit_item`;
CREATE TABLE `flow_audit_item` (
  `audit_item_id` varchar(40) NOT NULL,
  `task_name` varchar(80) DEFAULT NULL,
  `business_type` varchar(50) DEFAULT NULL,
  `apply_user_id` varchar(40) DEFAULT NULL,
  `start_time` datetime DEFAULT NULL,
  `effect_time` datetime DEFAULT NULL,
  `audit_status` int(11) DEFAULT NULL,
  `flow_instance_id` varchar(40) DEFAULT NULL,
  `flow_definition_id` varchar(60) DEFAULT NULL,
  `business_id` varchar(100) DEFAULT NULL,
  `is_effective` int(11) DEFAULT '0',
  `is_finished` int(11) DEFAULT NULL,
  `remark` varchar(255) DEFAULT NULL,
  PRIMARY KEY (`audit_item_id`)
) ENGINE=InnoDB DEFAULT CHARSET=utf8;

-- ----------------------------
-- Records of flow_audit_item
-- ----------------------------
INSERT INTO `flow_audit_item` VALUES ('845893a3a184466ea6588d757a1082db', '-', 'ParamTradeTimeChange', '8739116988', '2017-05-11 14:11:09', null, '1', '55001', 'ParamTradeTimeChange', '5749500575', '0', '0', null);
INSERT INTO `flow_audit_item` VALUES ('932db9cc5fd44e329e7a09c8eddee9d1', '', 'SupplierPurchaseTypeApply', '1', '2017-05-11 18:19:36', null, '3', '80018', 'SupplierPurchaseTypeApply', '00001', '0', '1', null);
INSERT INTO `flow_audit_item` VALUES ('95cae01f980c49d08ef25f64c8bf8b85', '-', 'ParamTradeTimeChange', '5749500575', '2017-05-11 16:23:14', null, '1', '60001', 'ParamTradeTimeChange', '8739116988', '0', '0', null);
INSERT INTO `flow_audit_item` VALUES ('b9669eef63cf4254b9c7f094710cdcf9', '', 'SupplierPurchaseTypeApply', '1', '2017-05-11 18:18:07', '2017-05-11 18:19:00', '2', '80001', 'SupplierPurchaseTypeApply', '00001', '1', '1', null);
INSERT INTO `flow_audit_item` VALUES ('cc876f211bce4e10bc34a635deacfc92', '', 'SupplierPurchaseTypeApply', '1', '2017-05-11 17:35:12', null, '1', '75001', 'SupplierPurchaseTypeApply', '1231', '0', '0', null);
INSERT INTO `flow_audit_item` VALUES ('d0e5c3781e874d5785c7cf644b692182', null, 'ParamTradeTimeChange', '8739116988', '2017-05-11 12:04:36', null, '1', '47513', 'ParamTradeTimeChange', '5749500575', '0', '0', null);
INSERT INTO `flow_audit_item` VALUES ('d5368d7fdc354a1fbec4dc27fcd33ba8', '', 'SupplierPurchaseTypeApply', '1', '2017-05-11 18:54:02', null, '1', '82501', 'SupplierPurchaseTypeApply', '8739116988,9868839cef', '0', '0', null);
INSERT INTO `flow_audit_item` VALUES ('df837738e0a74e70af75bcd999440836', '', null, '5749500575', '2017-05-11 11:47:54', null, '1', '45001', 'ParamTradeTimeChange', '8739116988', '0', '0', null);
INSERT INTO `flow_audit_item` VALUES ('ed44f27e6aa4436f8aa62e564b30cf66', '', 'SupplierPurchaseTypeApply', '1', '2017-05-11 18:08:55', null, '1', '77505', 'SupplierPurchaseTypeApply', '00001', '0', '0', null);
INSERT INTO `flow_audit_item` VALUES ('f114ea0e96624188a1d7344008196d7a', null, 'ParamTradeTimeChange', '8739116988', '2017-05-11 12:01:44', null, '1', '47501', 'ParamTradeTimeChange', '5749500575', '0', '0', null);

-- ----------------------------
-- Table structure for flow_audit_log
-- ----------------------------
DROP TABLE IF EXISTS `flow_audit_log`;
CREATE TABLE `flow_audit_log` (
  `audit_log_id` varchar(40) NOT NULL,
  `audit_item_id` varchar(40) DEFAULT NULL,
  `audit_time` datetime DEFAULT NULL,
  `user_id` varchar(40) DEFAULT NULL,
  `result` int(11) DEFAULT NULL,
  `remark` text,
  `operate_name` varchar(100) DEFAULT NULL,
  PRIMARY KEY (`audit_log_id`)
) ENGINE=InnoDB DEFAULT CHARSET=utf8;

-- ----------------------------
-- Records of flow_audit_log
-- ----------------------------
INSERT INTO `flow_audit_log` VALUES ('090f2800c548452da09fbdd29d7a5e26', '932db9cc5fd44e329e7a09c8eddee9d1', '2017-05-11 18:35:40', '1', '0', '111111', '');
INSERT INTO `flow_audit_log` VALUES ('1bf9c05f2d284e8f9aedd8a070e76324', '932db9cc5fd44e329e7a09c8eddee9d1', '2017-05-11 18:20:06', '1', '0', '111111', '');
INSERT INTO `flow_audit_log` VALUES ('2cdd179661964d699564d3eddc17b8c5', 'cc876f211bce4e10bc34a635deacfc92', '2017-05-11 18:07:20', '1', '1', '111111', '');
INSERT INTO `flow_audit_log` VALUES ('2d2fde53ebe54569b6aed1d758b32698', 'df837738e0a74e70af75bcd999440836', '2017-05-11 13:16:03', '1', '1', null, '');
INSERT INTO `flow_audit_log` VALUES ('4d81fbf55b6e4630a78452ab8597f61c', '845893a3a184466ea6588d757a1082db', '2017-05-11 14:28:28', '1', '1', '', '');
INSERT INTO `flow_audit_log` VALUES ('9df291c3dc204b0fb63e0885570915ab', 'b9669eef63cf4254b9c7f094710cdcf9', '2017-05-11 18:18:40', '1', '1', '111111', '');
INSERT INTO `flow_audit_log` VALUES ('d2ff05a7e8074e518b8ace543c305983', 'ed44f27e6aa4436f8aa62e564b30cf66', '2017-05-11 18:10:31', '1', '1', '111111', '');

-- ----------------------------
-- Table structure for flow_state
-- ----------------------------
DROP TABLE IF EXISTS `flow_state`;
CREATE TABLE `flow_state` (
  `PROCESS_KEY` varchar(200) NOT NULL,
  `PROCESS_STATE` int(11) DEFAULT NULL,
  `UP_TIME` datetime DEFAULT NULL,
  `PROCESS_DEFINITION_ID` varchar(100) DEFAULT NULL,
  `PROCESS_NAME` varchar(200) DEFAULT NULL,
  PRIMARY KEY (`PROCESS_KEY`)
) ENGINE=InnoDB DEFAULT CHARSET=utf8;

-- ----------------------------
-- Records of flow_state
-- ----------------------------

-- ----------------------------
-- Table structure for flow_task_info
-- ----------------------------
DROP TABLE IF EXISTS `flow_task_info`;
CREATE TABLE `flow_task_info` (
  `PROCESS_KEY` varchar(200) NOT NULL,
  `TASK_KEY` varchar(200) NOT NULL,
  `BIND_ROLE` varchar(200) DEFAULT NULL,
  `BIND_FORM` varchar(200) DEFAULT NULL,
  `TASK_NAME` varchar(200) DEFAULT NULL,
  `VALID` int(11) DEFAULT NULL,
  `TASK_DESC` varchar(200) DEFAULT NULL,
  `RANK_NUM` int(11) DEFAULT NULL,
  PRIMARY KEY (`PROCESS_KEY`,`TASK_KEY`)
) ENGINE=InnoDB DEFAULT CHARSET=utf8;

-- ----------------------------
-- Records of flow_task_info
-- ----------------------------

-- ----------------------------
-- Table structure for process_state
-- ----------------------------
DROP TABLE IF EXISTS `process_state`;
CREATE TABLE `process_state` (
  `PK_PROCESS_KEY` varchar(200) CHARACTER SET utf8 COLLATE utf8_bin NOT NULL,
  `PROCESS_STATE` int(11) DEFAULT NULL,
  `UP_TIME` datetime DEFAULT NULL,
  `PROCESS_DEFINITION_ID` varchar(64) DEFAULT NULL,
  `PROCESS_NAME` varchar(200) CHARACTER SET utf8 COLLATE utf8_bin DEFAULT NULL,
  PRIMARY KEY (`PK_PROCESS_KEY`)
) ENGINE=InnoDB DEFAULT CHARSET=latin1;

-- ----------------------------
-- Records of process_state
-- ----------------------------
INSERT INTO `process_state` VALUES ('AgentParamtersChange', '2', '2017-04-17 16:11:38', 'AgentParamtersChange:4:1610169', '');
INSERT INTO `process_state` VALUES ('AgreementTemplateChange', '3', '2017-03-10 18:27:56', 'AgreementTemplateChange:18:277682', '');
INSERT INTO `process_state` VALUES ('ArticleContentOther', '2', '2017-04-01 21:05:04', 'ArticleContentOther:26:1297564', '');
INSERT INTO `process_state` VALUES ('ArticleContentProductAndExchange', '3', '2017-04-01 21:05:11', 'ArticleContentProductAndExchange:24:1297568', '');
INSERT INTO `process_state` VALUES ('ArticleGroupAudit', '3', '2017-04-01 21:05:19', 'ArticleGroupAudit:27:1297572', '');
INSERT INTO `process_state` VALUES ('BazaarAccountChange', '3', '2017-03-22 16:00:02', 'BazaarAccountChange:1:1000012', '');
INSERT INTO `process_state` VALUES ('BazaarApply', '3', '2017-03-22 15:57:09', 'BazaarApply:4:1000008', '');
INSERT INTO `process_state` VALUES ('BazaarBankChange', '2', '2017-04-05 14:28:11', 'BazaarBankChange:3:1307691', '');
INSERT INTO `process_state` VALUES ('BazaarInfoChange', '3', '2017-03-22 17:23:26', 'BazaarInfoChange:1:1000065', '');
INSERT INTO `process_state` VALUES ('BorkerMemberBan', '2', '2017-04-13 09:13:03', 'BorkerMemberBan:10:1517703', '');
INSERT INTO `process_state` VALUES ('BorkerMemberPositionsFrozenChange', '2', '2017-03-10 18:27:56', 'BorkerMemberPositionsFrozenChange:99:277656', '');
INSERT INTO `process_state` VALUES ('BorkerMemberPositionsUnFrozenChange', '2', '2017-03-10 18:27:56', 'BorkerMemberPositionsUnFrozenChange:81:277672', '');
INSERT INTO `process_state` VALUES ('BorkerMemberStateChange', '2', '2017-03-10 18:27:56', 'BorkerMemberStateChange:80:277681', '');
INSERT INTO `process_state` VALUES ('BrokerMemberBelongChange', '2', '2017-03-10 18:27:56', 'BrokerMemberBelongChange:81:277660', '');
INSERT INTO `process_state` VALUES ('BrokerMemberFrozenChange', '2', '2017-03-10 18:27:56', 'BrokerMemberFrozenChange:78:277677', '');
INSERT INTO `process_state` VALUES ('BrokerMemberHierarchyChange', '2', '2017-03-10 18:27:56', 'BrokerMemberHierarchyChange:78:277678', '');
INSERT INTO `process_state` VALUES ('BrokerMemberLevelChange', '2', '2017-04-05 15:08:52', 'BrokerMemberLevelChange:179:1307695', '');
INSERT INTO `process_state` VALUES ('BrokerMemberPermissionChange', '2', '2017-03-30 17:21:41', 'BrokerMemberPermissionChange:63:1240055', '');
INSERT INTO `process_state` VALUES ('ClearTimeParamChange', '3', '2017-04-14 14:16:41', 'ClearTimeParamChange:1:1582508', '');
INSERT INTO `process_state` VALUES ('GoldTimeConfChange', '3', '2017-04-14 14:16:48', 'GoldTimeConfChange:1:1582512', '');
INSERT INTO `process_state` VALUES ('IssuerAccountChange', '2', '2017-03-10 18:27:56', 'IssuerAccountChange:37:277674', '');
INSERT INTO `process_state` VALUES ('IssuerApply', '3', '2017-04-18 17:02:47', 'IssuerApply:182:1700075', ' ');
INSERT INTO `process_state` VALUES ('IssuerBankChange', '2', '2017-03-10 18:27:56', 'IssuerBankChange:37:277661', '');
INSERT INTO `process_state` VALUES ('IssuerInfoChange', '2', '2017-03-10 18:27:56', 'IssuerInfoChange:82:277680', '');
INSERT INTO `process_state` VALUES ('IssuerPermissionChange', '2', '2017-03-30 16:44:03', 'IssuerPermissionChange:8:1240035', '');
INSERT INTO `process_state` VALUES ('IssurePermissionChange', '2', '2017-03-10 18:27:56', 'IssurePermissionChange:59:277676', '');
INSERT INTO `process_state` VALUES ('IssureRaiseChange', '3', '2017-03-31 11:51:23', 'IssureRaiseChange:1:1260012', '');
INSERT INTO `process_state` VALUES ('IssureRaiseUnfreeze', '3', '2017-03-31 11:51:09', 'IssureRaiseUnfreeze:1:1260008', '');
INSERT INTO `process_state` VALUES ('IssureStateChange', '2', '2017-03-10 18:27:56', 'IssureStateChange:59:277659', '');
INSERT INTO `process_state` VALUES ('MemberApplyChange', '3', '2017-03-10 18:27:56', 'MemberApplyChange:78:277664', '');
INSERT INTO `process_state` VALUES ('MemberFrozenChange', '2', '2017-03-10 18:27:56', 'MemberFrozenChange:79:277687', '');
INSERT INTO `process_state` VALUES ('MemberInfoChange', '3', '2017-04-06 13:12:08', 'MemberInfoChange:177:1350036', '');
INSERT INTO `process_state` VALUES ('MemberLevelChange', '2', '2017-04-01 15:46:56', 'MemberLevelChange:176:1287649', '');
INSERT INTO `process_state` VALUES ('MemberParamtersChange', '3', '2017-04-17 16:12:05', 'MemberParamtersChange:2:1610173', '');
INSERT INTO `process_state` VALUES ('MemberPermissionApply', '3', '2017-03-15 14:23:42', 'MemberPermissionApply:2:477508', '');
INSERT INTO `process_state` VALUES ('MemberPermissionChange', '2', '2017-03-16 11:46:54', 'MemberPermissionChange:13:590126', '');
INSERT INTO `process_state` VALUES ('MemberPermissionFreeze', '2', '2017-03-30 17:21:34', 'MemberPermissionFreeze:83:1240051', '');
INSERT INTO `process_state` VALUES ('MemberPermissionUnFreeze', '2', '2017-03-30 17:20:15', 'MemberPermissionUnFreeze:69:1240047', '');
INSERT INTO `process_state` VALUES ('MemberPositionsFrozenChange', '2', '2017-03-10 18:27:56', 'MemberPositionsFrozenChange:78:277662', '');
INSERT INTO `process_state` VALUES ('MemberPositionsUnFrozenChange', '2', '2017-03-10 18:27:56', 'MemberPositionsUnFrozenChange:78:277675', '');
INSERT INTO `process_state` VALUES ('MemberStateChange', '2', '2017-03-10 18:27:56', 'MemberStateChange:79:277665', '');
INSERT INTO `process_state` VALUES ('MessageSendApply', '3', '2017-04-19 17:00:43', 'MessageSendApply:2:1735004', '');
INSERT INTO `process_state` VALUES ('MessageTemplateChange', '3', '2017-04-19 17:00:51', 'MessageTemplateChange:2:1735008', '');
INSERT INTO `process_state` VALUES ('OperationAccountChange', '3', '2017-03-23 14:14:24', 'OperationAccountChange:1:1032504', '');
INSERT INTO `process_state` VALUES ('OperationApply', '3', '2017-03-23 14:15:58', 'OperationApply:1:1032508', '');
INSERT INTO `process_state` VALUES ('OperationBankChange', '3', '2017-03-23 14:16:28', 'OperationBankChange:1:1032512', '');
INSERT INTO `process_state` VALUES ('OperationInfoChange', '3', '2017-03-23 14:17:23', 'OperationInfoChange:1:1032516', '');
INSERT INTO `process_state` VALUES ('ParamCommissionWithdrawAudit', '3', '2017-04-18 14:25:53', 'ParamCommissionWithdrawAudit:1:1493951', '');
INSERT INTO `process_state` VALUES ('ParamExchangeWithdrawAudit', '3', '2017-04-18 14:26:05', 'ParamExchangeWithdrawAudit:1:1493955', '');
INSERT INTO `process_state` VALUES ('ParamMemberWithdrawAudit', '3', '2017-04-18 14:26:12', 'ParamMemberWithdrawAudit:1:1493959', '');
INSERT INTO `process_state` VALUES ('ParamSellWithdrawAudit', '3', '2017-04-19 13:49:33', 'ParamSellWithdrawAudit:1:1722516', '');
INSERT INTO `process_state` VALUES ('ParamSellWithdrawAuditAudit', '3', '2017-04-18 14:26:20', 'ParamSellWithdrawAuditAudit:1:1493963', '');
INSERT INTO `process_state` VALUES ('ParamTempStopTrade', '3', '2017-04-13 18:02:18', 'ParamTempStopTrade:2:1540278', '-');
INSERT INTO `process_state` VALUES ('ParamTradeDateChange', '3', '2017-04-17 16:16:48', 'ParamTradeDateChange:2:1645047', '-');
INSERT INTO `process_state` VALUES ('ParamTradePriceWaveRange', '3', '2017-04-11 18:05:18', 'ParamTradePriceWaveRange:2:1485038', '-');
INSERT INTO `process_state` VALUES ('ParamTradeRoutineStop', '1', '2017-04-17 14:16:21', 'ParamTradeRoutineStop:1:1605152', '');
INSERT INTO `process_state` VALUES ('ParamTradeStopService', '2', '2017-04-12 17:23:23', 'ParamTradeStopService:3:1515048', '');
INSERT INTO `process_state` VALUES ('ParamTradeTimeChange', '3', '2017-04-13 18:02:28', 'ParamTradeTimeChange:3:1532541', '-');
INSERT INTO `process_state` VALUES ('ParamTradeTurnoverRate', '1', '2017-04-14 16:23:13', 'ParamTradeTurnoverRate:1:1587521', '');
INSERT INTO `process_state` VALUES ('PayChannelSettingChange', '3', '2017-04-17 11:01:57', 'PayChannelSettingChange:1:1612508', '');
INSERT INTO `process_state` VALUES ('PramTradePriceWaveRange', '3', '2017-04-11 13:24:06', 'PramTradePriceWaveRange:2:1457538', '-');
INSERT INTO `process_state` VALUES ('ProdFrozenAudit', '3', '2017-03-30 10:12:24', 'ProdFrozenAudit:2:1002542', '');
INSERT INTO `process_state` VALUES ('ProdUnfrozenAudit', '3', '2017-03-30 10:13:27', 'ProdUnfrozenAudit:2:1002546', '');
INSERT INTO `process_state` VALUES ('ProductFreezeToIssuer', '2', '2017-03-10 18:27:56', 'ProductFreezeToIssuer:76:277686', '');
INSERT INTO `process_state` VALUES ('ProductGenNumber', '2', '2017-03-10 18:27:56', 'ProductGenNumber:76:277688', '');
INSERT INTO `process_state` VALUES ('ProductLuckyNumber', '2', '2017-03-10 18:27:56', 'ProductLuckyNumber:76:277657', '');
INSERT INTO `process_state` VALUES ('ProductOfflintToOnline', '2', '2017-03-10 18:27:56', 'ProductOfflintToOnline:76:277683', '');
INSERT INTO `process_state` VALUES ('ProductPlacing', '2', '2017-03-10 18:27:56', 'ProductPlacing:83:277663', '');
INSERT INTO `process_state` VALUES ('ProductPlacingPlanSet', '2', '2017-03-10 18:27:56', 'ProductPlacingPlanSet:78:277684', '()');
INSERT INTO `process_state` VALUES ('ProductRePlacing', '2', '2017-03-10 18:27:56', 'ProductRePlacing:76:277667', '');
INSERT INTO `process_state` VALUES ('ProductSale', '3', '2017-04-10 11:56:34', 'ProductSale:180:1415007', '');
INSERT INTO `process_state` VALUES ('ProductSaleAgainOrModifyBaseInfo', '2', '2017-03-10 18:27:56', 'ProductSaleAgainOrModifyBaseInfo:78:277669', '()');
INSERT INTO `process_state` VALUES ('ProductSaleModifyLaunchInfo', '2', '2017-03-10 18:27:56', 'ProductSaleModifyLaunchInfo:76:277685', '()');
INSERT INTO `process_state` VALUES ('ProductSaleModifyOtherInfo', '2', '2017-03-10 18:27:56', 'ProductSaleModifyOtherInfo:78:277666', '()');
INSERT INTO `process_state` VALUES ('ProductYaoHao', '2', '2017-03-10 18:27:56', 'ProductYaoHao:76:277673', '');
INSERT INTO `process_state` VALUES ('SystemRoleChange', '2', '2017-03-30 17:18:28', 'SystemRoleChange:50:1240043', '');
INSERT INTO `process_state` VALUES ('SystemUserChange', '3', '2017-03-16 13:16:23', 'SystemUserChange:3:635135', '');
INSERT INTO `process_state` VALUES ('TradeRoleChange', '3', '2017-03-16 13:16:37', 'TradeRoleChange:4:635139', '');
INSERT INTO `process_state` VALUES ('UserApplyBrokerMember', '3', '2017-04-07 14:02:14', 'UserApplyBrokerMember:176:1392519', '');
INSERT INTO `process_state` VALUES ('myProcess', '2', '2017-03-16 18:29:25', 'myProcess:4:655031', 'My process');

-- ----------------------------
-- Table structure for process_task_info
-- ----------------------------
DROP TABLE IF EXISTS `process_task_info`;
CREATE TABLE `process_task_info` (
  `PK_PROCESS_KEY` varchar(200) COLLATE utf8_bin NOT NULL COMMENT 'KEY',
  `PK_TASK_KEY` varchar(200) COLLATE utf8_bin NOT NULL COMMENT 'KEY',
  `BIND_ROLE` varchar(200) COLLATE utf8_bin DEFAULT NULL COMMENT '',
  `BIND_FORM` varchar(256) COLLATE utf8_bin DEFAULT NULL COMMENT '',
  `TASK_NAME` varchar(128) COLLATE utf8_bin NOT NULL,
  `RANK_NUM` int(11) DEFAULT '1',
  `VALID` int(11) NOT NULL DEFAULT '1',
  `TASK_DESC` varchar(256) COLLATE utf8_bin DEFAULT NULL,
  PRIMARY KEY (`PK_PROCESS_KEY`,`PK_TASK_KEY`)
) ENGINE=InnoDB DEFAULT CHARSET=utf8 COLLATE=utf8_bin COMMENT='';

-- ----------------------------
-- Records of process_task_info
-- ----------------------------
INSERT INTO `process_task_info` VALUES ('AgentParamtersChange', 'step1', 'testRole', 'memberParamters/memberParamtersInfoAudit', '', '1', '1', '');
INSERT INTO `process_task_info` VALUES ('AgentParamtersChange', 'step2', 'testRole', 'memberParamters/memberParamtersInfoAudit', '', '2', '1', '');
INSERT INTO `process_task_info` VALUES ('AgreementTemplateChange', 'AgreementTemplateMarketAudit', 'testRole', '/agreement/agreementTemplateMarketAudit', '', '1', '1', '');
INSERT INTO `process_task_info` VALUES ('AgreementTemplateChange', 'AgreementTemplateOperateAudit', 'testRole', '/agreement/agreementTemplateOperateAudit', '', '2', '1', '');
INSERT INTO `process_task_info` VALUES ('AgreementTemplateChange', 'AgreementTemplateSubmitAgain', 'testRole', '/agreement/redirectAgreementTemplate', '', '3', '1', '');
INSERT INTO `process_task_info` VALUES ('ArticleContentOther', 'OperatingCompanyVicePresidentAudit', '100', 'articleAudit/auditInHand/page', '', '1', '1', '');
INSERT INTO `process_task_info` VALUES ('ArticleContentProductAndExchange', 'ExchangeSaleAuditCommissionerAudit', '100', 'articleAudit/auditInHand/page', '', '1', '1', '');
INSERT INTO `process_task_info` VALUES ('ArticleGroupAudit', 'OperatingCompanyVicePresidentAudit', '100', 'articleAudit/auditInHand/page', '', '1', '1', '');
INSERT INTO `process_task_info` VALUES ('BazaarAccountChange', 'exchangeAudit', 'testRole', 'bazaar/bazaarChangeAudit', '', '1', '1', '');
INSERT INTO `process_task_info` VALUES ('BazaarApply', 'exchangeAudit', 'testRole', 'bazaar/bazaarChangeAudit', '', '1', '1', '');
INSERT INTO `process_task_info` VALUES ('BazaarBankChange', 'exchangeAudit', 'testRole', 'bazaar/bazaarChangeAudit', ' ', '1', '1', ' ');
INSERT INTO `process_task_info` VALUES ('BazaarInfoChange', 'exchangeAudit', 'testRole', 'bazaar/bazaarChangeAudit', '', '1', '1', '');
INSERT INTO `process_task_info` VALUES ('BorkerMemberBan', 'oneAudit', 'testRole', 'borker/borkerChangeAudit', '', '1', '1', '');
INSERT INTO `process_task_info` VALUES ('BorkerMemberBan', 'twoAudit', 'testRole', 'borker/borkerChangeAudit', '', '2', '1', '');
INSERT INTO `process_task_info` VALUES ('BorkerMemberPositionsFrozenChange', 'exchangeAudit', null, null, '', '1', '1', '');
INSERT INTO `process_task_info` VALUES ('BorkerMemberPositionsUnFrozenChange', 'exchangeAudit', null, null, '', '1', '1', '');
INSERT INTO `process_task_info` VALUES ('BorkerMemberStateChange', '', null, null, '', '1', '1', '');
INSERT INTO `process_task_info` VALUES ('BrokerMemberBelongChange', 'marketAudit', 'testRole', 'borker/borkerChangeAudit', '', '1', '1', '');
INSERT INTO `process_task_info` VALUES ('BrokerMemberBelongChange', 'operAudit', 'testRole', 'borker/borkerChangeAudit', '', '1', '1', '');
INSERT INTO `process_task_info` VALUES ('BrokerMemberFrozenChange', 'exchangeAudit', 'testRole', 'borker/borkerChangeAudit', '', '1', '1', '');
INSERT INTO `process_task_info` VALUES ('BrokerMemberHierarchyChange', 'marketAudit', 'testRole', 'borker/borkerChangeAudit', '', '1', '1', '');
INSERT INTO `process_task_info` VALUES ('BrokerMemberHierarchyChange', 'marketChannelAudit', 'testRole', 'borker/borkerChangeAudit', '', '1', '1', '');
INSERT INTO `process_task_info` VALUES ('BrokerMemberLevelChange', 'channelAudit', 'testRole', 'borker/borkerChangeAudit', '', '1', '1', '');
INSERT INTO `process_task_info` VALUES ('BrokerMemberLevelChange', 'marketAudit', 'testRole', 'borker/borkerChangeAudit', '', '2', '1', '');
INSERT INTO `process_task_info` VALUES ('BrokerMemberPermissionChange', 'finalAudit', 'testRole', 'member/changeAudit', '', '2', '1', '');
INSERT INTO `process_task_info` VALUES ('BrokerMemberPermissionChange', 'fistAudit', 'testRole', 'member/changeAudit', '', '1', '1', '');
INSERT INTO `process_task_info` VALUES ('ClearTimeParamChange', 'exchangeAudit', '100', 'time/changeAudit', ' ', '1', '1', ' ');
INSERT INTO `process_task_info` VALUES ('GoldTimeConfChange', 'exchangeAudit', '100', 'time/changeAudit', ' ', '1', '1', ' ');
INSERT INTO `process_task_info` VALUES ('IssuerAccountChange', 'exchangeAudit', 'testRole', 'issure/changeAudit', '', '1', '1', '');
INSERT INTO `process_task_info` VALUES ('IssuerApply', 'exchangeAudit', '100', 'issure/changeAudit', '', '2', '1', '');
INSERT INTO `process_task_info` VALUES ('IssuerApply', 'marketAudit', '100', 'issure/changeAudit', '', '3', '1', '');
INSERT INTO `process_task_info` VALUES ('IssuerApply', 'operAudit', '100', 'issure/changeAudit', '', '1', '1', '');
INSERT INTO `process_task_info` VALUES ('IssuerBankChange', 'exchangeAudit', 'testRole', 'issure/changeAudit', '', '1', '1', '');
INSERT INTO `process_task_info` VALUES ('IssuerInfoChange', 'exchangeAudit', 'testRole', 'issure/changeAudit', '', '1', '1', '');
INSERT INTO `process_task_info` VALUES ('IssuerInfoChange', 'marketAudit', 'testRole', 'issure/changeAudit', '', '1', '1', '');
INSERT INTO `process_task_info` VALUES ('IssuerInfoChange', 'operAudit', 'testRole', 'issure/changeAudit', '', '1', '1', '');
INSERT INTO `process_task_info` VALUES ('IssuerPermissionChange', 'finalAudit', 'testRole', 'issure/changeAudit', '', '2', '1', '');
INSERT INTO `process_task_info` VALUES ('IssuerPermissionChange', 'fistAudit', 'testRole', 'issure/changeAudit', '', '1', '1', '');
INSERT INTO `process_task_info` VALUES ('IssurePermissionChange', 'exchangeAudit', 'testRole', 'issure/changeAudit', '', '1', '1', '');
INSERT INTO `process_task_info` VALUES ('IssurePermissionChange', 'marketAudit', 'testRole', 'issure/changeAudit', '', '1', '1', '');
INSERT INTO `process_task_info` VALUES ('IssurePermissionChange', 'operAudit', 'testRole', 'issure/changeAudit', '', '1', '1', '');
INSERT INTO `process_task_info` VALUES ('IssureRaiseChange', 'exchangeAudit', '100', 'issureRaise/changeAudit', '', '2', '1', '');
INSERT INTO `process_task_info` VALUES ('IssureRaiseChange', 'operateAudit', '100', 'issureRaise/changeAudit', '', '1', '1', '');
INSERT INTO `process_task_info` VALUES ('IssureRaiseUnfreeze', 'exchangeAudit', '100', 'issureRaise/changeAudit', '', '2', '1', '');
INSERT INTO `process_task_info` VALUES ('IssureRaiseUnfreeze', 'operateAudit', '100', 'issureRaise/changeAudit', '', '1', '1', '');
INSERT INTO `process_task_info` VALUES ('IssureStateChange', 'exchangeAudit', 'testRole', 'issure/changeAudit', '', '1', '1', '');
INSERT INTO `process_task_info` VALUES ('IssureStateChange', 'marketAudit', 'testRole', 'issure/changeAudit', '', '1', '1', '');
INSERT INTO `process_task_info` VALUES ('IssureStateChange', 'operAudit', 'testRole', 'issure/changeAudit', '', '1', '1', '');
INSERT INTO `process_task_info` VALUES ('MemberApplyChange', 'operAudit', '126', 'member/changeAudit', '', '1', '1', '');
INSERT INTO `process_task_info` VALUES ('MemberFrozenChange', 'exchangeAudit', 'testRole', 'member/changeAudit', '', '1', '1', '');
INSERT INTO `process_task_info` VALUES ('MemberInfoChange', 'marketAudit', 'testRole', 'member/changeAudit', '', '1', '1', '');
INSERT INTO `process_task_info` VALUES ('MemberInfoChange', 'resubmit', 'testRole', 'member/changeAudit', '', '2', '1', '');
INSERT INTO `process_task_info` VALUES ('MemberLevelChange', 'operAudit', 'testRole', 'member/changeAudit', '', '1', '1', '');
INSERT INTO `process_task_info` VALUES ('MemberParamtersChange', 'step1', 'testRole', 'memberParamters/memberParamtersInfoAudit', '', '1', '1', '');
INSERT INTO `process_task_info` VALUES ('MemberParamtersChange', 'step2', 'testRole', 'memberParamters/memberParamtersInfoAudit', '', '2', '1', '');
INSERT INTO `process_task_info` VALUES ('MemberPermissionApply', 'busiAudit', 'testRole', 'member/changeAudit', '', '1', '1', '');
INSERT INTO `process_task_info` VALUES ('MemberPermissionChange', 'finalAudit', 'testRole', 'member/changeAudit', '', '1', '1', '');
INSERT INTO `process_task_info` VALUES ('MemberPermissionFreeze', 'busiAudit', 'testRole', 'member/changeAudit', '', '1', '1', '');
INSERT INTO `process_task_info` VALUES ('MemberPermissionFreeze', 'exchangeAudit', 'testRole', 'member/changeAudit', '', '1', '0', '');
INSERT INTO `process_task_info` VALUES ('MemberPermissionUnFreeze', 'busiAudit', 'testRole', 'member/changeAudit', '', '1', '1', '');
INSERT INTO `process_task_info` VALUES ('MemberPositionsFrozenChange', 'exchangeAudit', 'testRole', null, '', '1', '1', '');
INSERT INTO `process_task_info` VALUES ('MemberPositionsUnFrozenChange', 'exchangeAudit', null, null, '', '1', '1', '');
INSERT INTO `process_task_info` VALUES ('MemberStateChange', 'busiAudit', 'testRole', 'member/changeAudit', '', '1', '1', '');
INSERT INTO `process_task_info` VALUES ('MessageSendApply', 'finalAudit', 'testRole', 'messageSend/page/messageSendAudit', '', '1', '1', '');
INSERT INTO `process_task_info` VALUES ('MessageSendApply', 'reEdit', 'testRole', 'messageSend/page/messageSendReEdit', '', '2', '1', '');
INSERT INTO `process_task_info` VALUES ('MessageTemplateChange', 'finalAudit', 'testRole', 'messageTemplate/page/messageTemplateAudit', '', '1', '1', '');
INSERT INTO `process_task_info` VALUES ('MessageTemplateChange', 'reEdit', 'testRole', 'messageTemplate/page/messageTemplateReEdit', '', '2', '1', '');
INSERT INTO `process_task_info` VALUES ('OperationAccountChange', 'exchangeAudit', 'testRole', 'operation/operationChangeAudit', '', '1', '1', '');
INSERT INTO `process_task_info` VALUES ('OperationApply', 'exchangeAudit', 'testRole', 'operation/operationChangeAudit', '', '1', '1', '');
INSERT INTO `process_task_info` VALUES ('OperationBankChange', 'exchangeAudit', 'testRole', 'operation/operationChangeAudit', ' ', '1', '1', ' ');
INSERT INTO `process_task_info` VALUES ('OperationInfoChange', 'exchangeAudit', 'testRole', 'operation/operationChangeAudit', '', '1', '1', '');
INSERT INTO `process_task_info` VALUES ('ParamCommissionWithdrawAudit', 'CommissionWithdrawAuditStaffAudit', '100', 'withdrawParamters/processAuditCommission/page', '', '1', '1', '');
INSERT INTO `process_task_info` VALUES ('ParamExchangeWithdrawAudit', 'ExchangeWithdrawStaffAudit', '100', 'withdrawParamters/processAuditExchange/page', '', '1', '1', '');
INSERT INTO `process_task_info` VALUES ('ParamMemberWithdrawAudit', 'MemberWithdrawStaffAudit', '100', 'withdrawParamters/processAuditMember/page', '', '1', '1', '');
INSERT INTO `process_task_info` VALUES ('ParamSellWithdrawAudit', 'SellWithdrawStaffAudit', '100', 'withdrawParamters/processAuditSell/page', '', '1', '1', '');
INSERT INTO `process_task_info` VALUES ('ParamTempStopTrade', 'finalAudit', 'testRole', 'tempStopTrade/page/stopTradeAudit', '', '1', '1', '');
INSERT INTO `process_task_info` VALUES ('ParamTempStopTrade', 'reEdit', 'testRole', 'tempStopTrade/page/stopTradeReEdit', '', '2', '1', '');
INSERT INTO `process_task_info` VALUES ('ParamTradeDateChange', 'finalAudit', 'testRole', 'tradeTime/page/tradeTimeAudit', '', '1', '1', '');
INSERT INTO `process_task_info` VALUES ('ParamTradeDateChange', 'reEdit', 'testRole', 'tradeTime/page/tradeTimeReEdit', '', '2', '1', '');
INSERT INTO `process_task_info` VALUES ('ParamTradePriceWaveRange', 'finalAudit', 'testRole', 'priceRange/page/tradePriceAudit', '', '1', '1', '');
INSERT INTO `process_task_info` VALUES ('ParamTradePriceWaveRange', 'reEdit', 'testRole', 'priceRange/page/tradePriceReEdit', '', '2', '1', '');
INSERT INTO `process_task_info` VALUES ('ParamTradeRoutineStop', 'exchangeSubmitAgain', 'testRole', 'paramStopTradeControl/queryParamTradeRoutineStop', '', '2', '1', '');
INSERT INTO `process_task_info` VALUES ('ParamTradeRoutineStop', 'finalAudit', 'testRole', 'paramStopTradeControl/queryParamTradeRoutineStop', '', '1', '1', '');
INSERT INTO `process_task_info` VALUES ('ParamTradeStopService', 'exchangeSubmitAgain', 'testRole', 'paramStopTrade/showViewStopTrade', '', '2', '1', '');
INSERT INTO `process_task_info` VALUES ('ParamTradeStopService', 'finalAudit', 'testRole', 'paramStopTrade/showViewStopTrade', '', '1', '1', '');
INSERT INTO `process_task_info` VALUES ('ParamTradeTimeChange', 'finalAudit', 'testRole', 'tradeTime/page/tradeTimeAudit', '', '1', '1', '');
INSERT INTO `process_task_info` VALUES ('ParamTradeTimeChange', 'reEdit', 'testRole', 'tradeTime/page/tradeTimeReEdit', '', '2', '1', '');
INSERT INTO `process_task_info` VALUES ('ParamTradeTurnoverRate', 'exchangeSubmitAgain', 'testRole', 'paramStopTradeControl/queryParamTradeTurnoverRate', '', '2', '1', '');
INSERT INTO `process_task_info` VALUES ('ParamTradeTurnoverRate', 'finalAudit', 'testRole', 'paramStopTradeControl/queryParamTradeDictionListByParamId', '', '1', '1', '');
INSERT INTO `process_task_info` VALUES ('PayChannelSettingChange', 'exchangeAudit', 'testRole', 'payChannel/changeAudit', '', '1', '1', '');
INSERT INTO `process_task_info` VALUES ('PramTradePriceWaveRange', 'finalAudit', 'testRole', '1', '', '1', '1', '');
INSERT INTO `process_task_info` VALUES ('ProdFrozenAudit', 'exchangeFrozenAudit', 'testRole', 'memberFrozen/auditMemberPositionFrozenRecords', '', '1', '1', '');
INSERT INTO `process_task_info` VALUES ('ProdUnfrozenAudit', 'exchangeUnfrozenAudit', 'testRole', 'memberFrozen/auditMemberPositionUnFrozenRecords', '', '1', '1', '');
INSERT INTO `process_task_info` VALUES ('ProductFreezeToIssuer', 'audit', 'testRole', 'productPlacingStencil/page/placingStencilNotEnoughAuditInfo', '', '1', '1', '');
INSERT INTO `process_task_info` VALUES ('ProductFreezeToIssuer', 'markerSubmitAgain', 'testRole', '1111111', '', '1', '1', '');
INSERT INTO `process_task_info` VALUES ('ProductGenNumber', 'genNumber', 'testRole', '/buy/peihaoInfo', '', '1', '1', '');
INSERT INTO `process_task_info` VALUES ('ProductLuckyNumber', 'luckyNumber', 'testRole', '/buy/luckyInfo', '', '1', '1', '');
INSERT INTO `process_task_info` VALUES ('ProductOfflintToOnline', 'audit', 'testRole', 'productPlacingStencil/page/placingStencilNotEnoughAuditInfo', '', '1', '1', '');
INSERT INTO `process_task_info` VALUES ('ProductOfflintToOnline', 'markerSubmitAgain', 'testRole', '1111111', '', '1', '1', '');
INSERT INTO `process_task_info` VALUES ('ProductPlacing', 'markerAudit', 'testRole', 'productPlacingStencil/page/placingStencilAuditInfo', '', '1', '1', '');
INSERT INTO `process_task_info` VALUES ('ProductPlacing', 'markerSubmitAgain', 'testRole', 'productPlacingStencil/page/placingStencilReEdit', '', '1', '1', '');
INSERT INTO `process_task_info` VALUES ('ProductPlacing', 'operativerAudit', 'testRole', 'productPlacingStencil/page/placingStencilAuditInfo', '', '1', '1', '');
INSERT INTO `process_task_info` VALUES ('ProductPlacingPlanSet', 'auditLaunchInfo', 'testRole', '/exchangeAuditPublicMarket', '', '1', '1', '');
INSERT INTO `process_task_info` VALUES ('ProductPlacingPlanSet', 'launchInfoSet', 'testRole', '/operatePublicMarket', '', '1', '1', '');
INSERT INTO `process_task_info` VALUES ('ProductPlacingPlanSet', 'markerAuditProductPlacingPlanSet', 'testRole', 'productPlacingStencil/page/placingPlanAudit', '', '1', '1', '');
INSERT INTO `process_task_info` VALUES ('ProductPlacingPlanSet', 'operativerAuditProductPlacingPlanSet', 'testRole', 'productPlacingStencil/page/placingPlanAudit', '', '1', '1', '');
INSERT INTO `process_task_info` VALUES ('ProductPlacingPlanSet', 'productPlacingPlanSetAgain', 'testRole', '/productPlacingStencil/page/placingPlanEdit', '', '1', '1', '');
INSERT INTO `process_task_info` VALUES ('ProductRePlacing', 'audit', 'testRole', '1111111', '', '1', '1', '');
INSERT INTO `process_task_info` VALUES ('ProductRePlacing', 'markerSubmitAgain', 'testRole', '1111111', '', '1', '1', '');
INSERT INTO `process_task_info` VALUES ('ProductSale', 'auditLaunchInfo', 'testRole', '/exchangeAuditPublicMarket', '', '12', '1', '');
INSERT INTO `process_task_info` VALUES ('ProductSale', 'baseInfoSet', 'testRole', '/marketFillBasicInfo', '', '3', '1', '');
INSERT INTO `process_task_info` VALUES ('ProductSale', 'exchangerAuditBaseInfo', 'testRole', '/exchangeOneAudit', '', '5', '1', '');
INSERT INTO `process_task_info` VALUES ('ProductSale', 'issuerSubmitAgain', 'testRole', '/gotoIssuerNeed', '', '2', '1', '');
INSERT INTO `process_task_info` VALUES ('ProductSale', 'launchInfoSet', 'testRole', '/operatePublicMarket', '', '10', '1', '');
INSERT INTO `process_task_info` VALUES ('ProductSale', 'markerAudit', 'testRole', '/marketOneAudit', '', '1', '1', '');
INSERT INTO `process_task_info` VALUES ('ProductSale', 'markerAuditProductPlacingPlanSet', 'testRole', 'productPlacingStencil/page/placingPlanAudit', '', '14', '1', '');
INSERT INTO `process_task_info` VALUES ('ProductSale', 'operativerAuditBaseInfo', 'testRole', '/operateOneAudit', '', '4', '1', '');
INSERT INTO `process_task_info` VALUES ('ProductSale', 'operativerAuditOtherInfo', 'testRole', '/operateAuditOtherInfo', '', '9', '1', '');
INSERT INTO `process_task_info` VALUES ('ProductSale', 'operativerAuditProductPlacingPlanSet', 'testRole', 'productPlacingStencil/page/placingPlanAudit', '', '15', '1', '');
INSERT INTO `process_task_info` VALUES ('ProductSale', 'otherInfoSet', 'testRole', '/marketFillOtherInfo', '', '8', '1', '');
INSERT INTO `process_task_info` VALUES ('ProductSale', 'prodCardRegisterApply', 'testRole', '/operateRegisterDoc', '', '7', '1', '');
INSERT INTO `process_task_info` VALUES ('ProductSale', 'prodCardRegisterAudit', 'testRole', '/exchangeConfirmRegister', '', '13', '1', '');
INSERT INTO `process_task_info` VALUES ('ProductSale', 'productPlacingPlanSet', 'testRole', '/productPlacingStencil/page/placingPlanEdit', '', '11', '1', '');
INSERT INTO `process_task_info` VALUES ('ProductSale', 'proofProdCard', 'testRole', '/operateGenerateDoc', '', '6', '1', '');
INSERT INTO `process_task_info` VALUES ('ProductSaleAgainOrModifyBaseInfo', 'auditLaunchInfo', 'testRole', '/exchangeAuditPublicMarket', '', '1', '1', '');
INSERT INTO `process_task_info` VALUES ('ProductSaleAgainOrModifyBaseInfo', 'baseInfoSetAgain', 'testRole', '/marketFillBasicInfo', '', '1', '1', '');
INSERT INTO `process_task_info` VALUES ('ProductSaleAgainOrModifyBaseInfo', 'exchangerAuditBaseInfo', 'testRole', '/exchangeOneAudit', '', '1', '1', '');
INSERT INTO `process_task_info` VALUES ('ProductSaleAgainOrModifyBaseInfo', 'launchInfoSet', 'testRole', '/operatePublicMarket', '', '1', '1', '');
INSERT INTO `process_task_info` VALUES ('ProductSaleAgainOrModifyBaseInfo', 'markerAuditProductPlacingPlanSet', 'testRole', 'productPlacingStencil/page/placingPlanAudit', '', '1', '1', '');
INSERT INTO `process_task_info` VALUES ('ProductSaleAgainOrModifyBaseInfo', 'operativerAuditBaseInfo', 'testRole', '/operateOneAudit', '', '1', '1', '');
INSERT INTO `process_task_info` VALUES ('ProductSaleAgainOrModifyBaseInfo', 'operativerAuditOtherInfo', 'testRole', '/operateAuditOtherInfo', '', '1', '1', '');
INSERT INTO `process_task_info` VALUES ('ProductSaleAgainOrModifyBaseInfo', 'operativerAuditProductPlacingPlanSet', 'testRole', 'productPlacingStencil/page/placingPlanAudit', '', '1', '1', '');
INSERT INTO `process_task_info` VALUES ('ProductSaleAgainOrModifyBaseInfo', 'otherInfoSet', 'testRole', '/marketFillOtherInfo', '', '1', '1', '');
INSERT INTO `process_task_info` VALUES ('ProductSaleAgainOrModifyBaseInfo', 'prodCardRegisterApply', 'testRole', '/operateRegisterDoc', '', '1', '1', '');
INSERT INTO `process_task_info` VALUES ('ProductSaleAgainOrModifyBaseInfo', 'prodCardRegisterAudit', 'testRole', '/exchangeConfirmRegister', '', '1', '1', '');
INSERT INTO `process_task_info` VALUES ('ProductSaleAgainOrModifyBaseInfo', 'productPlacingPlanSet', 'testRole', '/productPlacingStencil/page/placingPlanEdit', '', '1', '1', '');
INSERT INTO `process_task_info` VALUES ('ProductSaleAgainOrModifyBaseInfo', 'proofProdCard', 'testRole', '/operateGenerateDoc', '', '1', '1', '');
INSERT INTO `process_task_info` VALUES ('ProductSaleModifyLaunchInfo', 'auditLaunchInfo', 'testRole', '/exchangeAuditPublicMarket', '', '1', '1', '');
INSERT INTO `process_task_info` VALUES ('ProductSaleModifyLaunchInfo', 'launchInfoSetAgain', 'testRole', '/operatePublicMarket', '', '1', '1', '');
INSERT INTO `process_task_info` VALUES ('ProductSaleModifyOtherInfo', 'auditLaunchInfo', 'testRole', '/exchangeAuditPublicMarket', '', '1', '1', '');
INSERT INTO `process_task_info` VALUES ('ProductSaleModifyOtherInfo', 'launchInfoSet', 'testRole', '/operatePublicMarket', '', '1', '1', '');
INSERT INTO `process_task_info` VALUES ('ProductSaleModifyOtherInfo', 'markerAuditProductPlacingPlanSet', 'testRole', 'productPlacingStencil/page/placingPlanAudit', '', '1', '1', '');
INSERT INTO `process_task_info` VALUES ('ProductSaleModifyOtherInfo', 'operativerAuditOtherInfo', 'testRole', '/operateAuditOtherInfo', '', '1', '1', '');
INSERT INTO `process_task_info` VALUES ('ProductSaleModifyOtherInfo', 'operativerAuditProductPlacingPlanSet', 'testRole', 'productPlacingStencil/page/placingPlanAudit', '', '1', '1', '');
INSERT INTO `process_task_info` VALUES ('ProductSaleModifyOtherInfo', 'otherInfoSetAgain', 'testRole', '/marketFillOtherInfo', '', '1', '1', '');
INSERT INTO `process_task_info` VALUES ('ProductSaleModifyOtherInfo', 'productPlacingPlanSet', 'testRole', '/productPlacingStencil/page/placingPlanEdit', '', '1', '1', '');
INSERT INTO `process_task_info` VALUES ('ProductYaoHao', 'yaoHao', 'testRole', '/buy/yaohaoInfo', '', '1', '1', '');
INSERT INTO `process_task_info` VALUES ('SaleBaseInfoAudit', '', 'testRole', '17', '', '1', '1', '');
INSERT INTO `process_task_info` VALUES ('SaleBaseInfoAudit', '', 'testRole', '18', '', '1', '1', '');
INSERT INTO `process_task_info` VALUES ('SystemRoleChange', 'finalAudit', 'testRole', 'systemRole/aduitSystemRoleInfo/page', '', '1', '1', '');
INSERT INTO `process_task_info` VALUES ('SystemUserChange', 'finalAudit', 'testRole', 'systemRole/aduitUserInfo/page', '', '1', '1', '');
INSERT INTO `process_task_info` VALUES ('TradeRoleChange', 'finalAudit', 'testRole', 'tradeRole/aduitTradeRoleInfo/page', '', '1', '1', '');
INSERT INTO `process_task_info` VALUES ('UserApplyBrokerMember', 'marketAudit', 'testRole', 'member/changeAudit', '', '1', '1', '');
INSERT INTO `process_task_info` VALUES ('UserApplyBrokerMember', 'operAudit', 'testRole', 'member/changeAudit', '', '2', '1', '');
INSERT INTO `process_task_info` VALUES ('myProcess', 'usertask1', '103', 'test', 'test', '1', '1', 'test');

-- ----------------------------
-- Table structure for sys_area
-- ----------------------------
DROP TABLE IF EXISTS `sys_area`;
CREATE TABLE `sys_area` (
  `parent_id` varchar(10) DEFAULT NULL,
  `parent_ids` varchar(100) DEFAULT NULL,
  `name` varchar(50) DEFAULT NULL,
  `id` varchar(10) NOT NULL,
  `code` varchar(10) DEFAULT NULL,
  `del_flag` char(18) DEFAULT NULL,
  PRIMARY KEY (`id`)
) ENGINE=InnoDB DEFAULT CHARSET=utf8;

-- ----------------------------
-- Records of sys_area
-- ----------------------------
INSERT INTO `sys_area` VALUES ('0', '0,', '', '1', '100000', '0');
INSERT INTO `sys_area` VALUES ('8', '0,1,2,8,', '', '10', '370532', '0');
INSERT INTO `sys_area` VALUES ('8', '0,1,2,8,', '', '11', '370533', '0');
INSERT INTO `sys_area` VALUES ('8', '0,1,2,8,', '', '12', '370534', '0');
INSERT INTO `sys_area` VALUES ('8', '0,1,2,8,', '', '13', '370535', '0');
INSERT INTO `sys_area` VALUES ('8', '0,1,2,8,', '', '14', '370536', '0');
INSERT INTO `sys_area` VALUES ('1', '0,1,', '', '2', '110000', '0');
INSERT INTO `sys_area` VALUES ('2', '0,1,2,', '', '3', '110101', '0');
INSERT INTO `sys_area` VALUES ('2', '0,1,2,', '', '4', '110102', '0');
INSERT INTO `sys_area` VALUES ('2', '0,1,2,', '', '5', '110103', '0');
INSERT INTO `sys_area` VALUES ('2', '0,1,2,', '', '7', '110105', '0');
INSERT INTO `sys_area` VALUES ('2', '0,1,2,', '', '8', '110104', '0');
INSERT INTO `sys_area` VALUES ('d406d79a-1', '0,1,2,7,d406d79a-1,', '22233', '9', '333333', '1');
INSERT INTO `sys_area` VALUES (null, null, '1', 'a78c1178-b', '11111', '0');
INSERT INTO `sys_area` VALUES ('7', '0,1,2,7,', '222', 'd406d79a-1', '233333', '1');

-- ----------------------------
-- Table structure for sys_dict
-- ----------------------------
DROP TABLE IF EXISTS `sys_dict`;
CREATE TABLE `sys_dict` (
  `id` varchar(64) NOT NULL,
  `label` varchar(100) DEFAULT NULL,
  `value` varchar(100) DEFAULT NULL,
  `type` varchar(100) DEFAULT NULL,
  `description` varchar(100) DEFAULT NULL,
  `sort` int(11) DEFAULT NULL,
  `remarks` varchar(255) DEFAULT NULL,
  `del_flag` int(11) DEFAULT NULL,
  PRIMARY KEY (`id`)
) ENGINE=InnoDB DEFAULT CHARSET=utf8;

-- ----------------------------
-- Records of sys_dict
-- ----------------------------
INSERT INTO `sys_dict` VALUES ('1', '', '0', 'del_flag', '', '10', null, '0');
INSERT INTO `sys_dict` VALUES ('10', '', 'yellow', 'color', '', '40', null, '0');
INSERT INTO `sys_dict` VALUES ('11', '', 'orange', 'color', '', '50', null, '0');
INSERT INTO `sys_dict` VALUES ('12', '', 'default', 'theme', '', '10', null, '0');
INSERT INTO `sys_dict` VALUES ('13', '', 'cerulean', 'theme', '', '20', null, '0');
INSERT INTO `sys_dict` VALUES ('14', '', 'readable', 'theme', '', '30', null, '0');
INSERT INTO `sys_dict` VALUES ('15', '', 'united', 'theme', '', '40', null, '0');
INSERT INTO `sys_dict` VALUES ('16', 'Flat', 'flat', 'theme', '', '60', null, '0');
INSERT INTO `sys_dict` VALUES ('17', '', '1', 'sys_area_type', '', '10', null, '0');
INSERT INTO `sys_dict` VALUES ('18', '', '2', 'sys_area_type', '', '20', null, '0');
INSERT INTO `sys_dict` VALUES ('19', '', '3', 'sys_area_type', '', '30', null, '0');
INSERT INTO `sys_dict` VALUES ('1d157cf94b7144779113d991aff87625', '', '100', 'default_sign_count', '', '10', null, '0');
INSERT INTO `sys_dict` VALUES ('2', '', '1', 'del_flag', '', '20', null, '0');
INSERT INTO `sys_dict` VALUES ('20', '', '4', 'sys_area_type', '', '40', null, '0');
INSERT INTO `sys_dict` VALUES ('21', '', '1', 'sys_office_type', '', '60', null, '0');
INSERT INTO `sys_dict` VALUES ('22', '', '2', 'sys_office_type', '', '70', null, '0');
INSERT INTO `sys_dict` VALUES ('23', '', '1', 'sys_office_grade', '', '10', null, '0');
INSERT INTO `sys_dict` VALUES ('24', '', '2', 'sys_office_grade', '', '20', null, '0');
INSERT INTO `sys_dict` VALUES ('25', '', '3', 'sys_office_grade', '', '30', null, '0');
INSERT INTO `sys_dict` VALUES ('26', '', '4', 'sys_office_grade', '', '40', null, '0');
INSERT INTO `sys_dict` VALUES ('27', '', '1', 'sys_data_scope', '', '10', null, '0');
INSERT INTO `sys_dict` VALUES ('28', '', '2', 'sys_data_scope', '', '20', null, '0');
INSERT INTO `sys_dict` VALUES ('29', '', '3', 'sys_data_scope', '', '30', null, '0');
INSERT INTO `sys_dict` VALUES ('2918c2cd29aa4ffd8f3ded4056c0152f', '', '1', 'esign_seal_type', '', '10', null, '0');
INSERT INTO `sys_dict` VALUES ('2BSL83Y2MD', '50 - 100', '3', 'supplier_emploee_count', '', '3', null, '0');
INSERT INTO `sys_dict` VALUES ('2CAMKUHZYA', '100 - 200', '4', 'supplier_emploee_count', '', '3', null, '0');
INSERT INTO `sys_dict` VALUES ('3', '', '1', 'show_hide', '/', '10', null, '0');
INSERT INTO `sys_dict` VALUES ('30', '', '4', 'sys_data_scope', '', '40', null, '0');
INSERT INTO `sys_dict` VALUES ('31', '', '5', 'sys_data_scope', '', '50', null, '0');
INSERT INTO `sys_dict` VALUES ('32', '', '8', 'sys_data_scope', '', '90', null, '0');
INSERT INTO `sys_dict` VALUES ('33', '', '9', 'sys_data_scope', '', '100', null, '0');
INSERT INTO `sys_dict` VALUES ('34', '', '1', 'sys_user_type', '', '10', null, '0');
INSERT INTO `sys_dict` VALUES ('35', '', '2', 'sys_user_type', '', '20', null, '0');
INSERT INTO `sys_dict` VALUES ('36', '', '3', 'sys_user_type', '', '30', null, '0');
INSERT INTO `sys_dict` VALUES ('37', '', 'basic', 'cms_theme', '', '10', null, '0');
INSERT INTO `sys_dict` VALUES ('38', '', 'blue', 'cms_theme', '', '20', null, '1');
INSERT INTO `sys_dict` VALUES ('39', '', 'red', 'cms_theme', '', '30', null, '1');
INSERT INTO `sys_dict` VALUES ('3edb970d26414713b2185c6a0b347a71', 'test', 'test', 'test', 'test', '1', null, '1');
INSERT INTO `sys_dict` VALUES ('4', '', '0', 'show_hide', '/', '20', null, '0');
INSERT INTO `sys_dict` VALUES ('40', '', 'article', 'cms_module', '', '10', null, '0');
INSERT INTO `sys_dict` VALUES ('41', '', 'picture', 'cms_module', '', '20', null, '1');
INSERT INTO `sys_dict` VALUES ('42', '', 'download', 'cms_module', '', '30', null, '1');
INSERT INTO `sys_dict` VALUES ('43', '', 'link', 'cms_module', '', '40', null, '0');
INSERT INTO `sys_dict` VALUES ('44', '', 'special', 'cms_module', '', '50', null, '1');
INSERT INTO `sys_dict` VALUES ('45', '', '0', 'cms_show_modes', '', '10', null, '0');
INSERT INTO `sys_dict` VALUES ('46', '', '1', 'cms_show_modes', '', '20', null, '0');
INSERT INTO `sys_dict` VALUES ('47', '', '2', 'cms_show_modes', '', '30', null, '0');
INSERT INTO `sys_dict` VALUES ('4776d388525d49f88259dde586e4a014', 'test1', '1231', 'test1', 'test1', '1', null, '1');
INSERT INTO `sys_dict` VALUES ('48', '2', '0', 'cms_del_flag', '2', '15', null, '0');
INSERT INTO `sys_dict` VALUES ('49', '', '1', 'cms_del_flag', '', '20', null, '0');
INSERT INTO `sys_dict` VALUES ('5', '', '1', 'yes_no', '/', '10', null, '0');
INSERT INTO `sys_dict` VALUES ('50', '1', '2', 'cms_del_flag', '1', '14', null, '0');
INSERT INTO `sys_dict` VALUES ('51', '', '1', 'cms_posid', '', '10', null, '0');
INSERT INTO `sys_dict` VALUES ('52', '', '2', 'cms_posid', '', '20', null, '0');
INSERT INTO `sys_dict` VALUES ('53', '', '1', 'cms_guestbook', '', '10', null, '0');
INSERT INTO `sys_dict` VALUES ('54', '', '2', 'cms_guestbook', '', '20', null, '0');
INSERT INTO `sys_dict` VALUES ('55', '', '3', 'cms_guestbook', '', '30', null, '0');
INSERT INTO `sys_dict` VALUES ('56', '', '4', 'cms_guestbook', '', '40', null, '0');
INSERT INTO `sys_dict` VALUES ('57', '', '1', 'oa_leave_type', '', '10', null, '0');
INSERT INTO `sys_dict` VALUES ('58', '', '2', 'oa_leave_type', '', '20', null, '0');
INSERT INTO `sys_dict` VALUES ('59', '', '3', 'oa_leave_type', '', '30', null, '0');
INSERT INTO `sys_dict` VALUES ('5ab539dcd6924666973187b376e3aab2', '', '2', 'esign_seal_type', '', '20', null, '0');
INSERT INTO `sys_dict` VALUES ('6', '', '0', 'yes_no', '/', '20', null, '0');
INSERT INTO `sys_dict` VALUES ('60', '', '4', 'oa_leave_type', '', '40', null, '0');
INSERT INTO `sys_dict` VALUES ('61', '', '5', 'oa_leave_type', '', '60', null, '0');
INSERT INTO `sys_dict` VALUES ('62', '', '1', 'sys_log_type', '', '30', null, '0');
INSERT INTO `sys_dict` VALUES ('625a7663b79b4dff849e16da9e395edd', 'test_user2', 'test_user2', 'test_user', 'test_user2', '3', null, '1');
INSERT INTO `sys_dict` VALUES ('63', '', '2', 'sys_log_type', '', '40', null, '0');
INSERT INTO `sys_dict` VALUES ('64', '', 'single', 'prj_template_type', '', '10', null, '0');
INSERT INTO `sys_dict` VALUES ('65', 'entitydao', 'entityAndDao', 'prj_template_type', '', '20', null, '0');
INSERT INTO `sys_dict` VALUES ('7', '', 'red', 'color', '', '10', null, '0');
INSERT INTO `sys_dict` VALUES ('8', '', 'green', 'color', '', '20', null, '0');
INSERT INTO `sys_dict` VALUES ('850dde0ae436473e86cba2596a4513a1', 'test', 'test', 'test', 'test', '11', null, '1');
INSERT INTO `sys_dict` VALUES ('9', '', 'blue', 'color', '', '30', null, '0');
INSERT INTO `sys_dict` VALUES ('a2122007c7ba4c26b1e3c67f4da7ac2f', 'test', 'test', 'test', 'test', '1', null, '1');
INSERT INTO `sys_dict` VALUES ('b45ea42eccc04088beca1ebad9db78a2', '', 'test_user', 'test_user', '', '1', null, '1');
INSERT INTO `sys_dict` VALUES ('b9c61f7858ce4a5d87c0f33667340c98', 'test1', 'test1', 'test', 'test1', '2', null, '0');
INSERT INTO `sys_dict` VALUES ('bae2751e29f14c18b1f836ecbf814c81', 'test', '121', 'test', 'test1', '2', null, '1');
INSERT INTO `sys_dict` VALUES ('BHFUVYV9HH', '', '3', 'supplier_bank', '', '1', null, '0');
INSERT INTO `sys_dict` VALUES ('BMUWL87VLT', '10 - 50', '2', 'supplier_emploee_count', '', '2', null, '0');
INSERT INTO `sys_dict` VALUES ('C3PNEJSLJP', '1 - 10', '1', 'supplier_emploee_count', '', '2', null, '0');
INSERT INTO `sys_dict` VALUES ('c51b59d7de694d7db28dd479ab4b99de', 'test1', 'test1', 'test1', 'test1', '2', null, '1');
INSERT INTO `sys_dict` VALUES ('c8e0c5efa7844ae7abf466c9cb2d1a4d', 'u', 'test_user1', 'test_user', '1', '1', null, '1');
INSERT INTO `sys_dict` VALUES ('d7e3a194fede4d74bad573205ec8bda4', 'ttt', 'ttt', 'ttt', 'ttt', '1', null, '1');
INSERT INTO `sys_dict` VALUES ('DCGP4HZN6X', '', '1', 'supplier_office_nature', '', '1', null, '0');
INSERT INTO `sys_dict` VALUES ('dd131b40572d41b69880ff5213f96050', 'test', 'test', 'test', 'test', '1', null, '1');
INSERT INTO `sys_dict` VALUES ('DVWPEFGXJ8', '/', '2', 'supplier_business_type', '', '2', null, '0');
INSERT INTO `sys_dict` VALUES ('TF9Y3LV3L5', '', '2', 'supplier_office_nature', '', '2', null, '0');
INSERT INTO `sys_dict` VALUES ('URUER8YJLC', '', '1', 'supplier_bank', '', '1', null, '0');
INSERT INTO `sys_dict` VALUES ('WUM24EZ2R3', '', '1', 'supplier_business_type', '', '2', null, '0');
INSERT INTO `sys_dict` VALUES ('Y99V8YQ7AS', '', '2', 'supplier_bank', '', '1', null, '0');

-- ----------------------------
-- Table structure for sys_file
-- ----------------------------
DROP TABLE IF EXISTS `sys_file`;
CREATE TABLE `sys_file` (
  `file_id` varchar(50) NOT NULL,
  `file_name` varchar(100) DEFAULT NULL,
  `file_type` varchar(20) DEFAULT NULL,
  `save_path` varchar(200) DEFAULT NULL,
  `create_time` timestamp NULL DEFAULT NULL,
  `last_update_time` timestamp NULL DEFAULT NULL,
  `url` varchar(200) DEFAULT NULL,
  `remark` varchar(200) DEFAULT NULL,
  `user_id` varchar(20) DEFAULT NULL,
  `content_type` varchar(50) DEFAULT NULL,
  PRIMARY KEY (`file_id`)
) ENGINE=InnoDB DEFAULT CHARSET=utf8;

-- ----------------------------
-- Records of sys_file
-- ----------------------------
INSERT INTO `sys_file` VALUES ('34d35a1fc2654214b8f0bbaa20e951b7', '', 'bmp', '2017\\05\\16\\f91f285c489d4906bd892063fdc835f4.zip', '2017-05-16 19:17:59', null, null, null, null, null);
INSERT INTO `sys_file` VALUES ('3af30510a3bd478990d6c869f8a5fe97', '2M', 'rar', '2017\\05\\16\\481e26fb6d044848a0ad1023473fc160.rar', '2017-05-16 19:21:15', null, null, null, '5749500575', null);
INSERT INTO `sys_file` VALUES ('3d8fa29ff0d0466b932e342d32f8b175', '5M', 'rar', '2017\\05\\16\\fb45839aeff44d56985352880b01d3fe.rar', '2017-05-16 19:22:04', null, null, null, '5749500575', null);
INSERT INTO `sys_file` VALUES ('4b98b39df7774c4e937df1eb1a7c5593', '2M', 'rar', '2017\\05\\16\\b2be68f232194938a416a80773ce7abd.rar', '2017-05-16 21:39:58', null, null, null, null, 'application/octet-stream');
INSERT INTO `sys_file` VALUES ('7c1243472ad2421cae20339283c49b80', '10M', 'rar', '2017\\05\\16\\01088b51ea2f420294514988a6843e6a.rar', '2017-05-16 19:22:09', null, null, null, '5749500575', null);
INSERT INTO `sys_file` VALUES ('7fc4a78e56e545898e84472275da5bf9', '5M', 'rar', '2017\\05\\16\\f37844d2b8fc4671a448d2e42db960a1.rar', '2017-05-16 19:21:42', null, null, null, '5749500575', null);
INSERT INTO `sys_file` VALUES ('a908ebd8bb5f41479bb7a6909938d29b', '30M', 'rar', '2017\\05\\16\\6688d882cf0048a9869110b44dc22b41.rar', '2017-05-16 19:22:19', null, null, null, '5749500575', null);
INSERT INTO `sys_file` VALUES ('bdbccde5195b4f2daeb86dad476c3756', '2M', 'rar', '2017\\05\\16\\8e94d00bf084499f81eedfdb35a2850c.rar', '2017-05-16 19:39:13', null, null, null, null, 'application/octet-stream');
INSERT INTO `sys_file` VALUES ('e32bbf78bc874c6aab0139b10e7b3396', '', 'bmp', '2017\\05\\16\\96e270224d23433f8f0720ec97c9ffd7.bmp', '2017-05-16 19:20:33', null, null, null, null, null);
INSERT INTO `sys_file` VALUES ('e3677b2a81e9402887246f3edd0b7f87', '', 'bmp', '2017\\05\\16\\667be6658c224894b9995cf755d760c1.bmp', '2017-05-16 19:37:35', null, null, null, '5749500575', 'image/bmp');
INSERT INTO `sys_file` VALUES ('e53cfbc42cad4b25855f3fc1f0131d00', '', 'bmp', '2017\\05\\16\\8881c2fc127746c2a7ae3d354a4a9510.zip', '2017-05-16 19:19:55', null, null, null, null, null);

-- ----------------------------
-- Table structure for sys_menu
-- ----------------------------
DROP TABLE IF EXISTS `sys_menu`;
CREATE TABLE `sys_menu` (
  `id` varchar(64) NOT NULL,
  `parent_id` varchar(64) DEFAULT NULL,
  `parent_ids` varchar(2000) DEFAULT NULL,
  `name` varchar(255) DEFAULT NULL,
  `href` varchar(255) DEFAULT NULL,
  `icon` varchar(100) DEFAULT NULL,
  `sort` int(11) DEFAULT NULL,
  `is_show` int(11) DEFAULT NULL,
  `permission` varchar(255) DEFAULT NULL,
  `del_flag` int(11) DEFAULT NULL,
  `remarks` varchar(200) DEFAULT NULL,
  PRIMARY KEY (`id`)
) ENGINE=InnoDB DEFAULT CHARSET=utf8;

-- ----------------------------
-- Records of sys_menu
-- ----------------------------
INSERT INTO `sys_menu` VALUES ('03543b49ebbe4fccb5b1e55298027ec2', 'f9f13acd9c6247788520a512f6d5b147', '0,1,60076411112b4dbe93d126ed9865621f,f9f13acd9c6247788520a512f6d5b147,', '', '/esign/seal/list', '', '30', '1', 'esign:seal:view', '1', '');
INSERT INTO `sys_menu` VALUES ('0f1bf417ebb34a88802319c379152622', '60076411112b4dbe93d126ed9865621f', '0,1,60076411112b4dbe93d126ed9865621f,', '123123', '123123', 'fa fa-american-sign-language-interpreting', '11', '1', '1233', '1', '');
INSERT INTO `sys_menu` VALUES ('1', '0', '0,', '', '', '', '0', '1', '', '0', '');
INSERT INTO `sys_menu` VALUES ('10', '3', '0,1,2,3,', '', '/system/dict', 'fa fa-book', '1', '1', '', '0', '');
INSERT INTO `sys_menu` VALUES ('11', '10', '0,1,2,3,10,', '', '', '', '30', '0', 'sys:dict:view', '0', '');
INSERT INTO `sys_menu` VALUES ('12', '10', '0,1,2,3,10,', '', '', '', '30', '0', 'sys:dict:edit', '0', '');
INSERT INTO `sys_menu` VALUES ('13', '2', '0,1,2,', '', '', 'fa fa-user', '2', '1', '', '0', '');
INSERT INTO `sys_menu` VALUES ('13d3119a9d', '6cff3118a9', '0,1,7c5e610086,6cff3118a9,', '', '/user/supplier/blacklist', '', '0', '1', '', '1', '');
INSERT INTO `sys_menu` VALUES ('14', '3', '0,1,2,3,', '', '/system/area/', 'fa fa-globe', '2', '1', '', '0', '');
INSERT INTO `sys_menu` VALUES ('15', '14', '0,1,2,3,14,', '', '', '', '30', '0', 'sys:area:view', '0', '');
INSERT INTO `sys_menu` VALUES ('16', '14', '0,1,2,3,14,', '', '', '', '30', '0', 'sys:area:edit', '0', '');
INSERT INTO `sys_menu` VALUES ('17', '13', '0,1,2,13,', '', '/system/office/', 'fa fa-users', '1', '1', '', '0', '');
INSERT INTO `sys_menu` VALUES ('18', '17', '0,1,2,13,17,', '', '', '', '30', '0', 'sys:office:view', '0', '');
INSERT INTO `sys_menu` VALUES ('19', '17', '0,1,2,13,17,', '', '', '', '30', '0', 'sys:office:edit', '0', '');
INSERT INTO `sys_menu` VALUES ('1c3987d505', '27', '0,1,27,', '', '', '', '1', '1', '', '1', '');
INSERT INTO `sys_menu` VALUES ('1c61dc1fa7', '3', '0,1,2,3,', '', '/system/notice', 'fa fa-map-o', '3', '1', '', '1', '');
INSERT INTO `sys_menu` VALUES ('2', '1', '0,1,', '', '', 'fa fa-gear', '2', '1', '', '0', '');
INSERT INTO `sys_menu` VALUES ('20', '13', '0,1,2,13,', '', '/system/user/', 'fa fa-user', '2', '1', '', '0', '');
INSERT INTO `sys_menu` VALUES ('21', '20', '0,1,2,13,20,', '', '', '', '30', '0', 'sys:user:view', '0', '');
INSERT INTO `sys_menu` VALUES ('22', '20', '0,1,2,13,20,', '', '', '', '30', '0', 'sys:user:edit', '0', '');
INSERT INTO `sys_menu` VALUES ('23', '2', '0,1,2,', '', '', 'fa fa-question-circle-o', '4', '1', '', '0', '');
INSERT INTO `sys_menu` VALUES ('24', '23', '0,1,2,23,', '', 'https://github.com/lcw2004/one', '', '1', '1', '', '0', '333');
INSERT INTO `sys_menu` VALUES ('25', '23', '0,1,2,23,', '', 'http://jeesite.com/donation.html', '', '50', '1', '', '1', '');
INSERT INTO `sys_menu` VALUES ('252ecfdfba', '78', '0,1,76,77,78,', '1', '1', '', '0', '1', '', '1', '');
INSERT INTO `sys_menu` VALUES ('26', '23', '0,1,2,23,', '', 'http://bbs.jeesite.com', '', '80', '1', '', '1', '');
INSERT INTO `sys_menu` VALUES ('27', '1', '0,1,', '', '', '', '1', '1', '', '0', '');
INSERT INTO `sys_menu` VALUES ('28', '27', '0,1,27,', '', '', '', '1', '1', '', '0', '');
INSERT INTO `sys_menu` VALUES ('286aa89bd5ac4f82a1d4035566a3316d', '60076411112b4dbe93d126ed9865621f', '0,1,60076411112b4dbe93d126ed9865621f,', 'ce', 'ce', '', '1', '1', '', '1', '');
INSERT INTO `sys_menu` VALUES ('29', '28', '0,1,27,28,', '', '/personal/user-info', 'fa fa-user', '1', '1', '', '0', '');
INSERT INTO `sys_menu` VALUES ('2a41260e4a', '68fc127343', '0,1,7c5e610086,68fc127343,', '', '/user/expert/manage', '', '0', '1', '', '1', '');
INSERT INTO `sys_menu` VALUES ('2bf25dcf7dd6455ea4af547b015f7784', '1', '0,1,', 'test', 'test', 'test', '1', '1', 'test', '1', '');
INSERT INTO `sys_menu` VALUES ('3', '2', '0,1,2,', '', '', 'fa fa-cog', '1', '1', '', '0', '');
INSERT INTO `sys_menu` VALUES ('30', '28', '0,1,27,28,', '', '/personal/password', 'fa fa-asterisk', '2', '1', '', '0', '');
INSERT INTO `sys_menu` VALUES ('31', '1', '0,1,', '', '', '', '500', '1', '', '1', '');
INSERT INTO `sys_menu` VALUES ('318c049c8ba0415194623c851bebd612', '27', '0,1,27,', 'test', 'test', 'test', '1', '1', 'test', '1', '');
INSERT INTO `sys_menu` VALUES ('32', '31', '0,1,31,', '', '', '', '990', '1', '', '1', '');
INSERT INTO `sys_menu` VALUES ('32df3d86a3', '3', '0,1,2,3,', '', '/system/purchaseType', 'fa fa-cog', '1', '1', '', '1', '');
INSERT INTO `sys_menu` VALUES ('33', '32', '0,1,31,32,', '', '/cms/category/', 'align-justify', '30', '1', '', '1', '');
INSERT INTO `sys_menu` VALUES ('34', '33', '0,1,31,32,33,', '', '', '', '30', '0', 'cms:category:view', '1', '');
INSERT INTO `sys_menu` VALUES ('341c52aacbb446189475da029dff106f', '60076411112b4dbe93d126ed9865621f', '0,1,60076411112b4dbe93d126ed9865621f,', '123', '123', '', '123', '1', '123', '1', '');
INSERT INTO `sys_menu` VALUES ('35', '33', '0,1,31,32,33,', '', '', '', '30', '0', 'cms:category:edit', '1', '');
INSERT INTO `sys_menu` VALUES ('36', '32', '0,1,31,32,', '', '/cms/site/', 'certificate', '40', '1', '', '1', '');
INSERT INTO `sys_menu` VALUES ('37', '36', '0,1,31,32,36,', '', '', '', '30', '0', 'cms:site:view', '1', '');
INSERT INTO `sys_menu` VALUES ('38', '36', '0,1,31,32,36,', '', '', '', '30', '0', 'cms:site:edit', '1', '');
INSERT INTO `sys_menu` VALUES ('39', '32', '0,1,31,32,', '', '/cms/site/select', 'retweet', '50', '1', 'cms:site:select', '1', '');
INSERT INTO `sys_menu` VALUES ('3d33c15c65', '78', '0,1,76,77,78,', '3', '3', '', '2', '1', '3', '1', '3');
INSERT INTO `sys_menu` VALUES ('3f4102309ffb4b21b8819bb68411ea29', '56d07f16fc324de98cb6dbe7e3fa1b41', '0,1,60076411112b4dbe93d126ed9865621f,f9f13acd9c6247788520a512f6d5b147,56d07f16fc324de98cb6dbe7e3fa1b41,', '', '123', '123', '31', '0', 'esign:seal:edit', '1', '');
INSERT INTO `sys_menu` VALUES ('4', '3', '0,1,2,3,', '', '/system/menu', 'fa fa-reorder', '3', '1', '', '0', '');
INSERT INTO `sys_menu` VALUES ('40', '31', '0,1,31,', '', '', '', '500', '1', 'cms:view', '1', '');
INSERT INTO `sys_menu` VALUES ('41', '40', '0,1,31,40,', '', '/cms/', 'briefcase', '30', '1', '', '1', '');
INSERT INTO `sys_menu` VALUES ('42', '41', '0,1,31,40,41,', '', '/cms/article/', 'file', '40', '0', '', '1', '');
INSERT INTO `sys_menu` VALUES ('43', '42', '0,1,31,40,41,42,', '', '', '', '30', '0', 'cms:article:view', '1', '');
INSERT INTO `sys_menu` VALUES ('44', '42', '0,1,31,40,41,42,', '', '', '', '30', '0', 'cms:article:edit', '1', '');
INSERT INTO `sys_menu` VALUES ('447324563e3b42909b55c7ef09ade6e6', 'f3a5bd24a58a4d6c88fab8d777f30775', '0,1,60076411112b4dbe93d126ed9865621f,f3a5bd24a58a4d6c88fab8d777f30775,', '123', '123', '', '1', '1', '', '1', '');
INSERT INTO `sys_menu` VALUES ('44b175530d', '1c3987d505', '0,1,27,1c3987d505,', '', '/task/todo', '', '1', '1', '', '1', '');
INSERT INTO `sys_menu` VALUES ('45', '42', '0,1,31,40,41,42,', '', '', '', '30', '0', 'cms:article:audit', '1', '');
INSERT INTO `sys_menu` VALUES ('46', '41', '0,1,31,40,41,', '', '/cms/link/', 'random', '60', '0', '', '1', '');
INSERT INTO `sys_menu` VALUES ('47', '46', '0,1,31,40,41,46,', '', '', '', '30', '0', 'cms:link:view', '1', '');
INSERT INTO `sys_menu` VALUES ('48', '46', '0,1,31,40,41,46,', '', '', '', '30', '0', 'cms:link:edit', '1', '');
INSERT INTO `sys_menu` VALUES ('482c5bef18', '3', '0,1,2,3,', '', '/system/setting', 'fa fa-credit-card-alt', '5', '1', '', '1', '');
INSERT INTO `sys_menu` VALUES ('49', '46', '0,1,31,40,41,46,', '', '', '', '30', '0', 'cms:link:audit', '1', '');
INSERT INTO `sys_menu` VALUES ('4a6856890a0c49b7ac197561668b951a', '341c52aacbb446189475da029dff106f', '0,1,60076411112b4dbe93d126ed9865621f,341c52aacbb446189475da029dff106f,', '12344', '12344', '', '12344', '1', '12344', '1', '');
INSERT INTO `sys_menu` VALUES ('5', '4', '0,1,2,3,4,', '', '', '', '30', '0', 'sys:menu:view', '0', '');
INSERT INTO `sys_menu` VALUES ('50', '40', '0,1,31,40,', '', '/cms/comment/?status=2', 'comment', '40', '1', '', '1', '');
INSERT INTO `sys_menu` VALUES ('51', '50', '0,1,31,40,50,', '', '', '', '30', '0', 'cms:comment:view', '1', '');
INSERT INTO `sys_menu` VALUES ('51bf175043c5439b93d242090712742e', '4a6856890a0c49b7ac197561668b951a', '0,1,60076411112b4dbe93d126ed9865621f,341c52aacbb446189475da029dff106f,4a6856890a0c49b7ac197561668b951a,', '1', '1', '', '1', '1', '1', '1', '');
INSERT INTO `sys_menu` VALUES ('52', '50', '0,1,31,40,50,', '', '', '', '30', '0', 'cms:comment:edit', '1', '');
INSERT INTO `sys_menu` VALUES ('53', '40', '0,1,31,40,', '', '/cms/guestbook/?status=2', 'glass', '80', '1', '', '1', '');
INSERT INTO `sys_menu` VALUES ('54', '53', '0,1,31,40,53,', '', '', '', '30', '0', 'cms:guestbook:view', '1', '');
INSERT INTO `sys_menu` VALUES ('55', '53', '0,1,31,40,53,', '', '', '', '30', '0', 'cms:guestbook:edit', '1', '');
INSERT INTO `sys_menu` VALUES ('56', '40', '0,1,31,40,', '', '/../static/ckfinder/ckfinder.html', 'folder-open', '90', '1', '', '1', '');
INSERT INTO `sys_menu` VALUES ('56d07f16fc324de98cb6dbe7e3fa1b41', 'f9f13acd9c6247788520a512f6d5b147', '0,1,60076411112b4dbe93d126ed9865621f,f9f13acd9c6247788520a512f6d5b147,', '', '/esign/seal/form', '', '30', '1', 'esign:seal:edit', '1', '');
INSERT INTO `sys_menu` VALUES ('57', '56', '0,1,31,40,56,', '', '', '', '30', '0', 'cms:ckfinder:view', '1', '');
INSERT INTO `sys_menu` VALUES ('58', '56', '0,1,31,40,56,', '', '', '', '30', '0', 'cms:ckfinder:upload', '1', '');
INSERT INTO `sys_menu` VALUES ('59', '56', '0,1,31,40,56,', '', '', '', '30', '0', 'cms:ckfinder:edit', '1', '');
INSERT INTO `sys_menu` VALUES ('6', '4', '0,1,2,3,4,', '', '', '', '30', '0', 'sys:menu:edit', '0', '');
INSERT INTO `sys_menu` VALUES ('60', '31', '0,1,31,', '', '', '', '600', '1', '', '1', '');
INSERT INTO `sys_menu` VALUES ('60076411112b4dbe93d126ed9865621f', '1', '0,1,', '', '', '', '30', '1', '', '1', '');
INSERT INTO `sys_menu` VALUES ('60c42688c0d44dfa9817cbec2ee9695d', '60076411112b4dbe93d126ed9865621f', '0,1,60076411112b4dbe93d126ed9865621f,', '12345', '', '', '30', '1', '', '1', '');
INSERT INTO `sys_menu` VALUES ('61', '60', '0,1,31,60,', '', '/cms/stats/article', 'tasks', '30', '1', 'cms:stats:article', '1', '');
INSERT INTO `sys_menu` VALUES ('62', '1', '0,1,', '', '', '', '200', '1', '', '1', '');
INSERT INTO `sys_menu` VALUES ('63', '62', '0,1,62,', '', '', '', '30', '1', '', '1', '');
INSERT INTO `sys_menu` VALUES ('64', '63', '0,1,62,63,', '', '/oa/leave', 'leaf', '30', '1', '', '1', '');
INSERT INTO `sys_menu` VALUES ('65', '64', '0,1,62,63,64,', '', '', '', '30', '0', 'oa:leave:view', '1', '');
INSERT INTO `sys_menu` VALUES ('66', '64', '0,1,62,63,64,', '', '', '', '40', '0', 'oa:leave:edit', '1', '');
INSERT INTO `sys_menu` VALUES ('664aabf317', '28', '0,1,27,28,', '', '/personal/office-info', '', '1', '1', '', '1', '');
INSERT INTO `sys_menu` VALUES ('67', '2', '0,1,2,', '', '', 'fa fa-newspaper-o', '3', '1', '', '0', '');
INSERT INTO `sys_menu` VALUES ('68', '67', '0,1,2,67,', '', '/system/log', 'fa fa-newspaper-o', '1', '1', 'sys:log:view', '0', '');
INSERT INTO `sys_menu` VALUES ('68ece5978986451cabde1013b9ddad30', '27', '0,1,27,', 'test', 'test', 'test', '1', '1', 'test', '1', '');
INSERT INTO `sys_menu` VALUES ('68fc127343', '7c5e610086', '0,1,7c5e610086,', '', '', '', '0', '1', '', '1', '');
INSERT INTO `sys_menu` VALUES ('69', '2', '0,1,2,', '', '', '', '983', '1', '', '1', '');
INSERT INTO `sys_menu` VALUES ('69d3b2438c79417c8679578c958ed508', '27', '0,1,27,', 'test', 'test', 'test', '1', '1', 'test', '1', '');
INSERT INTO `sys_menu` VALUES ('6a06cc8656', '6cff3118a9', '0,1,7c5e610086,6cff3118a9,', '', '/user/supplier/purchase-audit', '', '0', '1', '', '1', '');
INSERT INTO `sys_menu` VALUES ('6cff3118a9', '7c5e610086', '0,1,7c5e610086,', '', '', '', '0', '1', '', '1', '');
INSERT INTO `sys_menu` VALUES ('6efa109c17db4314b80c7adf26d2f13b', 'f3a5bd24a58a4d6c88fab8d777f30775', '0,1,60076411112b4dbe93d126ed9865621f,f3a5bd24a58a4d6c88fab8d777f30775,', '', '/esign/signlog/list', '', '30', '1', 'esign:signlog:view', '1', '');
INSERT INTO `sys_menu` VALUES ('7', '3', '0,1,2,3,', '', '/system/role', 'fa fa-child', '4', '1', '', '0', '');
INSERT INTO `sys_menu` VALUES ('70', '69', '0,1,2,69,', '', '/sys/workflow/processList', 'road', '300', '1', 'sys:workflow:edit', '1', '');
INSERT INTO `sys_menu` VALUES ('71', '64', '0,1,62,63,64,', '', '', '', '50', '0', 'oa:leave:deptLeaderAudit', '1', '');
INSERT INTO `sys_menu` VALUES ('72', '64', '0,1,62,63,64,', '', '', '', '60', '0', 'oa:leave:hrAudit', '1', '');
INSERT INTO `sys_menu` VALUES ('72bccbf103bd48e3ab4a1fbd3136e984', '03543b49ebbe4fccb5b1e55298027ec2', '0,1,60076411112b4dbe93d126ed9865621f,f9f13acd9c6247788520a512f6d5b147,03543b49ebbe4fccb5b1e55298027ec2,', '', '', '', '30', '0', '', '1', '');
INSERT INTO `sys_menu` VALUES ('73', '32', '0,1,31,32', '', '/cms/template', 'pencil', '40', '1', '', '1', '');
INSERT INTO `sys_menu` VALUES ('74', '73', '0,1,31,32,73,', '', '', '', '30', '0', 'cms:template:view', '1', '');
INSERT INTO `sys_menu` VALUES ('75', '73', '0,1,31,32,73,', '', '', '', '30', '0', 'cms:template:edit', '1', '');
INSERT INTO `sys_menu` VALUES ('76', '1', '0,1,', '', '', '', '1000', '1', '', '1', '');
INSERT INTO `sys_menu` VALUES ('77', '76', '0,1,76,', '', '', '', '30', '1', '', '1', '');
INSERT INTO `sys_menu` VALUES ('78', '77', '0,1,76,77,', '', '/prj/project/', 'globe', '30', '1', '', '1', '');
INSERT INTO `sys_menu` VALUES ('79', '78', '0,1,76,77,78,', '', '', '', '30', '0', 'prj:project:view', '1', '');
INSERT INTO `sys_menu` VALUES ('7c5e610086', '1', '0,1,', '', '', '', '3', '1', '', '1', '');
INSERT INTO `sys_menu` VALUES ('7dfbfee854', '3', '0,1,2,3,', '', '/system/professionType', 'fa fa-cog', '2', '1', '', '1', '');
INSERT INTO `sys_menu` VALUES ('8', '7', '0,1,2,3,7,', '', '', '', '30', '0', 'sys:role:view', '0', '');
INSERT INTO `sys_menu` VALUES ('80', '78', '0,1,76,77,78,', '', '', '', '40', '0', 'prj:project:edit', '1', '');
INSERT INTO `sys_menu` VALUES ('85bc175aac5a4b68b67e441a3839f7b9', '60076411112b4dbe93d126ed9865621f', '0,1,60076411112b4dbe93d126ed9865621f,', '2', '2', '2', '2', '1', '2', '1', '');
INSERT INTO `sys_menu` VALUES ('892986a2c5c342039b0b951dc2504015', 'f3a5bd24a58a4d6c88fab8d777f30775', '0,1,60076411112b4dbe93d126ed9865621f,f3a5bd24a58a4d6c88fab8d777f30775,', '234', '234', '', '22', '1', '', '1', '');
INSERT INTO `sys_menu` VALUES ('9', '7', '0,1,2,3,7,', '', '', '', '30', '0', 'sys:role:edit', '0', '');
INSERT INTO `sys_menu` VALUES ('91e8eaf6-c6b1-4f1c-995d-7c1295f18527', '1', '0,1,', 'Swagger', '/swagger-ui.html', '', '3', '1', '', '0', 'Swagger ');
INSERT INTO `sys_menu` VALUES ('98ef6af5b6', '6cff3118a9', '0,1,7c5e610086,6cff3118a9,', '', '/user/supplier/manage', '', '0', '1', '', '1', '');
INSERT INTO `sys_menu` VALUES ('99137a21-9bc9-4808-a137-0cdca9697441', '1', '0,1,', '12322222', '12322222', '', '0', '1', '12322222', '1', '12322222');
INSERT INTO `sys_menu` VALUES ('9ab49ea28af04689aeb0018397a74650', '60076411112b4dbe93d126ed9865621f', '0,1,60076411112b4dbe93d126ed9865621f,', '123', '123', '123', '123', '0', '123', '1', '');
INSERT INTO `sys_menu` VALUES ('a2e8c9e87a444be9b00238e5fdb317f8', '17', '0,1,2,13,17,', '', '', '', '30', '0', 'sys:office:delete', '0', '');
INSERT INTO `sys_menu` VALUES ('ad7a8ca34e', '1c3987d505', '0,1,27,1c3987d505,', '', '/task/done', '', '2', '1', '', '1', '');
INSERT INTO `sys_menu` VALUES ('adc17a5d16', '6cff3118a9', '0,1,7c5e610086,6cff3118a9,', '', '/user/supplier/audit', '', '0', '1', '', '1', '');
INSERT INTO `sys_menu` VALUES ('b08cf3b87d794b49907357e8783f56fc', '60076411112b4dbe93d126ed9865621f', '0,1,60076411112b4dbe93d126ed9865621f,', '123', '123', '123', '123', '0', '123', '1', '');
INSERT INTO `sys_menu` VALUES ('b7f383368de742ae883d296e1533084d', '60076411112b4dbe93d126ed9865621f', '0,1,60076411112b4dbe93d126ed9865621f,', '123', '123', '123', '123', '0', '123', '1', '');
INSERT INTO `sys_menu` VALUES ('c4644eba6c', '3', '0,1,2,3,', '', '/system/room', 'fa fa-bank', '4', '1', '', '1', '');
INSERT INTO `sys_menu` VALUES ('c90b9d3a9eb449c7a81fa7dbb80a6b8f', null, 'nullnull,', '', '', '', '1', '1', '', '0', '');
INSERT INTO `sys_menu` VALUES ('d697a8cb6b8c4e15a1d095ac3df4f299', '27', '0,1,27,', 'test', 'test', 'test', '1', '1', 'test', '1', '');
INSERT INTO `sys_menu` VALUES ('d9c1dd3d2f874205b0e9e67e3014ecee', '60076411112b4dbe93d126ed9865621f', '0,1,60076411112b4dbe93d126ed9865621f,', '1', '', '', '30', '1', '', '1', '');
INSERT INTO `sys_menu` VALUES ('de586f6b4f584045820262c4b2eb4519', '341c52aacbb446189475da029dff106f', '0,1,60076411112b4dbe93d126ed9865621f,341c52aacbb446189475da029dff106f,', '1234', '1234', '', '1234', '1', '1234', '1', '');
INSERT INTO `sys_menu` VALUES ('dfc523e954', '6cff3118a9', '0,1,7c5e610086,6cff3118a9,', '', '/user/supplier/questionnaire', '', '0', '1', '', '1', '');
INSERT INTO `sys_menu` VALUES ('e29fdbff526d45dcaecab4489a79264b', '14', '0,1,2,3,14,', '', '', '', '3', '0', 'sys:area:delete', '0', '');
INSERT INTO `sys_menu` VALUES ('ec347ab221', '6cff3118a9', '0,1,7c5e610086,6cff3118a9,', '', '/user/supplier/level', '', '0', '1', '', '1', '');
INSERT INTO `sys_menu` VALUES ('ef2331fc79', '78', '0,1,76,77,78,', '2', '2', '', '1', '1', '2', '1', '2');
INSERT INTO `sys_menu` VALUES ('f13419c5ab3848bab83e69fba5aa264b', '20', '0,1,2,13,20,', '', '', '', '30', '1', 'sys:user:delete', '0', '');
INSERT INTO `sys_menu` VALUES ('f3a5bd24a58a4d6c88fab8d777f30775', '60076411112b4dbe93d126ed9865621f', '0,1,60076411112b4dbe93d126ed9865621f,', '', '', '', '30', '1', '', '1', '');
INSERT INTO `sys_menu` VALUES ('f9f13acd9c6247788520a512f6d5b147', '60076411112b4dbe93d126ed9865621f', '0,1,60076411112b4dbe93d126ed9865621f,', '', '', '', '30', '1', '', '1', '');

-- ----------------------------
-- Table structure for sys_office
-- ----------------------------
DROP TABLE IF EXISTS `sys_office`;
CREATE TABLE `sys_office` (
  `id` varchar(64) NOT NULL,
  `area_id` varchar(10) DEFAULT NULL,
  `parent_id` varchar(64) DEFAULT NULL,
  `parent_ids` varchar(2000) DEFAULT NULL,
  `code` varchar(100) DEFAULT NULL,
  `name` varchar(100) DEFAULT NULL,
  `type` int(11) DEFAULT NULL,
  `del_flag` int(11) DEFAULT NULL,
  `address` varchar(255) DEFAULT NULL,
  `zip_code` varchar(10) DEFAULT NULL,
  `master_id` varchar(10) DEFAULT NULL,
  `level` int(11) DEFAULT NULL,
  `phone` varchar(15) DEFAULT NULL,
  `fax` varchar(15) DEFAULT NULL,
  `email` varchar(100) DEFAULT NULL,
  `remarks` varchar(200) DEFAULT NULL,
  PRIMARY KEY (`id`)
) ENGINE=InnoDB DEFAULT CHARSET=utf8;

-- ----------------------------
-- Records of sys_office
-- ----------------------------
INSERT INTO `sys_office` VALUES ('1', '2', '0', '0,', '100000', '', '1', '0', null, null, null, null, null, null, null, null);
INSERT INTO `sys_office` VALUES ('10', '8', '7', '0,1,7,', '200003', '', '2', '0', null, null, null, null, null, null, null, null);
INSERT INTO `sys_office` VALUES ('11', '8', '7', '0,1,7,', '200004', '', '2', '0', null, null, null, null, null, null, null, null);
INSERT INTO `sys_office` VALUES ('12', '9', '7', '0,1,7,', '201000', '', '1', '0', null, null, null, null, null, null, null, null);
INSERT INTO `sys_office` VALUES ('13', '9', '12', '0,1,7,12,', '201001', '', '2', '0', null, null, null, null, null, null, null, null);
INSERT INTO `sys_office` VALUES ('14', '9', '12', '0,1,7,12,', '201002', '', '2', '0', null, null, null, null, null, null, null, null);
INSERT INTO `sys_office` VALUES ('15', '9', '12', '0,1,7,12,', '201003', '', '2', '0', null, null, null, null, null, null, null, null);
INSERT INTO `sys_office` VALUES ('16', '9', '12', '0,1,7,12,', '201004', '', '2', '0', null, null, null, null, null, null, null, null);
INSERT INTO `sys_office` VALUES ('17', '11', '12', '0,1,7,12,', '2010101', '1', '1', '0', '11', '22', null, null, '43', '54', '65', '76');
INSERT INTO `sys_office` VALUES ('18', '11', '17', '0,1,7,12,17,', '201011', '', '2', '0', null, null, null, null, null, null, null, null);
INSERT INTO `sys_office` VALUES ('19', '11', '17', '0,1,7,12,17,', '201012', '', '2', '0', null, null, null, null, null, null, null, null);
INSERT INTO `sys_office` VALUES ('2', '2', '1', '0,1,', '100001', '', '1', '0', '1', '2', null, null, null, null, null, null);
INSERT INTO `sys_office` VALUES ('20', '11', '17', '0,1,7,12,17,', '201013', '', '2', '0', null, null, null, null, null, null, null, null);
INSERT INTO `sys_office` VALUES ('21', '11', '17', '0,1,7,12,17,', '201014', '', '2', '0', null, null, null, null, null, null, null, null);
INSERT INTO `sys_office` VALUES ('22', '12', '12', '0,1,7,12,', '201020', '', '1', '0', null, null, null, null, null, null, null, null);
INSERT INTO `sys_office` VALUES ('23', '12', '22', '0,1,7,12,22,', '201021', '', '2', '0', null, null, null, null, null, null, null, null);
INSERT INTO `sys_office` VALUES ('24', '12', '22', '0,1,7,12,22,', '201022', '', '2', '0', null, null, null, null, null, null, null, null);
INSERT INTO `sys_office` VALUES ('25', '12', '22', '0,1,7,12,22,', '201023', '', '2', '0', null, null, null, null, null, null, null, null);
INSERT INTO `sys_office` VALUES ('26', '12', '22', '0,1,7,12,22,', '201024', '', '2', '1', null, null, null, null, null, null, null, null);
INSERT INTO `sys_office` VALUES ('3', '2', '1', '0,1,', '100002', '', '2', '0', null, null, null, null, null, null, null, null);
INSERT INTO `sys_office` VALUES ('4', '2', '1', '0,1,', '100003', '', '2', '0', null, null, null, null, null, null, null, null);
INSERT INTO `sys_office` VALUES ('5', '2', '1', '0,1,', '100004', '', '2', '0', null, null, null, null, null, null, null, null);
INSERT INTO `sys_office` VALUES ('5a45032753', '7', '9', '0,1,7,9,', '111111', '1', '1', '0', '1', '2', null, null, '3', '4', '5', '6');
INSERT INTO `sys_office` VALUES ('6', '2', '1', '0,1,', '100005', '', '2', '0', null, null, null, null, null, null, null, null);
INSERT INTO `sys_office` VALUES ('6671f053-4', null, '9', '0,1,7,9,', '1111111111', '111', '1', '1', '1', '2', null, null, '3', '4', '5', '6');
INSERT INTO `sys_office` VALUES ('7', '8', '1', '0,1,', '200000', '', '1', '0', null, null, null, null, null, null, null, null);
INSERT INTO `sys_office` VALUES ('7dc2461f0f9b4e4bb37824ca331b0b9a', '3', '12', '0,1,7,12,', '123', '123', '2', '1', '123', '123', null, null, null, null, null, null);
INSERT INTO `sys_office` VALUES ('8', '8', '7', '0,1,7,', '200001', '', '2', '0', null, null, null, null, null, null, null, null);
INSERT INTO `sys_office` VALUES ('9', '8', '7', '0,1,7,', '200002', '', '2', '0', null, null, null, null, null, null, null, null);
INSERT INTO `sys_office` VALUES ('96f63ff396cf4e1cb3a98c4e1faa5149', '2', '1', '0,1,', '1234', '1234', '1', '1', '12314', '12312', null, null, null, null, null, null);

-- ----------------------------
-- Table structure for sys_org_role
-- ----------------------------
DROP TABLE IF EXISTS `sys_org_role`;
CREATE TABLE `sys_org_role` (
  `office_id` varchar(64) NOT NULL,
  `role_id` varchar(64) NOT NULL,
  PRIMARY KEY (`office_id`,`role_id`)
) ENGINE=InnoDB DEFAULT CHARSET=utf8;

-- ----------------------------
-- Records of sys_org_role
-- ----------------------------

-- ----------------------------
-- Table structure for sys_role
-- ----------------------------
DROP TABLE IF EXISTS `sys_role`;
CREATE TABLE `sys_role` (
  `id` varchar(64) NOT NULL,
  `name` varchar(100) DEFAULT NULL,
  `data_scope` int(11) DEFAULT NULL,
  `remarks` varchar(255) DEFAULT NULL,
  `del_flag` int(11) DEFAULT NULL,
  `is_default` int(11) DEFAULT NULL,
  PRIMARY KEY (`id`)
) ENGINE=InnoDB DEFAULT CHARSET=utf8;

-- ----------------------------
-- Records of sys_role
-- ----------------------------
INSERT INTO `sys_role` VALUES ('1', '', '1', '222', '0', '1');
INSERT INTO `sys_role` VALUES ('20', '', '8', '', '0', '1');
INSERT INTO `sys_role` VALUES ('30', '', '8', '', '0', '1');
INSERT INTO `sys_role` VALUES ('PEN6WCTJJE', '', '1', '', '1', '0');

-- ----------------------------
-- Table structure for sys_role_menu
-- ----------------------------
DROP TABLE IF EXISTS `sys_role_menu`;
CREATE TABLE `sys_role_menu` (
  `menu_id` varchar(64) NOT NULL,
  `role_id` varchar(64) NOT NULL,
  PRIMARY KEY (`menu_id`,`role_id`)
) ENGINE=InnoDB DEFAULT CHARSET=utf8;

-- ----------------------------
-- Records of sys_role_menu
-- ----------------------------
INSERT INTO `sys_role_menu` VALUES ('1', '1');
INSERT INTO `sys_role_menu` VALUES ('1', 'PEN6WCTJJE');
INSERT INTO `sys_role_menu` VALUES ('10', '1');
INSERT INTO `sys_role_menu` VALUES ('10', 'PEN6WCTJJE');
INSERT INTO `sys_role_menu` VALUES ('11', '1');
INSERT INTO `sys_role_menu` VALUES ('11', 'PEN6WCTJJE');
INSERT INTO `sys_role_menu` VALUES ('12', '1');
INSERT INTO `sys_role_menu` VALUES ('12', 'PEN6WCTJJE');
INSERT INTO `sys_role_menu` VALUES ('13', '1');
INSERT INTO `sys_role_menu` VALUES ('13', 'PEN6WCTJJE');
INSERT INTO `sys_role_menu` VALUES ('13d3119a9d', 'PEN6WCTJJE');
INSERT INTO `sys_role_menu` VALUES ('14', '1');
INSERT INTO `sys_role_menu` VALUES ('14', 'PEN6WCTJJE');
INSERT INTO `sys_role_menu` VALUES ('15', '1');
INSERT INTO `sys_role_menu` VALUES ('15', 'PEN6WCTJJE');
INSERT INTO `sys_role_menu` VALUES ('16', '1');
INSERT INTO `sys_role_menu` VALUES ('16', 'PEN6WCTJJE');
INSERT INTO `sys_role_menu` VALUES ('17', '1');
INSERT INTO `sys_role_menu` VALUES ('17', 'PEN6WCTJJE');
INSERT INTO `sys_role_menu` VALUES ('18', '1');
INSERT INTO `sys_role_menu` VALUES ('18', 'PEN6WCTJJE');
INSERT INTO `sys_role_menu` VALUES ('19', '1');
INSERT INTO `sys_role_menu` VALUES ('19', 'PEN6WCTJJE');
INSERT INTO `sys_role_menu` VALUES ('1c3987d505', '1');
INSERT INTO `sys_role_menu` VALUES ('1c61dc1fa7', '1');
INSERT INTO `sys_role_menu` VALUES ('1c61dc1fa7', 'PEN6WCTJJE');
INSERT INTO `sys_role_menu` VALUES ('2', '1');
INSERT INTO `sys_role_menu` VALUES ('2', 'PEN6WCTJJE');
INSERT INTO `sys_role_menu` VALUES ('20', '1');
INSERT INTO `sys_role_menu` VALUES ('20', 'PEN6WCTJJE');
INSERT INTO `sys_role_menu` VALUES ('21', '1');
INSERT INTO `sys_role_menu` VALUES ('21', 'PEN6WCTJJE');
INSERT INTO `sys_role_menu` VALUES ('22', '1');
INSERT INTO `sys_role_menu` VALUES ('22', 'PEN6WCTJJE');
INSERT INTO `sys_role_menu` VALUES ('23', '1');
INSERT INTO `sys_role_menu` VALUES ('23', 'PEN6WCTJJE');
INSERT INTO `sys_role_menu` VALUES ('24', '1');
INSERT INTO `sys_role_menu` VALUES ('24', 'PEN6WCTJJE');
INSERT INTO `sys_role_menu` VALUES ('25', '1');
INSERT INTO `sys_role_menu` VALUES ('25', 'PEN6WCTJJE');
INSERT INTO `sys_role_menu` VALUES ('252ecfdfba', 'PEN6WCTJJE');
INSERT INTO `sys_role_menu` VALUES ('26', '1');
INSERT INTO `sys_role_menu` VALUES ('26', 'PEN6WCTJJE');
INSERT INTO `sys_role_menu` VALUES ('27', '1');
INSERT INTO `sys_role_menu` VALUES ('27', '20');
INSERT INTO `sys_role_menu` VALUES ('27', '30');
INSERT INTO `sys_role_menu` VALUES ('27', 'PEN6WCTJJE');
INSERT INTO `sys_role_menu` VALUES ('28', '1');
INSERT INTO `sys_role_menu` VALUES ('28', '20');
INSERT INTO `sys_role_menu` VALUES ('28', '30');
INSERT INTO `sys_role_menu` VALUES ('28', 'PEN6WCTJJE');
INSERT INTO `sys_role_menu` VALUES ('29', '1');
INSERT INTO `sys_role_menu` VALUES ('29', '20');
INSERT INTO `sys_role_menu` VALUES ('29', '30');
INSERT INTO `sys_role_menu` VALUES ('29', 'PEN6WCTJJE');
INSERT INTO `sys_role_menu` VALUES ('2a41260e4a', '1');
INSERT INTO `sys_role_menu` VALUES ('2a41260e4a', 'PEN6WCTJJE');
INSERT INTO `sys_role_menu` VALUES ('3', '1');
INSERT INTO `sys_role_menu` VALUES ('3', 'PEN6WCTJJE');
INSERT INTO `sys_role_menu` VALUES ('30', '1');
INSERT INTO `sys_role_menu` VALUES ('30', '20');
INSERT INTO `sys_role_menu` VALUES ('30', '30');
INSERT INTO `sys_role_menu` VALUES ('30', 'PEN6WCTJJE');
INSERT INTO `sys_role_menu` VALUES ('32df3d86a3', '1');
INSERT INTO `sys_role_menu` VALUES ('32df3d86a3', 'PEN6WCTJJE');
INSERT INTO `sys_role_menu` VALUES ('3d33c15c65', 'PEN6WCTJJE');
INSERT INTO `sys_role_menu` VALUES ('4', '1');
INSERT INTO `sys_role_menu` VALUES ('4', 'PEN6WCTJJE');
INSERT INTO `sys_role_menu` VALUES ('44b175530d', '1');
INSERT INTO `sys_role_menu` VALUES ('482c5bef18', '1');
INSERT INTO `sys_role_menu` VALUES ('482c5bef18', 'PEN6WCTJJE');
INSERT INTO `sys_role_menu` VALUES ('5', '1');
INSERT INTO `sys_role_menu` VALUES ('5', 'PEN6WCTJJE');
INSERT INTO `sys_role_menu` VALUES ('6', '1');
INSERT INTO `sys_role_menu` VALUES ('6', 'PEN6WCTJJE');
INSERT INTO `sys_role_menu` VALUES ('664aabf317', '30');
INSERT INTO `sys_role_menu` VALUES ('67', '1');
INSERT INTO `sys_role_menu` VALUES ('67', 'PEN6WCTJJE');
INSERT INTO `sys_role_menu` VALUES ('68', '1');
INSERT INTO `sys_role_menu` VALUES ('68', 'PEN6WCTJJE');
INSERT INTO `sys_role_menu` VALUES ('68fc127343', '1');
INSERT INTO `sys_role_menu` VALUES ('68fc127343', 'PEN6WCTJJE');
INSERT INTO `sys_role_menu` VALUES ('6a06cc8656', '1');
INSERT INTO `sys_role_menu` VALUES ('6a06cc8656', 'PEN6WCTJJE');
INSERT INTO `sys_role_menu` VALUES ('6cff3118a9', '1');
INSERT INTO `sys_role_menu` VALUES ('6cff3118a9', 'PEN6WCTJJE');
INSERT INTO `sys_role_menu` VALUES ('7', '1');
INSERT INTO `sys_role_menu` VALUES ('7', 'PEN6WCTJJE');
INSERT INTO `sys_role_menu` VALUES ('76', 'PEN6WCTJJE');
INSERT INTO `sys_role_menu` VALUES ('77', 'PEN6WCTJJE');
INSERT INTO `sys_role_menu` VALUES ('78', 'PEN6WCTJJE');
INSERT INTO `sys_role_menu` VALUES ('79', 'PEN6WCTJJE');
INSERT INTO `sys_role_menu` VALUES ('7c5e610086', '1');
INSERT INTO `sys_role_menu` VALUES ('7c5e610086', 'PEN6WCTJJE');
INSERT INTO `sys_role_menu` VALUES ('7dfbfee854', '1');
INSERT INTO `sys_role_menu` VALUES ('7dfbfee854', 'PEN6WCTJJE');
INSERT INTO `sys_role_menu` VALUES ('8', '1');
INSERT INTO `sys_role_menu` VALUES ('8', 'PEN6WCTJJE');
INSERT INTO `sys_role_menu` VALUES ('80', 'PEN6WCTJJE');
INSERT INTO `sys_role_menu` VALUES ('9', '1');
INSERT INTO `sys_role_menu` VALUES ('9', 'PEN6WCTJJE');
INSERT INTO `sys_role_menu` VALUES ('91e8eaf6-c6b1-4f1c-995d-7c1295f18527', '1');
INSERT INTO `sys_role_menu` VALUES ('91e8eaf6-c6b1-4f1c-995d-7c1295f18527', 'PEN6WCTJJE');
INSERT INTO `sys_role_menu` VALUES ('98ef6af5b6', '1');
INSERT INTO `sys_role_menu` VALUES ('98ef6af5b6', 'PEN6WCTJJE');
INSERT INTO `sys_role_menu` VALUES ('a2e8c9e87a444be9b00238e5fdb317f8', '1');
INSERT INTO `sys_role_menu` VALUES ('a2e8c9e87a444be9b00238e5fdb317f8', 'PEN6WCTJJE');
INSERT INTO `sys_role_menu` VALUES ('ad7a8ca34e', '1');
INSERT INTO `sys_role_menu` VALUES ('adc17a5d16', 'PEN6WCTJJE');
INSERT INTO `sys_role_menu` VALUES ('c4644eba6c', '1');
INSERT INTO `sys_role_menu` VALUES ('c4644eba6c', 'PEN6WCTJJE');
INSERT INTO `sys_role_menu` VALUES ('dfc523e954', 'PEN6WCTJJE');
INSERT INTO `sys_role_menu` VALUES ('e29fdbff526d45dcaecab4489a79264b', '1');
INSERT INTO `sys_role_menu` VALUES ('e29fdbff526d45dcaecab4489a79264b', 'PEN6WCTJJE');
INSERT INTO `sys_role_menu` VALUES ('ec347ab221', 'PEN6WCTJJE');
INSERT INTO `sys_role_menu` VALUES ('ef2331fc79', 'PEN6WCTJJE');
INSERT INTO `sys_role_menu` VALUES ('f13419c5ab3848bab83e69fba5aa264b', '1');
INSERT INTO `sys_role_menu` VALUES ('f13419c5ab3848bab83e69fba5aa264b', 'PEN6WCTJJE');

-- ----------------------------
-- Table structure for sys_user_role
-- ----------------------------
DROP TABLE IF EXISTS `sys_user_role`;
CREATE TABLE `sys_user_role` (
  `user_id` varchar(10) NOT NULL,
  `role_id` varchar(64) NOT NULL,
  PRIMARY KEY (`user_id`,`role_id`)
) ENGINE=InnoDB DEFAULT CHARSET=utf8;

-- ----------------------------
-- Records of sys_user_role
-- ----------------------------
INSERT INTO `sys_user_role` VALUES ('1', '1');
INSERT INTO `sys_user_role` VALUES ('2', '1');
INSERT INTO `sys_user_role` VALUES ('5749500575', '30');
INSERT INTO `sys_user_role` VALUES ('9772282019', '30');

-- ----------------------------
-- Table structure for user_base_info
-- ----------------------------
DROP TABLE IF EXISTS `user_base_info`;
CREATE TABLE `user_base_info` (
  `user_id` varchar(10) NOT NULL COMMENT 'ID',
  `gender` int(11) DEFAULT NULL COMMENT '',
  `birthday` date DEFAULT NULL COMMENT '',
  `identity_number` varchar(10) DEFAULT NULL COMMENT '',
  PRIMARY KEY (`user_id`)
) ENGINE=InnoDB DEFAULT CHARSET=utf8 COMMENT='';

-- ----------------------------
-- Records of user_base_info
-- ----------------------------
INSERT INTO `user_base_info` VALUES ('1', '1', '2017-04-30', '1');

-- ----------------------------
-- Table structure for user_contact_info
-- ----------------------------
DROP TABLE IF EXISTS `user_contact_info`;
CREATE TABLE `user_contact_info` (
  `user_id` varchar(10) NOT NULL COMMENT 'ID',
  `area_code` varchar(10) DEFAULT NULL COMMENT '',
  `mobile` varchar(15) DEFAULT NULL COMMENT '',
  `email` varchar(50) DEFAULT NULL COMMENT '',
  `phone` varchar(20) DEFAULT NULL COMMENT '',
  `wechat_id` varchar(50) DEFAULT NULL COMMENT 'OpenID',
  `address` varchar(200) DEFAULT NULL COMMENT '',
  `zip_code` varchar(10) DEFAULT NULL COMMENT '',
  PRIMARY KEY (`user_id`)
) ENGINE=InnoDB DEFAULT CHARSET=utf8 COMMENT='';

-- ----------------------------
-- Records of user_contact_info
-- ----------------------------
INSERT INTO `user_contact_info` VALUES ('0607154600', null, '5', '5@qq.com', null, null, null, null);
INSERT INTO `user_contact_info` VALUES ('0884034869', null, '18229779123', 'lcw2004@163.com', '21', null, null, null);
INSERT INTO `user_contact_info` VALUES ('1', '1', '18229779123', 'lcw2004@163.com', '0731-00000000', '1', '1', '1');
INSERT INTO `user_contact_info` VALUES ('1286461960', null, '6', '5@qq.com', null, null, null, null);
INSERT INTO `user_contact_info` VALUES ('1292028639', null, '4', '5@qq.com', null, null, null, null);
INSERT INTO `user_contact_info` VALUES ('1389657075', null, '13908888888', '888888888@88.com', '888888888888', null, null, null);
INSERT INTO `user_contact_info` VALUES ('1568196648', null, '18229779123', 'lcw@qq.com', '1234567890', null, null, null);
INSERT INTO `user_contact_info` VALUES ('2', null, '44441441443', null, '222144144144', null, '3444144144144144144144144144144144144', null);
INSERT INTO `user_contact_info` VALUES ('4750583434', null, '18229779123', 'lcw2004@163.com', '18229779123', null, null, null);
INSERT INTO `user_contact_info` VALUES ('5024478887', null, '4', '5@qq.com', null, null, null, null);
INSERT INTO `user_contact_info` VALUES ('5483409971', null, '1', '292232611@qq.com', '', null, null, null);
INSERT INTO `user_contact_info` VALUES ('5577778120', null, '4', '5@qq.com', null, null, null, null);
INSERT INTO `user_contact_info` VALUES ('5749500575', null, '66666666677', '6666@66.com', '666666666667', null, '2222', null);
INSERT INTO `user_contact_info` VALUES ('6674408480', null, '12311', '123@qq.com', '123456111', null, null, null);
INSERT INTO `user_contact_info` VALUES ('8791146057', null, '4', '4@qq.com', null, null, null, null);
INSERT INTO `user_contact_info` VALUES ('9266848058', null, '77777777777', '7777@77.com', '777777777777', null, null, null);
INSERT INTO `user_contact_info` VALUES ('9772282019', null, '88888888888', '88@88.com', '888888888888', null, '8888888888888888', null);

-- ----------------------------
-- Table structure for user_education_info
-- ----------------------------
DROP TABLE IF EXISTS `user_education_info`;
CREATE TABLE `user_education_info` (
  `user_id` varchar(10) NOT NULL COMMENT 'ID',
  `last_education` varchar(50) DEFAULT NULL COMMENT '',
  `last_school` varchar(50) DEFAULT NULL COMMENT '',
  `study_profession` varchar(50) DEFAULT NULL COMMENT '',
  `graduation_time` date DEFAULT NULL COMMENT '',
  `work_start_time` date DEFAULT NULL COMMENT '',
  `work_profession` varchar(50) DEFAULT NULL COMMENT '',
  `work_resume` blob COMMENT '',
  `graduation_certificate` blob COMMENT '',
  `political_status` int(11) DEFAULT NULL COMMENT '',
  PRIMARY KEY (`user_id`)
) ENGINE=InnoDB DEFAULT CHARSET=utf8 COMMENT='';

-- ----------------------------
-- Records of user_education_info
-- ----------------------------

-- ----------------------------
-- Table structure for user_info
-- ----------------------------
DROP TABLE IF EXISTS `user_info`;
CREATE TABLE `user_info` (
  `user_id` varchar(10) NOT NULL COMMENT 'ID',
  `account` varchar(50) DEFAULT NULL COMMENT '',
  `name` varchar(100) DEFAULT NULL COMMENT '',
  `password` varchar(100) DEFAULT NULL COMMENT '',
  `type` int(11) DEFAULT NULL COMMENT '',
  `create_ip` varchar(15) DEFAULT NULL COMMENT 'IP',
  `create_time` timestamp NULL DEFAULT NULL COMMENT '',
  `last_login_ip` varchar(15) DEFAULT NULL COMMENT 'IP',
  `last_login_time` timestamp NULL DEFAULT NULL COMMENT '',
  `status` int(11) DEFAULT NULL COMMENT '',
  `gender` int(11) DEFAULT NULL,
  `birthday` date DEFAULT NULL,
  `identity_number` varchar(20) DEFAULT NULL,
  PRIMARY KEY (`user_id`)
) ENGINE=InnoDB DEFAULT CHARSET=utf8 COMMENT='';

-- ----------------------------
-- Records of user_info
-- ----------------------------
INSERT INTO `user_info` VALUES ('1', 'superadmin', '', '998d7349b60628a06c6445d655e8bc50632a4fdd616733750b2c083e', '1', null, '2017-04-21 22:15:02', '127.0.0.1', '2017-05-12 15:33:13', '1', null, null, null);
INSERT INTO `user_info` VALUES ('2', 'admin', '', '373a3f5bbe6d14f52741bea6861d8672e14b07f81bcd0087d77a40b0', '1', null, '2017-04-17 21:04:43', '127.0.0.1', '2017-11-02 10:17:42', '1', null, null, '111111111111111111');

-- ----------------------------
-- Table structure for user_manager
-- ----------------------------
DROP TABLE IF EXISTS `user_manager`;
CREATE TABLE `user_manager` (
  `user_id` varchar(10) NOT NULL COMMENT 'ID',
  `office_id` varchar(10) DEFAULT NULL COMMENT 'ID',
  `remark` varchar(255) DEFAULT NULL,
  `work_number` varchar(20) DEFAULT NULL,
  PRIMARY KEY (`user_id`)
) ENGINE=InnoDB DEFAULT CHARSET=utf8 COMMENT='';

-- ----------------------------
-- Records of user_manager
-- ----------------------------
INSERT INTO `user_manager` VALUES ('1', '1', '222222222222222', '11111111111111');
INSERT INTO `user_manager` VALUES ('2', '2', '', '');

-- ----------------------------
-- Table structure for user_operation_log
-- ----------------------------
DROP TABLE IF EXISTS `user_operation_log`;
CREATE TABLE `user_operation_log` (
  `user_id` varchar(10) NOT NULL COMMENT 'ID',
  `operate_time` timestamp NULL DEFAULT NULL COMMENT '',
  `result` int(11) DEFAULT NULL COMMENT '',
  `remark` varchar(200) DEFAULT NULL COMMENT '',
  `log_id` varchar(64) NOT NULL COMMENT 'ID',
  `ip` varchar(20) DEFAULT NULL COMMENT 'IP',
  `operate_code` varchar(10) NOT NULL COMMENT '',
  PRIMARY KEY (`log_id`)
) ENGINE=InnoDB DEFAULT CHARSET=utf8 COMMENT='';

-- ----------------------------
-- Records of user_operation_log
-- ----------------------------
