INSERT INTO `sys_menu`(`id`, `parent_id`, `parent_ids`, `name`, `href`, `icon`, `sort`, `is_show`, `permission`, `del_flag`, `remarks`, `type`) VALUES ('1', '0', '0,', '顶级菜单', '', '', 0, 1, '', 0, '', 1);
INSERT INTO `sys_menu`(`id`, `parent_id`, `parent_ids`, `name`, `href`, `icon`, `sort`, `is_show`, `permission`, `del_flag`, `remarks`, `type`) VALUES ('2', '1', '0,1,', '系统设置', '', 'fa fa-gear', 2, 1, '', 0, '', 1);
INSERT INTO `sys_menu`(`id`, `parent_id`, `parent_ids`, `name`, `href`, `icon`, `sort`, `is_show`, `permission`, `del_flag`, `remarks`, `type`) VALUES ('27', '1', '0,1,', '我的面板', '', '', 1, 1, '', 0, '', 1);
INSERT INTO `sys_menu`(`id`, `parent_id`, `parent_ids`, `name`, `href`, `icon`, `sort`, `is_show`, `permission`, `del_flag`, `remarks`, `type`) VALUES ('3', '2', '0,1,2,', '系统设置', '', 'fa fa-cog', 1, 1, '', 0, '', 1);
INSERT INTO `sys_menu`(`id`, `parent_id`, `parent_ids`, `name`, `href`, `icon`, `sort`, `is_show`, `permission`, `del_flag`, `remarks`, `type`) VALUES ('13', '2', '0,1,2,', '机构用户', '', 'fa fa-user', 3, 1, '', 0, '', 1);
INSERT INTO `sys_menu`(`id`, `parent_id`, `parent_ids`, `name`, `href`, `icon`, `sort`, `is_show`, `permission`, `del_flag`, `remarks`, `type`) VALUES ('67', '2', '0,1,2,', '系统监控', '', 'fa fa-newspaper-o', 5, 1, '', 0, '', 1);
INSERT INTO `sys_menu`(`id`, `parent_id`, `parent_ids`, `name`, `href`, `icon`, `sort`, `is_show`, `permission`, `del_flag`, `remarks`, `type`) VALUES ('14', '13', '0,1,2,13,', '区域管理', '/system/area/', 'fa fa-globe', 3, 1, '', 0, '', 1);
INSERT INTO `sys_menu`(`id`, `parent_id`, `parent_ids`, `name`, `href`, `icon`, `sort`, `is_show`, `permission`, `del_flag`, `remarks`, `type`) VALUES ('17', '13', '0,1,2,13,', '机构管理', '/system/office/', 'fa fa-users', 2, 1, '', 0, '', 1);
INSERT INTO `sys_menu`(`id`, `parent_id`, `parent_ids`, `name`, `href`, `icon`, `sort`, `is_show`, `permission`, `del_flag`, `remarks`, `type`) VALUES ('20', '13', '0,1,2,13,', '用户管理', '/system/user/', 'fa fa-user', 1, 1, '', 0, '', 1);
INSERT INTO `sys_menu`(`id`, `parent_id`, `parent_ids`, `name`, `href`, `icon`, `sort`, `is_show`, `permission`, `del_flag`, `remarks`, `type`) VALUES ('15', '14', '0,1,2,13,14,', '查看', '', '', 30, 0, 'sys:area:view', 0, '', 1);
INSERT INTO `sys_menu`(`id`, `parent_id`, `parent_ids`, `name`, `href`, `icon`, `sort`, `is_show`, `permission`, `del_flag`, `remarks`, `type`) VALUES ('16', '14', '0,1,2,13,14,', '修改', '', '', 30, 0, 'sys:area:edit', 0, '', 1);
INSERT INTO `sys_menu`(`id`, `parent_id`, `parent_ids`, `name`, `href`, `icon`, `sort`, `is_show`, `permission`, `del_flag`, `remarks`, `type`) VALUES ('e29fdbff526d45dcaecab4489a79264b', '14', '0,1,2,13,14,', '删除', '', '', 3, 0, 'sys:area:delete', 0, '', 1);
INSERT INTO `sys_menu`(`id`, `parent_id`, `parent_ids`, `name`, `href`, `icon`, `sort`, `is_show`, `permission`, `del_flag`, `remarks`, `type`) VALUES ('18', '17', '0,1,2,13,17,', '查看', '', '', 30, 0, 'sys:office:view', 0, '', 1);
INSERT INTO `sys_menu`(`id`, `parent_id`, `parent_ids`, `name`, `href`, `icon`, `sort`, `is_show`, `permission`, `del_flag`, `remarks`, `type`) VALUES ('19', '17', '0,1,2,13,17,', '修改', '', '', 30, 0, 'sys:office:edit', 0, '', 1);
INSERT INTO `sys_menu`(`id`, `parent_id`, `parent_ids`, `name`, `href`, `icon`, `sort`, `is_show`, `permission`, `del_flag`, `remarks`, `type`) VALUES ('a2e8c9e87a444be9b00238e5fdb317f8', '17', '0,1,2,13,17,', '删除', '', '', 30, 0, 'sys:office:delete', 0, '', 1);
INSERT INTO `sys_menu`(`id`, `parent_id`, `parent_ids`, `name`, `href`, `icon`, `sort`, `is_show`, `permission`, `del_flag`, `remarks`, `type`) VALUES ('21', '20', '0,1,2,13,20,', '查看', '', '', 30, 0, 'sys:user:view', 0, '', 1);
INSERT INTO `sys_menu`(`id`, `parent_id`, `parent_ids`, `name`, `href`, `icon`, `sort`, `is_show`, `permission`, `del_flag`, `remarks`, `type`) VALUES ('22', '20', '0,1,2,13,20,', '修改', '', '', 30, 0, 'sys:user:edit', 0, '', 1);
INSERT INTO `sys_menu`(`id`, `parent_id`, `parent_ids`, `name`, `href`, `icon`, `sort`, `is_show`, `permission`, `del_flag`, `remarks`, `type`) VALUES ('f13419c5ab3848bab83e69fba5aa264b', '20', '0,1,2,13,20,', '删除', '', '', 30, 1, 'sys:user:delete', 0, '', 1);
INSERT INTO `sys_menu`(`id`, `parent_id`, `parent_ids`, `name`, `href`, `icon`, `sort`, `is_show`, `permission`, `del_flag`, `remarks`, `type`) VALUES ('4', '3', '0,1,2,3,', '菜单管理', '/system/menu', 'fa fa-reorder', 3, 1, '', 0, '', 1);
INSERT INTO `sys_menu`(`id`, `parent_id`, `parent_ids`, `name`, `href`, `icon`, `sort`, `is_show`, `permission`, `del_flag`, `remarks`, `type`) VALUES ('7', '3', '0,1,2,3,', '角色管理', '/system/role', 'fa fa-child', 2, 1, '', 0, '', 1);
INSERT INTO `sys_menu`(`id`, `parent_id`, `parent_ids`, `name`, `href`, `icon`, `sort`, `is_show`, `permission`, `del_flag`, `remarks`, `type`) VALUES ('10', '3', '0,1,2,3,', '字典管理', '/system/dict', 'fa fa-book', 1, 1, '', 0, '', 1);
INSERT INTO `sys_menu`(`id`, `parent_id`, `parent_ids`, `name`, `href`, `icon`, `sort`, `is_show`, `permission`, `del_flag`, `remarks`, `type`) VALUES ('09605edad5', '3', '0,1,2,3,', '消息设置', '/msg/template', 'fa fa-envelope-o', 1, 1, '', 0, '', 1);
INSERT INTO `sys_menu`(`id`, `parent_id`, `parent_ids`, `name`, `href`, `icon`, `sort`, `is_show`, `permission`, `del_flag`, `remarks`, `type`) VALUES ('b988912506', '3', '0,1,2,3,', '代码生成', '/system/codeGenerate', '', 5, 1, '', 0, '', 1);
INSERT INTO `sys_menu`(`id`, `parent_id`, `parent_ids`, `name`, `href`, `icon`, `sort`, `is_show`, `permission`, `del_flag`, `remarks`, `type`) VALUES ('c0f0191ee1', '3', '0,1,2,3,', '模板管理', '/system/template', 'fa fa-object-ungroup', 4, 1, '', 0, '', 1);
INSERT INTO `sys_menu`(`id`, `parent_id`, `parent_ids`, `name`, `href`, `icon`, `sort`, `is_show`, `permission`, `del_flag`, `remarks`, `type`) VALUES ('c1461a8d9e', '3', '0,1,2,3,', '参数设置', '/system/config', 'fa fa-cog', 5, 1, '', 0, '', 1);
INSERT INTO `sys_menu`(`id`, `parent_id`, `parent_ids`, `name`, `href`, `icon`, `sort`, `is_show`, `permission`, `del_flag`, `remarks`, `type`) VALUES ('fa2df5e97d', '3', '0,1,2,3,', '工作流配置', '/system/workflow', 'fa fa-list-alt', 8, 1, '', 0, '', 1);
INSERT INTO `sys_menu`(`id`, `parent_id`, `parent_ids`, `name`, `href`, `icon`, `sort`, `is_show`, `permission`, `del_flag`, `remarks`, `type`) VALUES ('11', '10', '0,1,2,3,10,', '查看', '', '', 30, 0, 'sys:dict:view', 0, '', 1);
INSERT INTO `sys_menu`(`id`, `parent_id`, `parent_ids`, `name`, `href`, `icon`, `sort`, `is_show`, `permission`, `del_flag`, `remarks`, `type`) VALUES ('12', '10', '0,1,2,3,10,', '修改', '', '', 30, 0, 'sys:dict:edit', 0, '', 1);
INSERT INTO `sys_menu`(`id`, `parent_id`, `parent_ids`, `name`, `href`, `icon`, `sort`, `is_show`, `permission`, `del_flag`, `remarks`, `type`) VALUES ('5', '4', '0,1,2,3,4,', '查看', '', '', 30, 0, 'sys:menu:view', 0, '', 1);
INSERT INTO `sys_menu`(`id`, `parent_id`, `parent_ids`, `name`, `href`, `icon`, `sort`, `is_show`, `permission`, `del_flag`, `remarks`, `type`) VALUES ('6', '4', '0,1,2,3,4,', '修改', '', '', 30, 0, 'sys:menu:edit', 0, '', 1);
INSERT INTO `sys_menu`(`id`, `parent_id`, `parent_ids`, `name`, `href`, `icon`, `sort`, `is_show`, `permission`, `del_flag`, `remarks`, `type`) VALUES ('8', '7', '0,1,2,3,7,', '查看', '', '', 30, 0, 'sys:role:view', 0, '', 1);
INSERT INTO `sys_menu`(`id`, `parent_id`, `parent_ids`, `name`, `href`, `icon`, `sort`, `is_show`, `permission`, `del_flag`, `remarks`, `type`) VALUES ('9', '7', '0,1,2,3,7,', '修改', '', '', 30, 0, 'sys:role:edit', 0, '', 1);
INSERT INTO `sys_menu`(`id`, `parent_id`, `parent_ids`, `name`, `href`, `icon`, `sort`, `is_show`, `permission`, `del_flag`, `remarks`, `type`) VALUES ('68', '67', '0,1,2,67,', '访问日志', '/system/log', 'fa fa-newspaper-o', 30, 1, 'sys:log:view', 0, '', 1);
INSERT INTO `sys_menu`(`id`, `parent_id`, `parent_ids`, `name`, `href`, `icon`, `sort`, `is_show`, `permission`, `del_flag`, `remarks`, `type`) VALUES ('28', '27', '0,1,27,', '基本信息', '', '', 1, 1, '', 0, '', 1);
INSERT INTO `sys_menu`(`id`, `parent_id`, `parent_ids`, `name`, `href`, `icon`, `sort`, `is_show`, `permission`, `del_flag`, `remarks`, `type`) VALUES ('29', '28', '0,1,27,28,', '个人信息', '/personal/user-info', 'fa fa-user', 2, 1, '', 0, '', 1);
INSERT INTO `sys_menu`(`id`, `parent_id`, `parent_ids`, `name`, `href`, `icon`, `sort`, `is_show`, `permission`, `del_flag`, `remarks`, `type`) VALUES ('30', '28', '0,1,27,28,', '修改密码', '/personal/password', 'fa fa-asterisk', 3, 1, '', 0, '', 1);
INSERT INTO `sys_menu`(`id`, `parent_id`, `parent_ids`, `name`, `href`, `icon`, `sort`, `is_show`, `permission`, `del_flag`, `remarks`, `type`) VALUES ('664aabf317', '28', '0,1,27,28,', '单位基本信息', '/personal/office-info', 'fa fa-university', 1, 1, '', 0, '', 1);

INSERT INTO `sys_role`(`id`, `name`, `data_scope`, `remarks`, `del_flag`, `is_default`, `order_index`) VALUES ('1', '超级管理员', 1, '超级管理员', 0, 1, 1);
INSERT INTO `sys_role`(`id`, `name`, `data_scope`, `remarks`, `del_flag`, `is_default`, `order_index`) VALUES ('2', '管理员', 1, '除超级管理员之外其他所有权限', 0, 0, 2);

INSERT INTO `sys_role_menu`(`menu_id`, `role_id`) VALUES ('09605edad5', '1');
INSERT INTO `sys_role_menu`(`menu_id`, `role_id`) VALUES ('1', '1');
INSERT INTO `sys_role_menu`(`menu_id`, `role_id`) VALUES ('10', '1');
INSERT INTO `sys_role_menu`(`menu_id`, `role_id`) VALUES ('11', '1');
INSERT INTO `sys_role_menu`(`menu_id`, `role_id`) VALUES ('12', '1');
INSERT INTO `sys_role_menu`(`menu_id`, `role_id`) VALUES ('13', '1');
INSERT INTO `sys_role_menu`(`menu_id`, `role_id`) VALUES ('14', '1');
INSERT INTO `sys_role_menu`(`menu_id`, `role_id`) VALUES ('15', '1');
INSERT INTO `sys_role_menu`(`menu_id`, `role_id`) VALUES ('16', '1');
INSERT INTO `sys_role_menu`(`menu_id`, `role_id`) VALUES ('17', '1');
INSERT INTO `sys_role_menu`(`menu_id`, `role_id`) VALUES ('18', '1');
INSERT INTO `sys_role_menu`(`menu_id`, `role_id`) VALUES ('19', '1');
INSERT INTO `sys_role_menu`(`menu_id`, `role_id`) VALUES ('2', '1');
INSERT INTO `sys_role_menu`(`menu_id`, `role_id`) VALUES ('20', '1');
INSERT INTO `sys_role_menu`(`menu_id`, `role_id`) VALUES ('21', '1');
INSERT INTO `sys_role_menu`(`menu_id`, `role_id`) VALUES ('22', '1');
INSERT INTO `sys_role_menu`(`menu_id`, `role_id`) VALUES ('27', '1');
INSERT INTO `sys_role_menu`(`menu_id`, `role_id`) VALUES ('28', '1');
INSERT INTO `sys_role_menu`(`menu_id`, `role_id`) VALUES ('29', '1');
INSERT INTO `sys_role_menu`(`menu_id`, `role_id`) VALUES ('3', '1');
INSERT INTO `sys_role_menu`(`menu_id`, `role_id`) VALUES ('30', '1');
INSERT INTO `sys_role_menu`(`menu_id`, `role_id`) VALUES ('4', '1');
INSERT INTO `sys_role_menu`(`menu_id`, `role_id`) VALUES ('5', '1');
INSERT INTO `sys_role_menu`(`menu_id`, `role_id`) VALUES ('6', '1');
INSERT INTO `sys_role_menu`(`menu_id`, `role_id`) VALUES ('664aabf317', '1');
INSERT INTO `sys_role_menu`(`menu_id`, `role_id`) VALUES ('67', '1');
INSERT INTO `sys_role_menu`(`menu_id`, `role_id`) VALUES ('68', '1');
INSERT INTO `sys_role_menu`(`menu_id`, `role_id`) VALUES ('7', '1');
INSERT INTO `sys_role_menu`(`menu_id`, `role_id`) VALUES ('8', '1');
INSERT INTO `sys_role_menu`(`menu_id`, `role_id`) VALUES ('9', '1');
INSERT INTO `sys_role_menu`(`menu_id`, `role_id`) VALUES ('a2e8c9e87a444be9b00238e5fdb317f8', '1');
INSERT INTO `sys_role_menu`(`menu_id`, `role_id`) VALUES ('b988912506', '1');
INSERT INTO `sys_role_menu`(`menu_id`, `role_id`) VALUES ('c0f0191ee1', '1');
INSERT INTO `sys_role_menu`(`menu_id`, `role_id`) VALUES ('c1461a8d9e', '1');
INSERT INTO `sys_role_menu`(`menu_id`, `role_id`) VALUES ('e29fdbff526d45dcaecab4489a79264b', '1');
INSERT INTO `sys_role_menu`(`menu_id`, `role_id`) VALUES ('f13419c5ab3848bab83e69fba5aa264b', '1');
INSERT INTO `sys_role_menu`(`menu_id`, `role_id`) VALUES ('fa2df5e97d', '1');
INSERT INTO `sys_role_menu`(`menu_id`, `role_id`) VALUES ('09605edad5', '2');
INSERT INTO `sys_role_menu`(`menu_id`, `role_id`) VALUES ('1', '2');
INSERT INTO `sys_role_menu`(`menu_id`, `role_id`) VALUES ('10', '2');
INSERT INTO `sys_role_menu`(`menu_id`, `role_id`) VALUES ('11', '2');
INSERT INTO `sys_role_menu`(`menu_id`, `role_id`) VALUES ('12', '2');
INSERT INTO `sys_role_menu`(`menu_id`, `role_id`) VALUES ('13', '2');
INSERT INTO `sys_role_menu`(`menu_id`, `role_id`) VALUES ('14', '2');
INSERT INTO `sys_role_menu`(`menu_id`, `role_id`) VALUES ('15', '2');
INSERT INTO `sys_role_menu`(`menu_id`, `role_id`) VALUES ('16', '2');
INSERT INTO `sys_role_menu`(`menu_id`, `role_id`) VALUES ('17', '2');
INSERT INTO `sys_role_menu`(`menu_id`, `role_id`) VALUES ('18', '2');
INSERT INTO `sys_role_menu`(`menu_id`, `role_id`) VALUES ('19', '2');
INSERT INTO `sys_role_menu`(`menu_id`, `role_id`) VALUES ('2', '2');
INSERT INTO `sys_role_menu`(`menu_id`, `role_id`) VALUES ('20', '2');
INSERT INTO `sys_role_menu`(`menu_id`, `role_id`) VALUES ('21', '2');
INSERT INTO `sys_role_menu`(`menu_id`, `role_id`) VALUES ('22', '2');
INSERT INTO `sys_role_menu`(`menu_id`, `role_id`) VALUES ('27', '2');
INSERT INTO `sys_role_menu`(`menu_id`, `role_id`) VALUES ('28', '2');
INSERT INTO `sys_role_menu`(`menu_id`, `role_id`) VALUES ('29', '2');
INSERT INTO `sys_role_menu`(`menu_id`, `role_id`) VALUES ('2a41260e4a', '2');
INSERT INTO `sys_role_menu`(`menu_id`, `role_id`) VALUES ('2c899fcd79', '2');
INSERT INTO `sys_role_menu`(`menu_id`, `role_id`) VALUES ('3', '2');
INSERT INTO `sys_role_menu`(`menu_id`, `role_id`) VALUES ('30', '2');
INSERT INTO `sys_role_menu`(`menu_id`, `role_id`) VALUES ('4', '2');
INSERT INTO `sys_role_menu`(`menu_id`, `role_id`) VALUES ('5', '2');
INSERT INTO `sys_role_menu`(`menu_id`, `role_id`) VALUES ('6', '2');
INSERT INTO `sys_role_menu`(`menu_id`, `role_id`) VALUES ('67', '2');
INSERT INTO `sys_role_menu`(`menu_id`, `role_id`) VALUES ('68', '2');
INSERT INTO `sys_role_menu`(`menu_id`, `role_id`) VALUES ('68fc127343', '2');
INSERT INTO `sys_role_menu`(`menu_id`, `role_id`) VALUES ('6a06cc8656', '2');
INSERT INTO `sys_role_menu`(`menu_id`, `role_id`) VALUES ('6cff3118a9', '2');
INSERT INTO `sys_role_menu`(`menu_id`, `role_id`) VALUES ('7', '2');
INSERT INTO `sys_role_menu`(`menu_id`, `role_id`) VALUES ('7c5e610086', '2');
INSERT INTO `sys_role_menu`(`menu_id`, `role_id`) VALUES ('8', '2');
INSERT INTO `sys_role_menu`(`menu_id`, `role_id`) VALUES ('9', '2');
INSERT INTO `sys_role_menu`(`menu_id`, `role_id`) VALUES ('98ef6af5b6', '2');
INSERT INTO `sys_role_menu`(`menu_id`, `role_id`) VALUES ('9e30cb4b91', '2');
INSERT INTO `sys_role_menu`(`menu_id`, `role_id`) VALUES ('a2e8c9e87a444be9b00238e5fdb317f8', '2');
INSERT INTO `sys_role_menu`(`menu_id`, `role_id`) VALUES ('b988912506', '2');
INSERT INTO `sys_role_menu`(`menu_id`, `role_id`) VALUES ('c0f0191ee1', '2');
INSERT INTO `sys_role_menu`(`menu_id`, `role_id`) VALUES ('c1461a8d9e', '2');
INSERT INTO `sys_role_menu`(`menu_id`, `role_id`) VALUES ('e29fdbff526d45dcaecab4489a79264b', '2');
INSERT INTO `sys_role_menu`(`menu_id`, `role_id`) VALUES ('f13419c5ab3848bab83e69fba5aa264b', '2');
INSERT INTO `sys_role_menu`(`menu_id`, `role_id`) VALUES ('fa2df5e97d', '2');

INSERT INTO `sys_home_component`(`component_id`, `component_title`, `component_name`, `component_link`, `component_type`, `menu_id`, `config`) VALUES ('1', '消息列表', NULL, '', 2, NULL, NULL);
INSERT INTO `sys_home_component`(`component_id`, `component_title`, `component_name`, `component_link`, `component_type`, `menu_id`, `config`) VALUES ('100', '我的审核', 'TaskStatistic', '/task/todo', 1, NULL, '{\"bg\":\"bg-red\",\"icon\":\"ion-ios-list\"}');
INSERT INTO `sys_role_component`(`role_id`, `component_id`) VALUES ('1', '100');
INSERT INTO `sys_role_component`(`role_id`, `component_id`) VALUES ('2', '100');
